<?xml version="1.0" encoding="UTF-8"?>
<fase2.1:UdlejningFritidEjendomAngivelseFilOpret_I xmlns:fase2.1="http://skat.dk/begrebsmodel/2009/01/15/" xmlns:ctxt="http://skat.dk/begrebsmodel/xml/schemas/kontekst/2007/05/31/" xmlns:xsi="http://www.w3.org/2001/XMLSchema-instance">
  <fase2.1:Kontekst xmlns:fase2.1="http://skat.dk/begrebsmodel/2009/01/15/">
    <ctxt:HovedOplysninger xmlns:ctxt="http://skat.dk/begrebsmodel/xml/schemas/kontekst/2007/05/31/">
      <ctxt:TransaktionsID>a</ctxt:TransaktionsID>
      <ctxt:TransaktionsTid>2001-12-17T09:30:47Z</ctxt:TransaktionsTid>
    </ctxt:HovedOplysninger>
  </fase2.1:Kontekst>
  <fase2.1:IndholdValg>
    <fase2.1:MeddelelseIndhold>
      <base64>H4sIAAAAAAAAAJ2Tz07CQBDGz5j4Doa7nd3yx0hqEzEejKiJRuK1pWMp7e6SzmDxAXwVn8E7L8ZW KiJQDu5tZ7/5fTOzu14YEHbbJ3OVaeq92o3ryIvmmHnaA6A0YCdKIcQ4x5CUiTADV4hzEBJkB5pV 3ojnfDjJ6oBGY1QBQWo0Y0pcks5AdKAl16Q5JWtQURRO0XJMHpdKCS93g6dvxGmiiQM9wqbvVSX3 LnWcvGFG+N9W/OOjRqOxxctX0d/wMMlTMmqM0dXw8X6mlJXIanlwSLXCw17+Gn89QR0Z9RxlONGJ jm90lBpFvPjIfVdsWhxS7mU+TLN3KpW7Td0apWYaq0KFFBs+f8+2Eiv0zxzcVrvT3Slxf/91VdWO op/PmM0AJ2hb5cVnzH3MFl+htRVC1A+mNq+0274P+35s3IPVr/CX5JqAdR4DAAA=</base64>
    </fase2.1:MeddelelseIndhold>
  </fase2.1:IndholdValg>
</fase2.1:UdlejningFritidEjendomAngivelseFilOpret_I>