<fase2.1:UdlejningFritidEjendomAngivelseFilOpret_I xmlns:fase2.1="http://skat.dk/begrebsmodel/2009/01/15/" xmlns:ctxt="http://skat.dk/begrebsmodel/xml/schemas/kontekst/2007/05/31/" xmlns:xsi="http://www.w3.org/2001/XMLSchema-instance"><fase2.1:Kontekst><ctxt:HovedOplysninger><ctxt:TransaktionIdentifikator>6dd82018-99fa-44a8-bb09-465b4ac22546</ctxt:TransaktionIdentifikator><ctxt:TransaktionTid>2011-11-28T13:41:34.543Z</ctxt:TransaktionTid></ctxt:HovedOplysninger></fase2.1:Kontekst><fase2.1:IndholdValg><fase2.1:MeddelelseIndhold><base64>H4sIAAAAAAAAAO2UTU7DMBCFr4K6J2OndUKrUokiFog/CUTFNmmGNE1sV5kpKQfgKpyBfS9GClED
Kc0KsWLpmTef5/lJHoYBodc7WOnM0OCxPLiOPO7MmBcDAEoDdqIUQoxzDEnbCDNwheiDkCAVdKq5
Ka+4fajUAU1nqAOC1BrGlHhD8kEo6MotaUXJFlQUhVN0HZvHG6WEh6vLuw/EYWKIAzPFzmhYrTw4
MXHyhBlhs5TXhUmSp2T1DKPTye31Uuuy6aojXyrhDqFNVXd3oGdzNJHV91GGc5OY+NxEqdXE65cS
LqSsR9uUTdzNInumjejrVRdW66XBaifld2v291aTVpWlKM2qnYV2PLbt0DQxzpfM9hLnWNrh9WvM
Y8zWb+FIKU/6+83vnWs+9Q+R/qfcnnLP6/9Zyj1P9H8rZfj8jEbvwIUax5UEAAA=</base64></fase2.1:MeddelelseIndhold></fase2.1:IndholdValg></fase2.1:UdlejningFritidEjendomAngivelseFilOpret_I>