<?xml version="1.0" encoding="UTF-8"?>
<!--Sample XML file generated by XMLSpy v2007 (http://www.altova.com)-->
<fase2.1:ManagerspilSlutStruktur xsi:schemaLocation="http://skat.dk/begrebsmodel/2009/01/15/ ManagerspilSlutStrukturType.xsd" xmlns:fase2.1="http://skat.dk/begrebsmodel/2009/01/15/" xmlns:xsi="http://www.w3.org/2001/XMLSchema-instance">
	<fase2.1:ManagerspilSlutStruktur>
		<fase2.1:FilInformation>
			<fase2.1:SpilFilIdentifikation/>
			<fase2.1:SpilFilErstatningIdentifikation/>
		</fase2.1:FilInformation>
		<fase2.1:TilladelsesindehaverOgSpil>
			<fase2.1:TilladelsesindehaverNavn>aaaaaaaaaaaaaaaaaaaaaaaaaaaaaaaaaaaaaaaaaaaaa</fase2.1:TilladelsesindehaverNavn>
			<fase2.1:SpilCertifikatIdentifikation>aaaaaaaaaaaaaaaaaaaaaaaaaaaaaaaaaaaaaaaaaaaaa</fase2.1:SpilCertifikatIdentifikation>
			<fase2.1:SpilCertifikatTilladelsestype>aaaaaaaaaaaaaaaaaaaaaaaaaaaaaaaaaaaaaaaaaaaaa</fase2.1:SpilCertifikatTilladelsestype>
			<fase2.1:SpilKategoriNavn>aaaaaaaaaaaaaaaaaaaaaaaaaaaaaaaaaaaaaaaaaaaaa</fase2.1:SpilKategoriNavn>
			<fase2.1:SpilTypeNavn>aaaaaaaaaaaaaaaaaaaaaaaaaaaaaaaaaaaaaaaaaaaaa</fase2.1:SpilTypeNavn>
			<fase2.1:SpilTypeIdentifikation/>
		</fase2.1:TilladelsesindehaverOgSpil>
		<fase2.1:ManagerspilSlutInfo>
			<fase2.1:SpilTypeFaktiskSlutDatoTid>2001-12-17T09:30:47.0Z</fase2.1:SpilTypeFaktiskSlutDatoTid>
			<fase2.1:ManagerspilSpillereTillIndh>123456789123</fase2.1:ManagerspilSpillereTillIndh>
			<fase2.1:ManagerspilSpillereTotal>123456789123</fase2.1:ManagerspilSpillereTotal>
			<fase2.1:ManagerspilTilmeldingBeløbTillIndh>12345678912.12</fase2.1:ManagerspilTilmeldingBeløbTillIndh>
			<fase2.1:ManagerspilTilmeldingBeløbTotal>12345678912.12</fase2.1:ManagerspilTilmeldingBeløbTotal>
			<fase2.1:ManagerspilTilmeldingFeeTillIndh>12345678912.12</fase2.1:ManagerspilTilmeldingFeeTillIndh>
			<fase2.1:ManagerspilTilmeldingFeeTotal>12345678912.12</fase2.1:ManagerspilTilmeldingFeeTotal>
			<fase2.1:ManagerspilTilkøbPuljeBeløbTillIndh>12345678912.12</fase2.1:ManagerspilTilkøbPuljeBeløbTillIndh>
			<fase2.1:ManagerspilTilkøbPuljeBeløbTotal>12345678912.12</fase2.1:ManagerspilTilkøbPuljeBeløbTotal>
			<fase2.1:ManagerspilTilkøbPuljeFeeTillIndh>12345678912.12</fase2.1:ManagerspilTilkøbPuljeFeeTillIndh>
			<fase2.1:ManagerspilTilkøbPuljeFeeTotal>12345678912.12</fase2.1:ManagerspilTilkøbPuljeFeeTotal>
			<fase2.1:ManagerspilTilføjetPrizepool>12345678912.12</fase2.1:ManagerspilTilføjetPrizepool>
			<fase2.1:ManagerspilGevinstTotal>12345678912.12</fase2.1:ManagerspilGevinstTotal>
			<fase2.1:ManagerspilTilbagebetalingProcent>123456</fase2.1:ManagerspilTilbagebetalingProcent>
			<fase2.1:ValutaOplysningKode>AA</fase2.1:ValutaOplysningKode>
		</fase2.1:ManagerspilSlutInfo>
	</fase2.1:ManagerspilSlutStruktur>
</fase2.1:ManagerspilSlutStruktur>
