<?xml version="1.0" encoding="UTF-8"?>
<!--Sample XML file generated by XMLSpy v2007 (http://www.altova.com)-->
<fase2.1:PuljespilEndOfGameStruktur xsi:schemaLocation="http://skat.dk/begrebsmodel/2009/01/15/ PuljespilEndOfGameStrukturType.xsd" xmlns:fase2.1="http://skat.dk/begrebsmodel/2009/01/15/" xmlns:xsi="http://www.w3.org/2001/XMLSchema-instance">
	<fase2.1:PuljespilEndOfGameStruktur>
		<fase2.1:FilInformation>
			<fase2.1:SpilFilIdentifikation/>
			<fase2.1:SpilFilErstatningIdentifikation/>
		</fase2.1:FilInformation>
		<fase2.1:TilladelsesindehaverOgSpil>
			<fase2.1:TilladelsesindehaverNavn>aaaaaaaaaaaaaaaaaaaaaaaaaaaaaaaaaaaaaaaaaaaaa</fase2.1:TilladelsesindehaverNavn>
			<fase2.1:SpilCertifikatIdentifikation>aaaaaaaaaaaaaaaaaaaaaaaaaaaaaaaaaaaaaaaaaaaaa</fase2.1:SpilCertifikatIdentifikation>
			<fase2.1:SpilCertifikatTilladelsestype>aaaaaaaaaaaaaaaaaaaaaaaaaaaaaaaaaaaaaaaaaaaaa</fase2.1:SpilCertifikatTilladelsestype>
			<fase2.1:SpilKategoriNavn>aaaaaaaaaaaaaaaaaaaaaaaaaaaaaaaaaaaaaaaaaaaaa</fase2.1:SpilKategoriNavn>
			<fase2.1:SpilTypeNavn>aaaaaaaaaaaaaaaaaaaaaaaaaaaaaaaaaaaaaaaaaaaaa</fase2.1:SpilTypeNavn>
			<fase2.1:SpilTypeIdentifikation/>
		</fase2.1:TilladelsesindehaverOgSpil>
		<fase2.1:Pulje>
			<fase2.1:PuljespilEndOfGameDatoTid>2001-12-17T09:30:47.0Z</fase2.1:PuljespilEndOfGameDatoTid>
			<fase2.1:PuljespilIndskudSpilTillIndh>12345678912.12</fase2.1:PuljespilIndskudSpilTillIndh>
			<fase2.1:PuljespilIndskudSpilTotal>12345678912.12</fase2.1:PuljespilIndskudSpilTotal>
			<fase2.1:PuljespilIndskudJackpotTillIndh>12345678912.12</fase2.1:PuljespilIndskudJackpotTillIndh>
			<fase2.1:PuljespilIndskudJackpotTotal>12345678912.12</fase2.1:PuljespilIndskudJackpotTotal>
			<fase2.1:PuljespilAntalRækkerTillIndh>0</fase2.1:PuljespilAntalRækkerTillIndh>
			<fase2.1:PuljespilAntalRækkerTotal>0</fase2.1:PuljespilAntalRækkerTotal>
			<fase2.1:PuljespilGevinstPuljeBeløb>12345678912.12</fase2.1:PuljespilGevinstPuljeBeløb>
			<fase2.1:ValutaOplysningKode>AA</fase2.1:ValutaOplysningKode>
		</fase2.1:Pulje>
	</fase2.1:PuljespilEndOfGameStruktur>
</fase2.1:PuljespilEndOfGameStruktur>
