{
  "targetNamespace" : "http://skat.dk/begrebsmodel/2022/01/01/",
  "elementFormDefault" : "qualified",
  "attributeFormDefault" : "unqualified",
  "version" : "1.0",
  "annotation" : {
    "documentation" : [ "", "r23884" ]
  },
  "include" : [ {
    "schemaLocation" : "../class/Adresse.json"
  }, {
    "schemaLocation" : "../operational/AdresseTypeKode.json"
  }, {
    "schemaLocation" : "../operational/AdresseTypeTekst.json"
  }, {
    "schemaLocation" : "../operational/AdresseTypeGyldigFra.json"
  }, {
    "schemaLocation" : "../operational/AdresseTypeGyldigTil.json"
  }, {
    "schemaLocation" : "../operational/LandKode.json"
  }, {
    "schemaLocation" : "../operational/LandNavn.json"
  } ],
  "element" : {
    "name" : "AdresseStruktur",
    "type" : "skat2022:AdresseStrukturType"
  },
  "complexType" : {
    "name" : "AdresseStrukturType",
    "sequence" : {
      "element" : {
        "name" : "Adresse",
        "complexType" : {
          "sequence" : {
            "element" : [ {
              "ref" : "skat2022:AdresseFortløbendeNummer",
              "minOccurs" : "0"
            }, {
              "ref" : "skat2022:AdresseAnvendelseKode",
              "minOccurs" : "0"
            }, {
              "ref" : "skat2022:AdresseVejNavn",
              "minOccurs" : "0"
            }, {
              "ref" : "skat2022:AdresseVejKode",
              "minOccurs" : "0"
            }, {
              "ref" : "skat2022:AdresseFraHusNummer",
              "minOccurs" : "0"
            }, {
              "ref" : "skat2022:AdresseTilHusNummer",
              "minOccurs" : "0"
            }, {
              "ref" : "skat2022:AdresseFraHusBogstav",
              "minOccurs" : "0"
            }, {
              "ref" : "skat2022:AdresseTilHusBogstav",
              "minOccurs" : "0"
            }, {
              "ref" : "skat2022:AdresseLigeUlige",
              "minOccurs" : "0"
            }, {
              "ref" : "skat2022:AdresseEtageTekst",
              "minOccurs" : "0"
            }, {
              "ref" : "skat2022:AdresseSideDørTekst",
              "minOccurs" : "0"
            }, {
              "ref" : "skat2022:AdresseCONavn",
              "minOccurs" : "0"
            }, {
              "ref" : "skat2022:AdressePostNummer",
              "minOccurs" : "0"
            }, {
              "ref" : "skat2022:AdressePostDistrikt",
              "minOccurs" : "0"
            }, {
              "ref" : "skat2022:AdresseByNavn",
              "minOccurs" : "0"
            }, {
              "ref" : "skat2022:AdressePostBox",
              "minOccurs" : "0"
            }, {
              "ref" : "skat2022:AdresseGyldigFra",
              "minOccurs" : "0"
            }, {
              "ref" : "skat2022:AdresseGyldigTil",
              "minOccurs" : "0"
            }, {
              "ref" : "skat2022:AdresseTypeKode",
              "minOccurs" : "0"
            }, {
              "ref" : "skat2022:AdresseTypeTekst",
              "minOccurs" : "0"
            }, {
              "ref" : "skat2022:AdresseTypeGyldigFra",
              "minOccurs" : "0"
            }, {
              "ref" : "skat2022:AdresseTypeGyldigTil",
              "minOccurs" : "0"
            }, {
              "ref" : "skat2022:LandKode",
              "minOccurs" : "0"
            }, {
              "ref" : "skat2022:LandNavn",
              "minOccurs" : "0"
            } ]
          }
        }
      }
    }
  }
}