{
  "targetNamespace" : "http://skat.dk/begrebsmodel/2022/01/01/",
  "elementFormDefault" : "qualified",
  "attributeFormDefault" : "unqualified",
  "version" : "1.0",
  "annotation" : {
    "documentation" : [ "", "r23884" ]
  },
  "include" : [ {
    "schemaLocation" : "../class/Indkomst.json"
  }, {
    "schemaLocation" : "../operational/Ajourfoeringshandling.json"
  }, {
    "schemaLocation" : "../operational/GrundskyldsberegningID.json"
  }, {
    "schemaLocation" : "../operational/GrundskyldsberegningTidspunkt.json"
  }, {
    "schemaLocation" : "../class/Fejl.json"
  }, {
    "schemaLocation" : "../class/Person.json"
  }, {
    "schemaLocation" : "../class/Kommune.json"
  }, {
    "schemaLocation" : "../class/Ejendom.json"
  }, {
    "schemaLocation" : "../class/Vurderingsejendom.json"
  }, {
    "schemaLocation" : "../class/Tofamilieenhed.json"
  }, {
    "schemaLocation" : "../class/BestemtFastEjendom.json"
  }, {
    "schemaLocation" : "../class/Ejendomsvurdering.json"
  }, {
    "schemaLocation" : "../class/Grundvaerdi.json"
  }, {
    "schemaLocation" : "../class/Ejendomsgrundskyld.json"
  }, {
    "schemaLocation" : "../class/EjendomEjerskab.json"
  }, {
    "schemaLocation" : "../class/AArsejerperiode.json"
  }, {
    "schemaLocation" : "../class/EjerfordeltGrundskyld.json"
  }, {
    "schemaLocation" : "../view/AdresseStrukturType.json"
  } ],
  "element" : {
    "name" : "GrundskyldTilForskudStruktur",
    "type" : "skat2022:GrundskyldTilForskudStrukturType"
  },
  "complexType" : {
    "name" : "GrundskyldTilForskudStrukturType",
    "sequence" : {
      "element" : [ {
        "name" : "ListeOplysninger",
        "complexType" : {
          "sequence" : {
            "element" : {
              "ref" : "skat2022:IndkomstÅr"
            }
          }
        }
      }, {
        "name" : "EjerskabListe",
        "complexType" : {
          "sequence" : {
            "element" : {
              "name" : "Ejerskab",
              "minOccurs" : "1",
              "maxOccurs" : "unbounded",
              "complexType" : {
                "sequence" : {
                  "element" : [ {
                    "ref" : "skat2022:Ajourføringshandling"
                  }, {
                    "ref" : "skat2022:GrundskyldsberegningID"
                  }, {
                    "ref" : "skat2022:GrundskyldsberegningTidspunkt"
                  }, {
                    "ref" : "skat2022:FejlKode",
                    "minOccurs" : "0"
                  }, {
                    "ref" : "skat2022:FejlTekst",
                    "minOccurs" : "0"
                  }, {
                    "name" : "Ejer",
                    "complexType" : {
                      "sequence" : {
                        "element" : {
                          "ref" : "skat2022:PersonCPRNummer"
                        }
                      }
                    }
                  }, {
                    "name" : "Ejendom",
                    "complexType" : {
                      "sequence" : {
                        "element" : [ {
                          "ref" : "skat2022:KommuneNummer"
                        }, {
                          "ref" : "skat2022:EjendomNummer"
                        }, {
                          "ref" : "skat2022:VurderingsejendomID",
                          "minOccurs" : "0"
                        }, {
                          "ref" : "skat2022:TofamilieenhedLøbenummer",
                          "minOccurs" : "0"
                        }, {
                          "name" : "BFENummerListe",
                          "complexType" : {
                            "sequence" : {
                              "element" : {
                                "ref" : "skat2022:BestemtFastEjendomBFENummer",
                                "minOccurs" : "1",
                                "maxOccurs" : "unbounded"
                              }
                            }
                          }
                        }, {
                          "ref" : "skat2022:AdresseStruktur"
                        }, {
                          "name" : "Vurdering",
                          "complexType" : {
                            "sequence" : {
                              "element" : [ {
                                "ref" : "skat2022:EjendomsvurderingVurderingsID"
                              }, {
                                "ref" : "skat2022:EjendomsvurderingÆndringDato"
                              }, {
                                "ref" : "skat2022:EjendomsvurderingÅr"
                              }, {
                                "ref" : "skat2022:EjendomsvurderingOmvurderingGrund1",
                                "minOccurs" : "0"
                              }, {
                                "ref" : "skat2022:EjendomsvurderingOmvurderingGrund2",
                                "minOccurs" : "0"
                              }, {
                                "ref" : "skat2022:EjendomsvurderingBenyttelseKode"
                              }, {
                                "ref" : "skat2022:EjendomsvurderingOprindelseKode",
                                "minOccurs" : "0"
                              }, {
                                "ref" : "skat2022:GrundværdiBeskatningsgrundlag"
                              } ]
                            }
                          }
                        }, {
                          "ref" : "skat2022:EjendomsgrundskyldBeløb"
                        } ]
                      }
                    }
                  }, {
                    "ref" : "skat2022:EjendomEjerskabEjerandel"
                  }, {
                    "name" : "Ejerperiode",
                    "complexType" : {
                      "sequence" : {
                        "element" : [ {
                          "ref" : "skat2022:EjendomEjerskabStartdato"
                        }, {
                          "ref" : "skat2022:EjendomEjerskabSlutdato",
                          "minOccurs" : "0"
                        }, {
                          "ref" : "skat2022:ÅrsejerperiodeAntalDage"
                        } ]
                      }
                    }
                  }, {
                    "name" : "Ejerskabsgrundskyld",
                    "complexType" : {
                      "sequence" : {
                        "element" : [ {
                          "ref" : "skat2022:EjerfordeltGrundskyldBeløb"
                        }, {
                          "ref" : "skat2022:EjerfordeltGrundskyldRabatBeløb",
                          "minOccurs" : "0"
                        }, {
                          "ref" : "skat2022:EjerfordeltGrundskyldBeløbEfterRabat"
                        } ]
                      }
                    }
                  } ]
                }
              }
            }
          }
        }
      } ]
    }
  }
}