﻿<?xml version="1.0" encoding="utf-8"?>
<sj:SJ_FESDpacket xmlns:sj="http://rep.oio.dk/scanjour.dk/xml/schemas/2004/" xmlns:fesd="http://rep.oio.dk/fesd.dk/xml/schemas/2004/05/" xmlns:dkfm="http://rep.oio.dk/dkfm.dk/xml/schemas/2002/07/" xmlns:dcterms="http://purl.org/dc/terms/" xmlns:dc="http://purl.org/dc/elements/1.1/">
  <sj:SJ_FESDPacketPart>
    <dkfm:metadata>
      <dc:title scheme="">$titel$</dc:title>
      <dc:creator scheme="CVR"/>
      <dkfm:accessRights scheme="scanjour-indblik">$indblik$</dkfm:accessRights>
      <dc:type scheme="Aggregation-level">Dokument</dc:type>
      <dkfm:owner scheme="CVR"/>
      <dkfm:sendBy scheme="CVR"/>
    </dkfm:metadata>
    <fesd:Document exDocID="$exDocID$"/>
    <sj:metadata>
      <sj:field name="akttype" scheme="">$akttype$</sj:field>
      <sj:field name="aktgrp" scheme="">$dokumentgruppe$</sj:field>
      <sj:field name="medie" scheme="">$medie$</sj:field>
      <sj:field name="udfafd" scheme="">$kontor$</sj:field>
      <sj:field name="ansvafd" scheme="">$fagsoejle$</sj:field>
      <sj:field name="samarbejde" scheme="">$region$</sj:field>
      <sj:field name="myndighed" scheme="">$myndighed$</sj:field>
      <sj:field name="herkomst" scheme="">90</sj:field>
      <sj:field name="sagsbeh" scheme="">$sagsbehandler$</sj:field>
      <sj:field name="tekst:tekst" scheme="">$afsenderadresse$</sj:field>
      <!--  <sj:field name="brevdato" scheme="">23-04-2010</sj:field> -->
      <sj:field name="oprindelse" scheme="">Skanningscenter Sakskøbing</sj:field>
      <sj:field name="opretbruger" scheme="">Skanningscenter Sakskøbing</sj:field>
      <sj:field name="Tilstand" scheme="">UL</sj:field>
      <sj:field name="IndScanTid" scheme="">$indscantid$</sj:field>
      <sj:field name="IndScanPers" scheme="">$indscanpers$</sj:field>
      <sj:field name="IndScanSide" scheme="">$indscanside$</sj:field>
      <sj:group name="opl">
        <sj:field name="opl" scheme="">$modtageradresse$</sj:field>
        <sj:field name="ledetxt">Modtageradr</sj:field>
      </sj:group>
      <sj:group name="aktdato">
        <sj:field name="aktdato" scheme="">$modtagerdato$</sj:field>
        <sj:field name="ledetxt">DokModtaget</sj:field>
      </sj:group>
      <sj:group name="opl">
        <sj:field name="opl" scheme="">$originalreturneres$</sj:field>
        <sj:field name="ledetxt">Dok_Returne</sj:field>
      </sj:group>
      <sj:group name="opl">
        <sj:field name="opl" scheme="">$modtagetfysisk$</sj:field>
        <sj:field name="ledetxt">Fysiskmodt</sj:field>
      </sj:group>
      <sj:group name="opl">
        <sj:field name="opl" scheme="">$genscanning$</sj:field>
        <sj:field name="ledetxt">Genskanning</sj:field>
      </sj:group>
      <sj:group name="opl">
        <sj:field name="opl" scheme="">$scanningID$</sj:field>
        <sj:field name="ledetxt">SkanningsId</sj:field>
      </sj:group>
      <sj:group name="opl">
        <sj:field name="opl" scheme="">$dokumenttype$</sj:field>
        <sj:field name="ledetxt">CIDokType</sj:field>
      </sj:group>
    </sj:metadata>
  </sj:SJ_FESDPacketPart>
</sj:SJ_FESDpacket>






