{
  "$schema": "http://json-schema.org/draft-04/schema#",
  "id": "http://bfg.skat.dk/katalog/v2.0.1",
  "description": "Version 2.0.1, katalog schema for katalog-tekster. Denne version tilføjer første tekst: bilagdatoUdenforBilagsperiodeTekst.",
  "type": "object",
  "properties": {
    "version": {
      "id": "http://jsonschema.net/version",
      "type": "string",
      "description": "versionsnummer følger formatet YYYY-MM-DD"
    },
    "katalogschema": {
      "id": "http://jsonschema.net/katalogschema",
      "type": "string"
    },
    "titel": {
      "id": "http://jsonschema.net/titel",
      "type": "string"
    },
    "beskrivelse": {
      "id": "http://jsonschema.net/beskrivelse",
      "type": "string"
    },
    "bilagsdatoFra": {
      "id": "http://jsonschema.net/bilagsdatoFra",
      "type": "string",
      "description": "ISO 8601 dato format"
    },
    "bilagsdatoTil": {
      "id": "http://jsonschema.net/bilagsdatoTil",
      "type": "string",
      "description": "ISO 8601 dato format"
    },
    "emner": {
      "id": "http://jsonschema.net/emner",
      "type": "array",
      "items": {
        "id": "http://jsonschema.net/emner/0",
        "type": "object",
        "properties": {
          "id": {
            "id": "http://jsonschema.net/emner/0/id",
            "type": "string"
          },
          "titel": {
            "id": "http://jsonschema.net/emner/0/titel",
            "type": "string"
          },
          "undertitel": {
            "id": "http://jsonschema.net/emner/0/undertitel",
            "type": "string"
          },
          "beskrivelse": {
            "id": "http://jsonschema.net/emner/0/beskrivelse",
            "type": ["string", "null"]
          },
          "ikon": {
            "id": "http://jsonschema.net/emner/0/ikon",
            "type": ["string", "null"],
            "description": "base64 encoded svg image"
          }
        }
      }
    },
    "underemner": {
      "id": "http://jsonschema.net/underemner",
      "type": "array",
      "items": {
        "id": "http://jsonschema.net/underemner/0",
        "type": "object",
        "properties": {
          "id": {
            "id": "http://jsonschema.net/underemner/0/id",
            "type": "string"
          },
          "emne_ref": {
            "id": "http://jsonschema.net/underemner/0/emne_ref",
            "type": "string"
          },
          "titel": {
            "id": "http://jsonschema.net/underemner/0/titel",
            "type": "string"
          },
          "undertitel": {
            "id": "http://jsonschema.net/underemner/0/undertitel",
            "type": "string"
          },
          "spoergetrae_ref": {
            "id": "http://jsonschema.net/underemner/0/spoergetrae_ref",
            "type": ["string", "null"]
          }
        }
      }
    },
    "katalogtekster": {
      "id": "http://bfg.skat.dk/katalogtekster",
      "type": ["object", "null"],
      "required": [
        "bilagdatoUdenforBilagsperiodeTekst"
      ],
      "properties": {
        "bilagdatoUdenforBilagsperiodeTekst" : {
          "id": "http://bfg.skat.dk/basisoplysninger/bilagdatoudenforbilagsperiodetekst",
          "type": "string"
        }
      }
    },
    "spoergetrae": {
      "id": "http://jsonschema.net/spoergetrae",
      "type": "object"
    }
  },
  "additionalItems": false,
  "required": [
    "version",
    "katalogschema",
    "titel",
    "beskrivelse",
    "bilagsdatoFra",
    "bilagsdatoTil",
    "emner",
    "underemner",
    "spoergetrae"
  ]
}
