{
  "$schema": "http://json-schema.org/draft-04/schema#",
  "id": "http://bfg.skat.dk/v2.0",
  "type": "object",
  "description": "Version 2, konklusioner til separat gruppe samt emne og underemne",
  "required": [
    "emne",
    "emneID",
    "underemne",
    "underemneID",
    "version",
    "motorversion",
    "spoergsmaal",
    "konklusioner"
  ],
  "properties": {
    "emne": {
      "id": "http://bfg.skat.dk/v1.0/emne",
      "type": "string"
    },
    "emneID": {
      "id": "http://bfg.skat.dk/v1.0/emneID",
      "type": "string"
    },
    "underemne": {
      "id": "http://bfg.skat.dk/v1.0/underemne",
      "type": "string"
    },
    "underemneID": {
      "id": "http://bfg.skat.dk/v1.0/underemneID",
      "type": "string"
    },
    "version": {
      "id": "http://bfg.skat.dk/v1.0/version",
      "type": "string"
    },
    "motorversion": {
      "id": "http://bfg.skat.dk/v1.0/motorversion",
      "type": "string"
    },
    "spoergsmaal": {
      "id": "http://bfg.skat.dk/v1.0/spoergsmaal",
      "type": "array",
      "minItems": 1,
      "items": {
        "id": "http://bfg.skat.dk/v1.0/spoergsmaal/0",
        "type": "object",
        "required": [
          "id",
          "titel",
          "niveau",
          "spoergsmaalstype",
          "betingelser"
        ],
        "properties": {
          "id": {
            "id": "http://bfg.skat.dk/v1.0/spoergsmaal/0/id",
            "type": "string"
          },
          "titel": {
            "id": "http://bfg.skat.dk/v1.0/spoergsmaal/0/titel",
            "type": "string"
          },
          "niveau": {
            "id": "http://bfg.skat.dk/v1.0/spoergsmaal/0/niveau",
            "type": "integer"
          },
          "spoergsmaalstype": {
            "id": "http://bfg.skat.dk/v1.0/spoergsmaal/0/spoergsmaalstype",
            "enum": [ "PROCENT", "JA_NEJ", "ROD", "EN_SVARMULIGHED", "FLERE_SVARMULIGHEDER","ANTAL","KREDITPOSTERING","UKENDT" ],
            "description": "Genkendte spørgsmålstyper, motoren forstår i denne version"
          },
          "betingelser": {
            "id": "http://bfg.skat.dk/v1.0/spoergsmaal/0/betingelser",
            "description": "betingelser for visning af spørgsmålet",
            "type": "array",
            "minItems": 0,
            "items": {
            }
          }
        }
      }
    },
    "konklusioner": {
      "id": "http://bfg.skat.dk/v1.0/konklusioner",
      "type": "array",
      "minItems": 0,
      "items": {
        "id": "http://bfg.skat.dk/v1.0/konklusioner/2",
        "type": "object",
        "required": [
          "betingelser",
          "forklaring"
        ],
        "properties": {
          "betingelser": {
            "id": "http://bfg.skat.dk/v1.0/konklusioner/2/betingelser",
            "type": "array",
            "minItems": 1,
            "items": {
              "id": "http://bfg.skat.dk/v1.0/konklusioner/2/betingelser/1",
              "type": "object",
              "properties": {
                "type": {
                  "id": "http://bfg.skat.dk/v1.0/konklusioner/2/betingelser/1/type",
                  "type": "string"
                },
                "udtryk": {
                  "id": "http://bfg.skat.dk/v1.0/konklusioner/2/betingelser/1/udtryk",
                  "type": "string"
                }
              }
            }
          },
          "forklaring": {
            "id": "http://bfg.skat.dk/v1.0/konklusioner/2/forklaring",
            "type": "string"
          },
          "forslag": {
            "id": "http://bfg.skat.dk/v1.0/konklusioner/2/forslag",
            "type": "array",
            "minItems": 0,
            "items": {
              "id": "http://bfg.skat.dk/v1.0/konklusioner/2/forslag/3",
              "type": "object",
              "properties": {
                "titel": {
                  "id": "http://bfg.skat.dk/v1.0/konklusioner/2/forslag/3/titel",
                  "type": "string"
                },
                "regler": {
                  "id": "http://bfg.skat.dk/v1.0/konklusioner/2/forslag/3/regler",
                  "type": "array",
                  "items": {
                    "id": "http://bfg.skat.dk/v1.0/konklusioner/2/forslag/3/regler/0",
                    "type": "object",
                    "properties": {
                      "kontonummer": {
                        "id": "http://bfg.skat.dk/v1.0/konklusioner/2/forslag/3/regler/0/kontonummer",
                        "type": "string"
                      },
                      "beloebFormel": {
                        "id": "http://bfg.skat.dk/v1.0/konklusioner/2/forslag/3/regler/0/beloebFormel",
                        "type": "string"
                      }
                    }
                  }
                }
              }
            }
          }
        }
      }
    }

  }
}
