﻿<?xml version="1.0" encoding="UTF-8"?>
<!--Sample XML file generated by XMLSpy v2011 (http://www.altova.com)-->
<hsws:UdlejningFritidEjendomAngivelseFilOpret_I xsi:schemaLocation="urn:oio:skat:fritidshus:ws:1.0.1 UdlejningFritidEjendomAngivelseFilOpret_I.xsd" xmlns:bbr="http://rep.oio.dk/bbr.dk/xml/schemas/2005/03/11/" xmlns:core="http://rep.oio.dk/cpr.dk/xml/schemas/core/2005/03/18/" xmlns:cvr="http://rep.oio.dk/cvr.dk/xml/schemas/2005/03/22/" xmlns:schema="http://rep.oio.dk/oib/dato.tid.maal/xml.schema/" xmlns:kontekst="http://rep.oio.dk/skat.dk/basis/kontekst/xml/schemas/2006/09/01/" xmlns:xsi="http://www.w3.org/2001/XMLSchema-instance" xmlns:hsws="urn:oio:skat:fritidshus:ws:1.0.1" xmlns:fritidshuse="urn:oio:skat:fritidshuse:1.0.0">
	<kontekst:HovedOplysninger>
		<kontekst:TransaktionIdentifikator>a</kontekst:TransaktionIdentifikator>
		<kontekst:TransaktionTid>2001-12-17T09:30:47Z</kontekst:TransaktionTid>
	</kontekst:HovedOplysninger>
	<hsws:AngivelseListe>
		<hsws:Angivelse>
			<hsws:Angiver>
				<cvr:CVRnumberIdentifier>11111111</cvr:CVRnumberIdentifier>
			</hsws:Angiver>
			<schema:AarIdentifikator>2011</schema:AarIdentifikator>
			<hsws:EjendomOplysninger>
				<core:MunicipalityCode>0101</core:MunicipalityCode>
				<bbr:MunicipalRealPropertyIdentifier>123456</bbr:MunicipalRealPropertyIdentifier>
			</hsws:EjendomOplysninger>
			<fritidshuse:EjendomUdlejningBruttoLejeIndtaegtBeloeb>12000</fritidshuse:EjendomUdlejningBruttoLejeIndtaegtBeloeb>
		</hsws:Angivelse>
	</hsws:AngivelseListe>
</hsws:UdlejningFritidEjendomAngivelseFilOpret_I>
