<?xml version="1.0" encoding="UTF-8"?>
<fase2.1:UdlejningFritidEjendomAngivelseFilOpret_I xmlns:fase2.1="http://skat.dk/begrebsmodel/2009/01/15/" xmlns:ctxt="http://skat.dk/begrebsmodel/xml/schemas/kontekst/2007/05/31/" xmlns:xsi="http://www.w3.org/2001/XMLSchema-instance"><fase2.1:Kontekst xmlns:fase2.1="http://skat.dk/begrebsmodel/2009/01/15/">
<ctxt:HovedOplysninger xmlns:ctxt="http://skat.dk/begrebsmodel/xml/schemas/kontekst/2007/05/31/">
<ctxt:TransaktionsID>a</ctxt:TransaktionsID>
<ctxt:TransaktionsTid>2001-12-17T09:30:47Z</ctxt:TransaktionsTid>
</ctxt:HovedOplysninger>
</fase2.1:Kontekst>
<fase2.1:IndholdValg><fase2.1:MeddelelseIndhold><base64>H4sIAAAAAAAAAH1SS07DMBBdB4k7VD1AZxwoElFaiSIWCAQSEt038pAm8diV7SA4AFfhDOxzMVw1
lH6Sevn85n3GTt8WjuKRSG50XryTcjT4YKVd0uKT4dL7VQLgqoUfyQoyyi1ljo0kBTHiNaAAMYbh
9PwsiqJ0X89u0H94XtjKGV6SvJ2/PNXMgSLak8Ip1kYeOvW38nclaWn4VSoqdaHzey0rw843X3Ya
467FKWan5vNKfbo187jUg2GuNbVBUeCOz/7dwWAr/beH+OJyfHUUsbt/X6reVcxs7b15pJJCVd98
535GqvnJgi0i9i+md25td/ge4f8E/Bc3lI0IVQIAAA==</base64></fase2.1:MeddelelseIndhold></fase2.1:IndholdValg></fase2.1:UdlejningFritidEjendomAngivelseFilOpret_I>