{
  "targetNamespace" : "http://skat.dk/begrebsmodel/2022/01/01/",
  "elementFormDefault" : "qualified",
  "version" : "1.0",
  "simpleType" : {
    "name" : "CPRNummerType",
    "annotation" : {
      "documentation" : "CPR-nummer er et 10 cifret personnummer der entydigt identificerer en dansk person."
    },
    "restriction" : {
      "base" : "xs:string",
      "maxLength" : {
        "value" : "10"
      },
      "pattern" : {
        "value" : "((((0[1-9]|1[0-9]|2[0-9]|3[0-1])(01|03|05|07|08|10|12))|((0[1-9]|1[0-9]|2[0-9]|30)(04|06|09|11))|((0[1-9]|1[0-9]|2[0-9])(02)))[0-9]{6})|0000000000"
      }
    }
  }
}