{
  "targetNamespace" : "http://skat.dk/begrebsmodel/2022/01/01/",
  "elementFormDefault" : "qualified",
  "version" : "1.0",
  "simpleType" : {
    "name" : "KønType",
    "annotation" : {
      "documentation" : "Beskrivelse af køn - enten  1 = mand 2 = kvinde 3 = ukendt"
    },
    "restriction" : {
      "base" : "xs:integer",
      "enumeration" : [ {
        "value" : "1"
      }, {
        "value" : "2"
      }, {
        "value" : "3"
      } ],
      "totalDigits" : {
        "value" : "1"
      }
    }
  }
}