<?xml version="1.0" encoding="UTF-8"?>
<!--Sample XML file generated by XMLSpy v2007 (http://www.altova.com)-->
<fase2.1:EndOfDayRapportStruktur xsi:schemaLocation="http://skat.dk/begrebsmodel/2009/01/15/ EndOfDayRapportStrukturType.xsd" xmlns:fase2.1="http://skat.dk/begrebsmodel/2009/01/15/" xmlns:xsi="http://www.w3.org/2001/XMLSchema-instance">
	<fase2.1:EndOfDayRapportStruktur>
		<fase2.1:Tilladelsesindehaver>
			<fase2.1:TilladelsesindehaverNavn>aaaaaaaaaaaaaaaaaaaaaaaaaaaaaa</fase2.1:TilladelsesindehaverNavn>
			<fase2.1:SpilCertifikatIdentifikation>aaaaaaaaaaaaaaaaaaaaaaaaaaaaaa</fase2.1:SpilCertifikatIdentifikation>
			<fase2.1:SpilCertifikatTilladelsestype>aaaaaaaaaaaaaaaaaaaaaaaaaaaaaa</fase2.1:SpilCertifikatTilladelsestype>
			<fase2.1:EndOfDayRapportDato>1967-08-13</fase2.1:EndOfDayRapportDato>
		</fase2.1:Tilladelsesindehaver>
		<fase2.1:SpilOpgørelseListe>
			<fase2.1:SpilOpgørelse>
				<fase2.1:SpilTypeKategori>aaaaaaaaaaaaaaaaaaaaaaaaaaaaaa</fase2.1:SpilTypeKategori>
				<fase2.1:EndOfDayRapportAntalSpil>123456789123</fase2.1:EndOfDayRapportAntalSpil>
				<fase2.1:EndOfDayRapportIndskud>12345678912.12</fase2.1:EndOfDayRapportIndskud>
				<fase2.1:EndOfDayRapportGevinster>12345678912.12</fase2.1:EndOfDayRapportGevinster>
				<fase2.1:EndOfDayRapportKommissionRake>12345678912.12</fase2.1:EndOfDayRapportKommissionRake>
			</fase2.1:SpilOpgørelse>
			<fase2.1:SpilOpgørelse>
				<fase2.1:SpilTypeKategori>aaaaaaaaaaaaaaaaaaaaaaaaaaaaaa</fase2.1:SpilTypeKategori>
				<fase2.1:EndOfDayRapportAntalSpil>123456789123</fase2.1:EndOfDayRapportAntalSpil>
				<fase2.1:EndOfDayRapportIndskud>12345678912.12</fase2.1:EndOfDayRapportIndskud>
				<fase2.1:EndOfDayRapportGevinster>12345678912.12</fase2.1:EndOfDayRapportGevinster>
				<fase2.1:EndOfDayRapportKommissionRake>12345678912.12</fase2.1:EndOfDayRapportKommissionRake>
			</fase2.1:SpilOpgørelse>
		</fase2.1:SpilOpgørelseListe>
	</fase2.1:EndOfDayRapportStruktur>
</fase2.1:EndOfDayRapportStruktur>
