<?xml version="1.0" encoding="UTF-8"?>
<!--Sample XML file generated by XMLSpy v2007 (http://www.altova.com)-->
<fase2.1:FastOddsSlutStruktur xsi:schemaLocation="http://skat.dk/begrebsmodel/2009/01/15/ FastOddsSlutStrukturType.xsd" xmlns:fase2.1="http://skat.dk/begrebsmodel/2009/01/15/" xmlns:xsi="http://www.w3.org/2001/XMLSchema-instance">
	<fase2.1:FastOddsSlutStruktur>
		<fase2.1:TilladelsesindehaverOgSpil>
			<fase2.1:TilladelsesindehaverNavn>aaaaaaaaaaaaaaaaaaaaaaaaaaaaaa</fase2.1:TilladelsesindehaverNavn>
			<fase2.1:SpilCertifikatIdentifikation>aaaaaaaaaaaaaaaaaaaaaaaaaaaaaa</fase2.1:SpilCertifikatIdentifikation>
			<fase2.1:SpilCertifikatTilladelsestype>aaaaaaaaaaaaaaaaaaaaaaaaaaaaaa</fase2.1:SpilCertifikatTilladelsestype>
			<fase2.1:SpilTypeKategori>aaaaaaaaaaaaaaaaaaaaaaaaaaaaaa</fase2.1:SpilTypeKategori>
			<fase2.1:SpilTypeNavn>aaaaaaaaaaaaaaaaaaaaaaaaaaaaaa</fase2.1:SpilTypeNavn>
			<fase2.1:SpilTypeIdentifikation>aaaaaaaaaaaaaaaaaaaaaaaaaaaaaa</fase2.1:SpilTypeIdentifikation>
		</fase2.1:TilladelsesindehaverOgSpil>
		<fase2.1:TransaktionListe>
			<fase2.1:Transaktion>
				<fase2.1:SpillerIdentifikation>aaaaaaaaaaaaaaaaaaaaaaaaaaaaaa</fase2.1:SpillerIdentifikation>
				<fase2.1:SpilIdentifikation>aaaaaaaaaaaaaaaaaaaaaaaaaaaaaa</fase2.1:SpilIdentifikation>
				<fase2.1:SpilGevinst>12345678912.12</fase2.1:SpilGevinst>
				<fase2.1:SpilKommissionBrutto>12345678912.12</fase2.1:SpilKommissionBrutto>
				<fase2.1:SpilKommissionNetto>12345678912.12</fase2.1:SpilKommissionNetto>
				<fase2.1:SpilFaktiskSlutDatoTid>2001-12-17T09:30:47.0Z</fase2.1:SpilFaktiskSlutDatoTid>
			</fase2.1:Transaktion>
			<fase2.1:Transaktion>
				<fase2.1:SpillerIdentifikation>aaaaaaaaaaaaaaaaaaaaaaaaaaaaaa</fase2.1:SpillerIdentifikation>
				<fase2.1:SpilIdentifikation>aaaaaaaaaaaaaaaaaaaaaaaaaaaaaa</fase2.1:SpilIdentifikation>
				<fase2.1:SpilGevinst>12345678912.12</fase2.1:SpilGevinst>
				<fase2.1:SpilKommissionBrutto>12345678912.12</fase2.1:SpilKommissionBrutto>
				<fase2.1:SpilKommissionNetto>12345678912.12</fase2.1:SpilKommissionNetto>
				<fase2.1:SpilFaktiskSlutDatoTid>2001-12-17T09:30:47.0Z</fase2.1:SpilFaktiskSlutDatoTid>
			</fase2.1:Transaktion>
		</fase2.1:TransaktionListe>
	</fase2.1:FastOddsSlutStruktur>
</fase2.1:FastOddsSlutStruktur>
