<?xml version="1.0" encoding="UTF-8"?>
<!--Sample XML file generated by XMLSpy v2007 (http://www.altova.com)-->
<fase2.1:JackpotUdløsningStruktur xsi:schemaLocation="http://skat.dk/begrebsmodel/2009/01/15/ JackpotUdloesningStrukturType.xsd" xmlns:fase2.1="http://skat.dk/begrebsmodel/2009/01/15/" xmlns:xsi="http://www.w3.org/2001/XMLSchema-instance">
	<fase2.1:JackpotUdløsningStruktur>
		<fase2.1:Spiludbyder>
			<fase2.1:TilladelsesindehaverNavn>aaaaaaaaaaaaaaaaaaaaaaaaaaaaaa</fase2.1:TilladelsesindehaverNavn>
			<fase2.1:SpilCertifikatIdentifikation>aaaaaaaaaaaaaaaaaaaaaaaaaaaaaa</fase2.1:SpilCertifikatIdentifikation>
			<fase2.1:SpilCertifikatTilladelsestype>aaaaaaaaaaaaaaaaaaaaaaaaaaaaaa</fase2.1:SpilCertifikatTilladelsestype>
			<fase2.1:SpilTypeKategori>aaaaaaaaaaaaaaaaaaaaaaaaaaaaaa</fase2.1:SpilTypeKategori>
			<fase2.1:SpilTypeNavn>aaaaaaaaaaaaaaaaaaaaaaaaaaaaaa</fase2.1:SpilTypeNavn>
			<fase2.1:SpilTypeIdentifikation>aaaaaaaaaaaaaaaaaaaaaaaaaaaaaa</fase2.1:SpilTypeIdentifikation>
		</fase2.1:Spiludbyder>
		<fase2.1:Jackpot>
			<fase2.1:JackpotIdentifikation>aaaaaaaaaaaaaaaaaaaaaaaaaaaaaa</fase2.1:JackpotIdentifikation>
			<fase2.1:JackpotDatoTid>2001-12-17T09:30:47.0Z</fase2.1:JackpotDatoTid>
			<fase2.1:JackpotTotalGevinst>12345678912.12</fase2.1:JackpotTotalGevinst>
			<fase2.1:JackpotKommissionRake>12345678912.12</fase2.1:JackpotKommissionRake>
			<fase2.1:SpillerListe>
				<fase2.1:Spiller>
					<fase2.1:SpillerIdentifikation>aaaaaaaaaaaaaaaaaaaaaaaaaaaaaa</fase2.1:SpillerIdentifikation>
					<fase2.1:JackpotGevinst>12345678912.12</fase2.1:JackpotGevinst>
				</fase2.1:Spiller>
				<fase2.1:Spiller>
					<fase2.1:SpillerIdentifikation>aaaaaaaaaaaaaaaaaaaaaaaaaaaaaa</fase2.1:SpillerIdentifikation>
					<fase2.1:JackpotGevinst>12345678912.12</fase2.1:JackpotGevinst>
				</fase2.1:Spiller>
			</fase2.1:SpillerListe>
		</fase2.1:Jackpot>
	</fase2.1:JackpotUdløsningStruktur>
</fase2.1:JackpotUdløsningStruktur>
