<?xml version="1.0" encoding="UTF-8"?>
<!--Sample XML file generated by XMLSpy v2007 (http://www.altova.com)-->
<fase2.1:KasinospilPrSessionStruktur xsi:schemaLocation="http://skat.dk/begrebsmodel/2009/01/15/ KasinospilPrSessionStrukturType.xsd" xmlns:fase2.1="http://skat.dk/begrebsmodel/2009/01/15/" xmlns:xsi="http://www.w3.org/2001/XMLSchema-instance">
	<fase2.1:KasinospilStruktur>
		<fase2.1:TilladelsesindehaverOgSpil>
			<fase2.1:TilladelsesindehaverNavn>aaaaaaaaaaaaaaaaaaaaaaaaaaaaaa</fase2.1:TilladelsesindehaverNavn>
			<fase2.1:SpilCertifikatIdentifikation>aaaaaaaaaaaaaaaaaaaaaaaaaaaaaa</fase2.1:SpilCertifikatIdentifikation>
			<fase2.1:SpilCertifikatTilladelsestype>aaaaaaaaaaaaaaaaaaaaaaaaaaaaaa</fase2.1:SpilCertifikatTilladelsestype>
			<fase2.1:SpilTypeKategori>aaaaaaaaaaaaaaaaaaaaaaaaaaaaaa</fase2.1:SpilTypeKategori>
			<fase2.1:SpilTypeNavn>aaaaaaaaaaaaaaaaaaaaaaaaaaaaaa</fase2.1:SpilTypeNavn>
			<fase2.1:SpilTypeIdentifikation>aaaaaaaaaaaaaaaaaaaaaaaaaaaaaa</fase2.1:SpilTypeIdentifikation>
		</fase2.1:TilladelsesindehaverOgSpil>
		<fase2.1:KasinospilAggregeretPrSession>
			<fase2.1:KasinospilSession>
				<fase2.1:SpillerIdentifikation>aaaaaaaaaaaaaaaaaaaaaaaaaaaaaa</fase2.1:SpillerIdentifikation>
				<fase2.1:SpilIdentifikation>aaaaaaaaaaaaaaaaaaaaaaaaaaaaaa</fase2.1:SpilIdentifikation>
				<fase2.1:SpilKøbDatoTid>2001-12-17T09:30:47.0Z</fase2.1:SpilKøbDatoTid>
				<fase2.1:SpilFaktiskSlutDatoTid>2001-12-17T09:30:47.0Z</fase2.1:SpilFaktiskSlutDatoTid>
				<fase2.1:SpilSalgskanal>aaaaaaaaaaaaaaaaaaaaaaaaaaaaaa</fase2.1:SpilSalgskanal>
				<fase2.1:KasinospilIndskudSpil>12345678912.12</fase2.1:KasinospilIndskudSpil>
				<fase2.1:KasinospilIndskudJackpot>12345678912.12</fase2.1:KasinospilIndskudJackpot>
				<fase2.1:KasinospilGevinstSpil>12345678912.12</fase2.1:KasinospilGevinstSpil>
				<fase2.1:KasinospilAntalTræk>0</fase2.1:KasinospilAntalTræk>
				<fase2.1:TilfældighedGeneratorIdentifikation>aaaaaaaaaaaaaaaaaaaaaaaaaaaaaa</fase2.1:TilfældighedGeneratorIdentifikation>
				<fase2.1:TilfældighedGeneratorSoftwareId>aaaaaaaaaaaaaaaaaaaaaaaaaaaaaa</fase2.1:TilfældighedGeneratorSoftwareId>
				<fase2.1:JackpotIdentifikation>aaaaaaaaaaaaaaaaaaaaaaaaaaaaaa</fase2.1:JackpotIdentifikation>
			</fase2.1:KasinospilSession>
			<fase2.1:KasinospilSession>
				<fase2.1:SpillerIdentifikation>aaaaaaaaaaaaaaaaaaaaaaaaaaaaaa</fase2.1:SpillerIdentifikation>
				<fase2.1:SpilIdentifikation>aaaaaaaaaaaaaaaaaaaaaaaaaaaaaa</fase2.1:SpilIdentifikation>
				<fase2.1:SpilKøbDatoTid>2001-12-17T09:30:47.0Z</fase2.1:SpilKøbDatoTid>
				<fase2.1:SpilFaktiskSlutDatoTid>2001-12-17T09:30:47.0Z</fase2.1:SpilFaktiskSlutDatoTid>
				<fase2.1:SpilSalgskanal>aaaaaaaaaaaaaaaaaaaaaaaaaaaaaa</fase2.1:SpilSalgskanal>
				<fase2.1:KasinospilIndskudSpil>12345678912.12</fase2.1:KasinospilIndskudSpil>
				<fase2.1:KasinospilIndskudJackpot>12345678912.12</fase2.1:KasinospilIndskudJackpot>
				<fase2.1:KasinospilGevinstSpil>12345678912.12</fase2.1:KasinospilGevinstSpil>
				<fase2.1:KasinospilAntalTræk>0</fase2.1:KasinospilAntalTræk>
				<fase2.1:TilfældighedGeneratorIdentifikation>aaaaaaaaaaaaaaaaaaaaaaaaaaaaaa</fase2.1:TilfældighedGeneratorIdentifikation>
				<fase2.1:TilfældighedGeneratorSoftwareId>aaaaaaaaaaaaaaaaaaaaaaaaaaaaaa</fase2.1:TilfældighedGeneratorSoftwareId>
				<fase2.1:JackpotIdentifikation>aaaaaaaaaaaaaaaaaaaaaaaaaaaaaa</fase2.1:JackpotIdentifikation>
			</fase2.1:KasinospilSession>
		</fase2.1:KasinospilAggregeretPrSession>
	</fase2.1:KasinospilStruktur>
</fase2.1:KasinospilPrSessionStruktur>
