<?xml version="1.0" encoding="UTF-8"?>
<!--Sample XML file generated by XMLSpy v2007 (http://www.altova.com)-->
<fase2.1:PokerTurneringSlutStruktur xsi:schemaLocation="http://skat.dk/begrebsmodel/2009/01/15/ PokerTurneringSlutStrukturType.xsd" xmlns:fase2.1="http://skat.dk/begrebsmodel/2009/01/15/" xmlns:xsi="http://www.w3.org/2001/XMLSchema-instance">
	<fase2.1:PokerTurneringSlutStruktur>
		<fase2.1:TilladelsesindehaverOgSpil>
			<fase2.1:TilladelsesindehaverNavn>aaaaaaaaaaaaaaaaaaaaaaaaaaaaaa</fase2.1:TilladelsesindehaverNavn>
			<fase2.1:SpilCertifikatIdentifikation>aaaaaaaaaaaaaaaaaaaaaaaaaaaaaa</fase2.1:SpilCertifikatIdentifikation>
			<fase2.1:SpilCertifikatTilladelsestype>aaaaaaaaaaaaaaaaaaaaaaaaaaaaaa</fase2.1:SpilCertifikatTilladelsestype>
			<fase2.1:SpilTypeKategori>aaaaaaaaaaaaaaaaaaaaaaaaaaaaaa</fase2.1:SpilTypeKategori>
			<fase2.1:SpilTypeNavn>aaaaaaaaaaaaaaaaaaaaaaaaaaaaaa</fase2.1:SpilTypeNavn>
			<fase2.1:SpilTypeIdentifikation>aaaaaaaaaaaaaaaaaaaaaaaaaaaaaa</fase2.1:SpilTypeIdentifikation>
		</fase2.1:TilladelsesindehaverOgSpil>
		<fase2.1:TurneringsSlutInfo>
			<fase2.1:SpilTypeFaktiskSlutDatoTid>2001-12-17T09:30:47.0Z</fase2.1:SpilTypeFaktiskSlutDatoTid>
			<fase2.1:PokerAntalSpillereTillIndh>0</fase2.1:PokerAntalSpillereTillIndh>
			<fase2.1:PokerAntalSpillereTotal>0</fase2.1:PokerAntalSpillereTotal>
			<fase2.1:PokerAntalSpillereKval>0</fase2.1:PokerAntalSpillereKval>
			<fase2.1:PokerBuyInTillIndh>12345678912.12</fase2.1:PokerBuyInTillIndh>
			<fase2.1:PokerBuyInTotal>12345678912.12</fase2.1:PokerBuyInTotal>
			<fase2.1:PokerFeeTillIndh>12345678912.12</fase2.1:PokerFeeTillIndh>
			<fase2.1:PokerFeeTotal>12345678912.12</fase2.1:PokerFeeTotal>
			<fase2.1:PokerRebuyTillIndh>12345678912.12</fase2.1:PokerRebuyTillIndh>
			<fase2.1:PokerRebuyTotal>12345678912.12</fase2.1:PokerRebuyTotal>
			<fase2.1:PokerAddonTillIndh>12345678912.12</fase2.1:PokerAddonTillIndh>
			<fase2.1:PokerAddonTotal>12345678912.12</fase2.1:PokerAddonTotal>
			<fase2.1:PokerBuyinAntalTillIndh>0</fase2.1:PokerBuyinAntalTillIndh>
			<fase2.1:PokerBuyinAntalTotal>0</fase2.1:PokerBuyinAntalTotal>
			<fase2.1:PokerRebuyAntalTillIndh>0</fase2.1:PokerRebuyAntalTillIndh>
			<fase2.1:PokerRebuyAntalTotal>0</fase2.1:PokerRebuyAntalTotal>
			<fase2.1:PokerAddonAntalTillIndh>0</fase2.1:PokerAddonAntalTillIndh>
			<fase2.1:PokerAddonAntalTotal>0</fase2.1:PokerAddonAntalTotal>
			<fase2.1:PokerTilføjetPrizepool>12345678912.12</fase2.1:PokerTilføjetPrizepool>
			<fase2.1:PokerGevinstTotal>12345678912.12</fase2.1:PokerGevinstTotal>
		</fase2.1:TurneringsSlutInfo>
	</fase2.1:PokerTurneringSlutStruktur>
</fase2.1:PokerTurneringSlutStruktur>
