<?xml version="1.0" encoding="UTF-8"?>
<!--Sample XML file generated by XMLSpy v2007 (http://www.altova.com)-->
<fase2.1:PuljespilStartStruktur xsi:schemaLocation="http://skat.dk/begrebsmodel/2009/01/15/ PuljespilStartStrukturType.xsd" xmlns:fase2.1="http://skat.dk/begrebsmodel/2009/01/15/" xmlns:xsi="http://www.w3.org/2001/XMLSchema-instance">
	<fase2.1:PuljespilStartStruktur>
		<fase2.1:TilladelsesindehaverOgSpil>
			<fase2.1:TilladelsesindehaverNavn>aaaaaaaaaaaaaaaaaaaaaaaaaaaaaa</fase2.1:TilladelsesindehaverNavn>
			<fase2.1:SpilCertifikatIdentifikation>aaaaaaaaaaaaaaaaaaaaaaaaaaaaaa</fase2.1:SpilCertifikatIdentifikation>
			<fase2.1:SpilCertifikatTilladelsestype>aaaaaaaaaaaaaaaaaaaaaaaaaaaaaa</fase2.1:SpilCertifikatTilladelsestype>
			<fase2.1:SpilTypeKategori>aaaaaaaaaaaaaaaaaaaaaaaaaaaaaa</fase2.1:SpilTypeKategori>
			<fase2.1:SpilTypeNavn>aaaaaaaaaaaaaaaaaaaaaaaaaaaaaa</fase2.1:SpilTypeNavn>
			<fase2.1:SpilTypeIdentifikation>aaaaaaaaaaaaaaaaaaaaaaaaaaaaaa</fase2.1:SpilTypeIdentifikation>
		</fase2.1:TilladelsesindehaverOgSpil>
		<fase2.1:Pulje>
			<fase2.1:PuljespilGevinstPuljeProcent>123456</fase2.1:PuljespilGevinstPuljeProcent>
			<fase2.1:PuljespilAntalResultatPuljer>0</fase2.1:PuljespilAntalResultatPuljer>
			<fase2.1:PuljespilPuljeoverførsel>12345678912.12</fase2.1:PuljespilPuljeoverførsel>
			<fase2.1:PuljespilAntalKampe>12</fase2.1:PuljespilAntalKampe>
			<fase2.1:PuljespilRækkePris>12345678912.12</fase2.1:PuljespilRækkePris>
			<fase2.1:SpilForventetSlutDatoTid>2001-12-17T09:30:47.0Z</fase2.1:SpilForventetSlutDatoTid>
			<fase2.1:ResultatPuljeListe>
				<fase2.1:ResultatPulje>
					<fase2.1:GevinstPuljeIdentifikation>aaaaaaaaaaaaaaaaaaaaaaaaaaaaaa</fase2.1:GevinstPuljeIdentifikation>
					<fase2.1:GevinstPuljeGevinstProcent>123456</fase2.1:GevinstPuljeGevinstProcent>
				</fase2.1:ResultatPulje>
				<fase2.1:ResultatPulje>
					<fase2.1:GevinstPuljeIdentifikation>aaaaaaaaaaaaaaaaaaaaaaaaaaaaaa</fase2.1:GevinstPuljeIdentifikation>
					<fase2.1:GevinstPuljeGevinstProcent>123456</fase2.1:GevinstPuljeGevinstProcent>
				</fase2.1:ResultatPulje>
			</fase2.1:ResultatPuljeListe>
		</fase2.1:Pulje>
	</fase2.1:PuljespilStartStruktur>
</fase2.1:PuljespilStartStruktur>
