<?xml version="1.0" encoding="UTF-8"?>
<!--Sample XML file generated by XMLSpy v2007 (http://www.altova.com)-->
<fase2.1:PuljespilEndOfGameStruktur xsi:schemaLocation="http://skat.dk/begrebsmodel/2009/01/15/ PuljespilEndOfGameStrukturType.xsd" xmlns:fase2.1="http://skat.dk/begrebsmodel/2009/01/15/" xmlns:xsi="http://www.w3.org/2001/XMLSchema-instance">
	<fase2.1:PuljespilEndOfGameStruktur>
		<fase2.1:TilladelsesindehaverOgSpil>
			<fase2.1:TilladelsesindehaverNavn>aaaaaaaaaaaaaaaaaaaaaaaaaaaaaa</fase2.1:TilladelsesindehaverNavn>
			<fase2.1:SpilCertifikatIdentifikation>aaaaaaaaaaaaaaaaaaaaaaaaaaaaaa</fase2.1:SpilCertifikatIdentifikation>
			<fase2.1:SpilCertifikatTilladelsestype>aaaaaaaaaaaaaaaaaaaaaaaaaaaaaa</fase2.1:SpilCertifikatTilladelsestype>
			<fase2.1:SpilTypeKategori>aaaaaaaaaaaaaaaaaaaaaaaaaaaaaa</fase2.1:SpilTypeKategori>
			<fase2.1:SpilTypeNavn>aaaaaaaaaaaaaaaaaaaaaaaaaaaaaa</fase2.1:SpilTypeNavn>
			<fase2.1:SpilTypeIdentifikation>aaaaaaaaaaaaaaaaaaaaaaaaaaaaaa</fase2.1:SpilTypeIdentifikation>
		</fase2.1:TilladelsesindehaverOgSpil>
		<fase2.1:Pulje>
			<fase2.1:PuljespilEndOfGameDatoTid>2001-12-17T09:30:47.0Z</fase2.1:PuljespilEndOfGameDatoTid>
			<fase2.1:PuljespilIndskudTillIndh>12345678912.12</fase2.1:PuljespilIndskudTillIndh>
			<fase2.1:PuljespilIndskudTotal>12345678912.12</fase2.1:PuljespilIndskudTotal>
			<fase2.1:PuljespilAntalRækkerTillIndh>0</fase2.1:PuljespilAntalRækkerTillIndh>
			<fase2.1:PuljespilAntalRækkerTotal>0</fase2.1:PuljespilAntalRækkerTotal>
			<fase2.1:PuljespilGevinstPuljeBeløb>12345678912.12</fase2.1:PuljespilGevinstPuljeBeløb>
		</fase2.1:Pulje>
	</fase2.1:PuljespilEndOfGameStruktur>
</fase2.1:PuljespilEndOfGameStruktur>
