      <urn:MFFordringTypeHent_I xmlns:urn="urn:oio:skat:efi:ws:1.0.1" xmlns:ns="http://rep.oio.dk/skat.dk/basis/kontekst/xml/schemas/2006/09/01/" xmlns:ns1="http://rep.oio.dk/skat.dk/motor/class/virksomhed/xml/schemas/20080401/" xmlns:urn1="urn:oio:skat:efi:1.0.0">
         <ns:HovedOplysninger>
            <ns:TransaktionIdentifikator>0123456789B</ns:TransaktionIdentifikator>
            <ns:TransaktionTid>2011-02-07T09:30:47Z</ns:TransaktionTid>
         </ns:HovedOplysninger>
         <urn:FordringhaverSystemIDStruktur>
            <ns1:VirksomhedSENummerIdentifikator>12345678</ns1:VirksomhedSENummerIdentifikator>
         </urn:FordringhaverSystemIDStruktur>
         <urn1:FordringHaverIdentifikator>1234</urn1:FordringHaverIdentifikator>
      </urn:MFFordringTypeHent_I>
