<MFKvitteringHent_I xmlns="urn:oio:skat:efi:ws:1.0.1" xmlns:ns="http://rep.oio.dk/skat.dk/basis/kontekst/xml/schemas/2006/09/01/" xmlns:ns1="http://rep.oio.dk/skat.dk/motor/class/virksomhed/xml/schemas/20080401/" xmlns:urn="urn:oio:skat:efi:1.0.0">
  <ns:HovedOplysninger>
    <ns:TransaktionIdentifikator>my</ns:TransaktionIdentifikator>
    <ns:TransaktionTid>2012-09-10T15:46:00.336+02:00</ns:TransaktionTid>
  </ns:HovedOplysninger>
  <FordringhaverSystemIDStruktur>
    <ns1:VirksomhedSENummerIdentifikator>12345678</ns1:VirksomhedSENummerIdentifikator>
  </FordringhaverSystemIDStruktur>
  <urn:ModtagFordringLeveranceIdentifikator>5010</urn:ModtagFordringLeveranceIdentifikator>
  <urn:FordringHaverIdentifikator>1234</urn:FordringHaverIdentifikator>
  <SoegeDatoFra>
    <urn:ModtagFordringAktionStatusAendretDato>2012-09-09T00:00:00+02:00</urn:ModtagFordringAktionStatusAendretDato>
  </SoegeDatoFra>
  <FordringIDSamling/>
</MFKvitteringHent_I>

