<MFFordringIndberet_I xmlns="urn:oio:skat:efi:ws:1.0.1" xmlns:ns="http://rep.oio.dk/skat.dk/basis/kontekst/xml/schemas/2006/09/01/" xmlns:ns1="http://rep.oio.dk/skat.dk/motor/class/virksomhed/xml/schemas/20080401/" xmlns:urn="urn:oio:skat:efi:1.0.0" xmlns:urn1="urn:oio:skat:ntse:1.0.0" xmlns:ns2="http://rep.oio.dk/xkom.dk/xml/schemas/2006/09/01/" xmlns:ns3="http://rep.oio.dk/xkom.dk/xml/schemas/2007/04/15/" xmlns:urn2="urn:oio:dkal:1.0.0" xmlns:ns4="http://rep.oio.dk/cpr.dk/xml/schemas/core/2005/03/18/">
  <ns:HovedOplysninger>
    <ns:TransaktionIdentifikator>my</ns:TransaktionIdentifikator>
    <ns:TransaktionTid>2012-09-10T15:39:21.156+02:00</ns:TransaktionTid>
  </ns:HovedOplysninger>
  <FordringhaverSystemIDStruktur>
    <ns1:VirksomhedSENummerIdentifikator>12345678</ns1:VirksomhedSENummerIdentifikator>
  </FordringhaverSystemIDStruktur>
  <urn:ModtagFordringLeveranceIdentifikator>5022</urn:ModtagFordringLeveranceIdentifikator>
  <FordringAktionSamling>
    <FordringAktion>
      <urn:ModtagFordringAktionKode>OPRETFORDRING</urn:ModtagFordringAktionKode>
      <urn:FordringHaverIdentifikator>1234</urn:FordringHaverIdentifikator>
      <AktionValg>
        <OpretFordringAktion>
          <MFOpretFordringStruktur>
            <urn:FordringFordringArtKode>INDR</urn:FordringFordringArtKode>
            <urn:FordringTypeKode>DAKONTR</urn:FordringTypeKode>
            <urn:FordringFordringHaverReference>ABC36</urn:FordringFordringHaverReference>
            <urn:FordringProduktionEnhedIdentifikator>123456789</urn:FordringProduktionEnhedIdentifikator>
            <urn:FordringFordringHaverBeskrivelseTekst>myFordringFordringHaverBeskrivelseTekst</urn:FordringFordringHaverBeskrivelseTekst>
            <urn:FordringStiftelseDato>2012-09-10+02:00</urn:FordringStiftelseDato>
            <urn:FordringForfaldDato>2012-09-10+02:00</urn:FordringForfaldDato>
            <urn:FordringSidsteRettidigeBetalingDato>2012-09-10+02:00</urn:FordringSidsteRettidigeBetalingDato>
            <FordringBeloebStruktur>
              <urn1:ValutaKode>DKK</urn1:ValutaKode>
              <urn:FordringBeloeb>100</urn:FordringBeloeb>
              <urn:FordringDKKBeloeb>100</urn:FordringDKKBeloeb>
            </FordringBeloebStruktur>
            <FordringPeriodeStruktur>
              <urn:FordringPeriode>
                <ns2:StartDate>2012-09-09+02:00</ns2:StartDate>
                <ns3:EndDate>2013-09-10+02:00</ns3:EndDate>
              </urn:FordringPeriode>
              <urn:FordringPeriodeTypeTekst>myFordringPeriodeTypeTekst</urn:FordringPeriodeTypeTekst>
            </FordringPeriodeStruktur>
            <urn:ModtagFordringPaaklagetIndikator>true</urn:ModtagFordringPaaklagetIndikator>
            <FordringOprindeligBeloebStruktur>
              <urn1:ValutaKode>DKK</urn1:ValutaKode>
              <urn:InddrivelseFordringOprindeligBeloeb>100</urn:InddrivelseFordringOprindeligBeloeb>
              <urn:InddrivelseFordringOprindeligDKKBeloeb>100</urn:InddrivelseFordringOprindeligDKKBeloeb>
            </FordringOprindeligBeloebStruktur>
            <SagsbemaerkningSamling>
              <MFNoteStruktur>
                <urn:ModtagFordringNoteOprettetDatoTid>2012-09-10T15:39:21.232+02:00</urn:ModtagFordringNoteOprettetDatoTid>
                <urn:ModtagFordringNoteOprettetReference>ABC20</urn:ModtagFordringNoteOprettetReference>
                <urn:ModtagFordringFordringEksternReference>ABC36</urn:ModtagFordringFordringEksternReference>
                <urn:ModtagFordringNoteTekst>myModtagFordringNoteTekst</urn:ModtagFordringNoteTekst>
              </MFNoteStruktur>
            </SagsbemaerkningSamling>
            <DokumentSamling>              
            </DokumentSamling>
            <RenteValgStruktur>
              <urn:RenteRegelIdentifikator>1</urn:RenteRegelIdentifikator>
              <urn:RenteSatsKode>1</urn:RenteSatsKode>
            </RenteValgStruktur>
            <urn:FordringHaverIdentifikator>1234</urn:FordringHaverIdentifikator>
            <FordringHaeftelseSamling>
              <MFHaeftelseStruktur>
                <MFKundeStruktur>
                  <Valg>
                    <ns4:PersonCivilRegistrationIdentifier>1109121234</ns4:PersonCivilRegistrationIdentifier>
                  </Valg>
                </MFKundeStruktur>
                <urn:OplysningDatoTid>2012-09-10T15:39:21.269+02:00</urn:OplysningDatoTid>
                <urn:HaeftelseFormKode>ALM</urn:HaeftelseFormKode>
                <urn:HaeftelseStartDato>2012-09-09+02:00</urn:HaeftelseStartDato>
                <urn:HaeftelseSlutDato>2013-09-10+02:00</urn:HaeftelseSlutDato>
                <ValgHaeftelse>
                  <HaeftelseBeloebStruktur>
                    <urn1:ValutaKode>DKK</urn1:ValutaKode>
                    <urn:HaeftelseBeloeb>100</urn:HaeftelseBeloeb>
                    <urn:HaeftelseDKKBeloeb>100</urn:HaeftelseDKKBeloeb>
                  </HaeftelseBeloebStruktur>
                </ValgHaeftelse>               
                <urn:HaeftelseForaeldelseDato>2012-09-10+02:00</urn:HaeftelseForaeldelseDato>
                <urn:HaeftelseRykkerFoersteDato>2012-09-11+02:00</urn:HaeftelseRykkerFoersteDato>
                <urn:HaeftelseRykkerAndenDato>2013-09-10+02:00</urn:HaeftelseRykkerAndenDato>
                <HaeftelseKommentar>
                  <MFNoteStruktur>
                    <urn:ModtagFordringNoteOprettetDatoTid>2012-09-10T15:39:21.295+02:00</urn:ModtagFordringNoteOprettetDatoTid>
                    <urn:ModtagFordringNoteOprettetReference>ABC20</urn:ModtagFordringNoteOprettetReference>
                    <urn:ModtagFordringFordringEksternReference>ABC36</urn:ModtagFordringFordringEksternReference>
                    <urn:ModtagFordringNoteTekst>myModtagFordringNoteTekst</urn:ModtagFordringNoteTekst>
                  </MFNoteStruktur>
                </HaeftelseKommentar>
                <urn:HaeftelseDomIndikator>true</urn:HaeftelseDomIndikator>
                <urn:HaeftelseDomDato>2012-09-10+02:00</urn:HaeftelseDomDato>
                <urn:HaeftelseForligIndikator>true</urn:HaeftelseForligIndikator>
                <urn:HaeftelseForligDato>2012-09-10+02:00</urn:HaeftelseForligDato>
              </MFHaeftelseStruktur>
            </FordringHaeftelseSamling>
          </MFOpretFordringStruktur>
          <OpretUnderfordringSamling>
            <MFOpretFordringStruktur>
              <urn:FordringFordringArtKode>INDR</urn:FordringFordringArtKode>
              <urn:FordringTypeKode>GEOPKRÆ</urn:FordringTypeKode>
              <urn:FordringFordringHaverReference>ABC36</urn:FordringFordringHaverReference>
              <urn:FordringProduktionEnhedIdentifikator>123456789</urn:FordringProduktionEnhedIdentifikator>
              <urn:FordringFordringHaverBeskrivelseTekst>myFordringFordringHaverBeskrivelseTekst</urn:FordringFordringHaverBeskrivelseTekst>
              <urn:FordringStiftelseDato>2012-09-10+02:00</urn:FordringStiftelseDato>
              <urn:FordringForfaldDato>2012-09-10+02:00</urn:FordringForfaldDato>
              <urn:FordringSidsteRettidigeBetalingDato>2012-09-10+02:00</urn:FordringSidsteRettidigeBetalingDato>
              <FordringBeloebStruktur>
                <urn1:ValutaKode>DKK</urn1:ValutaKode>
                <urn:FordringBeloeb>10</urn:FordringBeloeb>
                <urn:FordringDKKBeloeb>10</urn:FordringDKKBeloeb>
              </FordringBeloebStruktur>
              <FordringPeriodeStruktur>
                <urn:FordringPeriode>
                  <ns2:StartDate>2012-09-09+02:00</ns2:StartDate>
                  <ns3:EndDate>2013-09-10+02:00</ns3:EndDate>
                </urn:FordringPeriode>
                <urn:FordringPeriodeTypeTekst>myFordringPeriodeTypeTekst</urn:FordringPeriodeTypeTekst>
              </FordringPeriodeStruktur>
              <urn:ModtagFordringPaaklagetIndikator>true</urn:ModtagFordringPaaklagetIndikator>
              <FordringOprindeligBeloebStruktur>
                <urn1:ValutaKode>DKK</urn1:ValutaKode>
                <urn:InddrivelseFordringOprindeligBeloeb>100</urn:InddrivelseFordringOprindeligBeloeb>
                <urn:InddrivelseFordringOprindeligDKKBeloeb>100</urn:InddrivelseFordringOprindeligDKKBeloeb>
              </FordringOprindeligBeloebStruktur>
              <SagsbemaerkningSamling>
                <MFNoteStruktur>
                  <urn:ModtagFordringNoteOprettetDatoTid>2012-09-10T15:39:21.300+02:00</urn:ModtagFordringNoteOprettetDatoTid>
                  <urn:ModtagFordringNoteOprettetReference>ABC20</urn:ModtagFordringNoteOprettetReference>
                  <urn:ModtagFordringFordringEksternReference>ABC36</urn:ModtagFordringFordringEksternReference>
                  <urn:ModtagFordringNoteTekst>myModtagFordringNoteTekst</urn:ModtagFordringNoteTekst>
                </MFNoteStruktur>
              </SagsbemaerkningSamling>
              <DokumentSamling>               
              </DokumentSamling>
              <RenteValgStruktur>
                <urn:RenteRegelIdentifikator>1</urn:RenteRegelIdentifikator>
                <urn:RenteSatsKode>1</urn:RenteSatsKode>
              </RenteValgStruktur>
              <urn:FordringHaverIdentifikator>2001</urn:FordringHaverIdentifikator>
              <FordringHaeftelseSamling>
                <MFHaeftelseStruktur>
                  <MFKundeStruktur>
                    <Valg>
                      <ns4:PersonCivilRegistrationIdentifier>1109121234</ns4:PersonCivilRegistrationIdentifier>
                    </Valg>
                  </MFKundeStruktur>
                  <urn:OplysningDatoTid>2012-09-10T15:39:21.302+02:00</urn:OplysningDatoTid>
                  <urn:HaeftelseFormKode>ALM</urn:HaeftelseFormKode>
                  <urn:HaeftelseStartDato>2012-09-09+02:00</urn:HaeftelseStartDato>
                  <urn:HaeftelseSlutDato>2013-09-10+02:00</urn:HaeftelseSlutDato>
                  <ValgHaeftelse>
                    <HaeftelseBeloebStruktur>
                      <urn1:ValutaKode>DKK</urn1:ValutaKode>
                      <urn:HaeftelseBeloeb>10</urn:HaeftelseBeloeb>
                      <urn:HaeftelseDKKBeloeb>10</urn:HaeftelseDKKBeloeb>
                    </HaeftelseBeloebStruktur>
                  </ValgHaeftelse>                
                  <urn:HaeftelseForaeldelseDato>2012-09-10+02:00</urn:HaeftelseForaeldelseDato>
                  <urn:HaeftelseRykkerFoersteDato>2012-09-11+02:00</urn:HaeftelseRykkerFoersteDato>
                  <urn:HaeftelseRykkerAndenDato>2013-09-10+02:00</urn:HaeftelseRykkerAndenDato>
                  <HaeftelseKommentar>
                    <MFNoteStruktur>
                      <urn:ModtagFordringNoteOprettetDatoTid>2012-09-10T15:39:21.303+02:00</urn:ModtagFordringNoteOprettetDatoTid>
                      <urn:ModtagFordringNoteOprettetReference>ABC20</urn:ModtagFordringNoteOprettetReference>
                      <urn:ModtagFordringFordringEksternReference>ABC36</urn:ModtagFordringFordringEksternReference>
                      <urn:ModtagFordringNoteTekst>myModtagFordringNoteTekst</urn:ModtagFordringNoteTekst>
                    </MFNoteStruktur>
                  </HaeftelseKommentar>
                  <urn:HaeftelseDomIndikator>true</urn:HaeftelseDomIndikator>
                  <urn:HaeftelseDomDato>2012-09-10+02:00</urn:HaeftelseDomDato>
                  <urn:HaeftelseForligIndikator>true</urn:HaeftelseForligIndikator>
                  <urn:HaeftelseForligDato>2012-09-10+02:00</urn:HaeftelseForligDato>
                </MFHaeftelseStruktur>
              </FordringHaeftelseSamling>
            </MFOpretFordringStruktur>
          </OpretUnderfordringSamling>
        </OpretFordringAktion>
      </AktionValg>
    </FordringAktion>
  </FordringAktionSamling>
</MFFordringIndberet_I>

