<MFUnderretSamlingHent_I xmlns="urn:oio:skat:efi:ws:1.0.1" xmlns:ns="http://rep.oio.dk/skat.dk/basis/kontekst/xml/schemas/2006/09/01/" xmlns:ns1="http://rep.oio.dk/skat.dk/motor/class/virksomhed/xml/schemas/20080401/" xmlns:urn="urn:oio:skat:efi:1.0.0">
  <ns:HovedOplysninger>
    <ns:TransaktionIdentifikator>my</ns:TransaktionIdentifikator>
    <ns:TransaktionTid>2012-09-10T16:09:06.313+02:00</ns:TransaktionTid>
  </ns:HovedOplysninger>
  <FordringhaverSystemIDStruktur>
    <ns1:VirksomhedSENummerIdentifikator>12345678</ns1:VirksomhedSENummerIdentifikator>
  </FordringhaverSystemIDStruktur>
  <FordringHaverSamling>
    <urn:FordringHaverIdentifikator>1234</urn:FordringHaverIdentifikator>
  </FordringHaverSamling>
  <SoegeDatoFra>
    <urn:ModtagFordringUnderretningDatoTid>2012-09-09T00:00:00.000+02:00</urn:ModtagFordringUnderretningDatoTid>
  </SoegeDatoFra>
</MFUnderretSamlingHent_I>

