<?xml version='1.0' encoding='utf-8'?>
<Statistik dato='2010-12-07' tid='16:49:32'><Linie dokumenttype='F R95' modtageradresse='07-Postboks 180' routning='default' antal='1'/><Linie dokumenttype='KON Indsats og inddrivelse' modtageradresse='03-SC Køge' routning='default' antal='1'/><Linie dokumenttype='P-plads Helle' modtageradresse='03-SC Køge' routning='default' antal='1'/><Linie dokumenttype='P-plads Jannie' modtageradresse='03-SC Køge' routning='default' antal='1'/><Linie dokumenttype='P-plads Kim' modtageradresse='03-SC Køge' routning='default' antal='2'/><Linie dokumenttype='P-plads Steen' modtageradresse='03-SC Køge' routning='default' antal='1'/><Linie dokumenttype='S Vedtægter' modtageradresse='03-SC Køge' routning='default' antal='1'/><Linie dokumenttype='Selskabsskat Aconto' modtageradresse='03-SC Køge' routning='default' antal='1'/><Linie dokumenttype='SR Kontrakter' modtageradresse='03-SC Køge' routning='default' antal='1'/><Linie dokumenttype='T Landbrugsordninger' modtageradresse='03-SC Køge' routning='default' antal='1'/><Linie dokumenttype='Transfer Pricing' modtageradresse='03-SC Køge' routning='MSS HOL' antal='1'/></Statistik>