<?xml version='1.0' encoding='utf-8'?>
<Statistik dato='2010-12-07' tid='16:49:12'><Linie dokumenttype='F R95' modtageradresse='07-Postboks 180' routning='default' antal='1'/><Linie dokumenttype='KON Indsats og inddrivelse' modtageradresse='03-SC Køge' routning='default' antal='1'/><Linie dokumenttype='P-plads Helle' modtageradresse='03-SC Køge' routning='default' antal='1'/><Linie dokumenttype='P-plads Jannie' modtageradresse='03-SC Køge' routning='default' antal='1'/><Linie dokumenttype='P-plads Kim' modtageradresse='03-SC Køge' routning='default' antal='2'/><Linie dokumenttype='P-plads Steen' modtageradresse='03-SC Køge' routning='default' antal='1'/><Linie dokumenttype='R Sikkerhedsstillelse' modtageradresse='03-SC Køge' routning='NJ Erhvervsregistrering København og MSS' antal='1'/><Linie dokumenttype='Registrering' modtageradresse='03-SC Køge' routning='NJ Erhvervsregistrering København og MSS' antal='1'/><Linie dokumenttype='S DYNDAT' modtageradresse='03-SC Køge' routning='C MJ Spil Køge Punktafgifter' antal='1'/><Linie dokumenttype='S Personale' modtageradresse='03-SC Køge' routning='C KS SAC Personale' antal='1'/><Linie dokumenttype='S Registrering og afmeldelse' modtageradresse='03-SC Køge' routning='C NJ Spil' antal='1'/><Linie dokumenttype='S Regnskab' modtageradresse='03-SC Køge' routning='FIL KON SAC REGN ROS' antal='1'/><Linie dokumenttype='S Sikkerhedsstillelse' modtageradresse='03-SC Køge' routning='C KS SAC Regnskab kontrakter' antal='1'/><Linie dokumenttype='S Vedtægter' modtageradresse='03-SC Køge' routning='default' antal='1'/><Linie dokumenttype='Sa Andet' modtageradresse='03-SC Køge' routning='MJ STRUER' antal='1'/><Linie dokumenttype='Sa Struer' modtageradresse='03-SC Køge' routning='MJ STRUER' antal='1'/><Linie dokumenttype='Samtykkeerklæring' modtageradresse='03-SC Køge' routning='KI MSS' antal='1'/><Linie dokumenttype='Samtykkeerklæring' modtageradresse='03-SC Køge' routning='MSS KØGE' antal='1'/><Linie dokumenttype='Selskabsskat Aconto' modtageradresse='03-SC Køge' routning='default' antal='1'/><Linie dokumenttype='Spil' modtageradresse='03-SC Køge' routning='C MJ Spil Køge Punktafgifter' antal='1'/><Linie dokumenttype='SR Kontrakter' modtageradresse='03-SC Køge' routning='default' antal='1'/><Linie dokumenttype='T Landbrugsordninger' modtageradresse='03-SC Køge' routning='default' antal='1'/><Linie dokumenttype='T NørreAlslev' modtageradresse='03-SC Køge' routning='C KBH Told Nørre Alslev' antal='1'/><Linie dokumenttype='T Recepter Tanya Pineda' modtageradresse='03-SC Køge' routning='C MSS Indsats Told 1 Tanya' antal='1'/><Linie dokumenttype='T Smugleri' modtageradresse='03-SC Køge' routning='MSS Punktafgifter' antal='1'/><Linie dokumenttype='TN Diverse' modtageradresse='03-SC Køge' routning='C KBH Told Nørre Alslev' antal='1'/><Linie dokumenttype='TN Varemærkeforfalskning' modtageradresse='03-SC Køge' routning='C KBH Told Nørre Alslev' antal='1'/><Linie dokumenttype='Told' modtageradresse='03-SC Køge' routning='MSS Told 2' antal='1'/><Linie dokumenttype='Transfer Pricing' modtageradresse='03-SC Køge' routning='MSS HOL' antal='1'/><Linie dokumenttype='TS Diana Kielstrup Børgesen' modtageradresse='03-SC Køge' routning='C MSS Indsats Told2 Diana' antal='1'/><Linie dokumenttype='TS Jan G Edvardsen' modtageradresse='03-SC Køge' routning='C MSS Indsats Told2 Jan' antal='1'/><Linie dokumenttype='TS Jeanne Blum' modtageradresse='03-SC Køge' routning='C MSS Indsats Told2 Jeanne' antal='1'/><Linie dokumenttype='TS Lasse Romer' modtageradresse='03-SC Køge' routning='C MSS Indsats Told2 Lasse' antal='1'/></Statistik>