<?xml version="1.0" encoding="utf-8"?>
<Metadata xmlns="http://rep.oio.dk/infostructurebase/schemas/2004/09/13/">
	<Title>AktierSpecifikationUdbytteDkAktierEjMarkedBeloeb</Title>
	<DescriptionStructure>
		<DescriptionEnglish/>
		<DescriptionDanish>Beløb der udgør udbytte af danske aktier, ikke optaget til handel på et reguleret marked, og udlodning fra visse investeringsforeninger, ikke medtaget i rubrik 64.</DescriptionDanish>
	</DescriptionStructure>
	<LabelStructure><LabelDanish>AktierSpecifikationUdbytteDkAktierEjMarkedBeloeb</LabelDanish></LabelStructure>
	<Version>1.0.0</Version>
</Metadata>
