<?xml version="1.0" encoding="utf-8"?>
<Metadata xmlns="http://rep.oio.dk/infostructurebase/schemas/2004/09/13/">
	<Title>EjendomAngivelseErhvervsudlejningsdageKvantitet</Title>
	<DescriptionStructure>
		<DescriptionEnglish/>
		<DescriptionDanish>Flerårig erhvervsmæssig udlejning (antal dage). Felt 747</DescriptionDanish>
	</DescriptionStructure>
	<LabelStructure><LabelDanish>EjendomAngivelseErhvervsudlejningsdageKvantitet</LabelDanish></LabelStructure>
	<Version>1.0.0</Version>
</Metadata>
