<?xml version="1.0" encoding="utf-8"?>
<Metadata xmlns="http://rep.oio.dk/infostructurebase/schemas/2004/09/13/">
	<Title>KapitalindkomstGevinstTabObligationerInvesteringforeningBeloeb</Title>
	<DescriptionStructure>
		<DescriptionEnglish/>
		<DescriptionDanish>Beløbet i rubrikken skal omfatte: -Gevinster og tab på investeringsbeviser i minimumsudloddende obligationsbaserede investeringsforeninger.</DescriptionDanish>
	</DescriptionStructure>
	<LabelStructure><LabelDanish>KapitalindkomstGevinstTabObligationerInvesteringforeningBeloeb</LabelDanish></LabelStructure>
	<Version>1.0.0</Version>
</Metadata>
