<?xml version="1.0" encoding="utf-8"?>
<Metadata xmlns="http://rep.oio.dk/infostructurebase/schemas/2004/09/13/">
	<Title>KapitalindkomstReservefondsudlodningVaerdistigningBeloeb</Title>
	<DescriptionStructure>
		<DescriptionEnglish/>
		<DescriptionDanish>Beløb der udgør:  - Reservefondsudlodninger fra danske realkreditinstitutter.  - Kapitalværdistigninger af danske kapitalforsikringer, hvor forsikringsbegivenheden (dødsfald, opnået alder eller lignende) er indtrådt, men udbetalingen sker ratevis eller er udskudt.  - Når du indfrier gamle lån ved at få udbetalt reservefondsandele: 2/3 af det beløb, udlodningen overstiger det oprindelige indskud med. Det gælder, uanset om du får udlodningen udbetalt kontant, eller om du anvender beløbet helt eller delvis som indskud til reservefond i et nyt lån. - Når du får en reservefondsudlodning ved ekstraordinært at afskrive på restgælden, uden at det har forbindelse med indfrielsen af lånet: 2/3 af det beløb, du får udloddet fra reservefonden.</DescriptionDanish>
	</DescriptionStructure>
	<LabelStructure><LabelDanish>KapitalindkomstReservefondsudlodningVaerdistigningBeloeb</LabelDanish></LabelStructure>
	<Version>1.0.0</Version>
</Metadata>
