<?xml version="1.0" encoding="utf-8"?>
<Metadata xmlns="http://rep.oio.dk/infostructurebase/schemas/2004/09/13/">
	<Title>KapitalindkomstEjendomsavanceBeloeb</Title>
	<DescriptionStructure>
		<DescriptionEnglish/>
		<DescriptionDanish>Beløb der udgøtr ejendomsavance. Beløbet skal omfatte avance fra salg af erhvervsejendomme (ejendomsavance).</DescriptionDanish>
	</DescriptionStructure>
	<LabelStructure><LabelDanish>KapitalindkomstEjendomsavanceBeloeb</LabelDanish></LabelStructure>
	<Version>1.0.0</Version>
</Metadata>
