<?xml version="1.0" encoding="utf-8"?>
<Metadata xmlns="http://rep.oio.dk/infostructurebase/schemas/2004/09/13/">
	<Title>KapitalindkomstGevinstTabAktierBevisInvesteringsselskabBeloeb</Title>
	<DescriptionStructure>
		<DescriptionEnglish/>
		<DescriptionDanish>Beløbet i rubrikken skal omfatte:  - Realiserede og urealiserede gevinster og tab på aktier og investeringsforeningsbeviser, der er udstedt af et investeringsselskab.</DescriptionDanish>
	</DescriptionStructure>
	<LabelStructure><LabelDanish>KapitalindkomstGevinstTabAktierBevisInvesteringsselskabBeloeb</LabelDanish></LabelStructure>
	<Version>1.0.0</Version>
</Metadata>
