<?xml version="1.0" encoding="utf-8"?>
<Metadata xmlns="http://rep.oio.dk/infostructurebase/schemas/2004/09/13/">
	<Title>KapitalindkomstKapitalafkastordningenBeloeb</Title>
	<DescriptionStructure>
		<DescriptionEnglish/>
		<DescriptionDanish>Beløb der udgør kapitalafkast i kapitalafkastordningen. Beløbet skal omfatte: - Det beregnede kapitalafkast.</DescriptionDanish>
	</DescriptionStructure>
	<LabelStructure><LabelDanish>KapitalindkomstKapitalafkastordningenBeloeb</LabelDanish></LabelStructure>
	<Version>1.0.0</Version>
</Metadata>
