<?xml version="1.0" encoding="utf-8"?>
<Metadata xmlns="http://rep.oio.dk/infostructurebase/schemas/2004/09/13/">
	<Title>KapitalindkomstAndenKapitalindkomstBeloeb</Title>
	<DescriptionStructure>
		<DescriptionEnglish/>
		<DescriptionDanish>Beløb der udgør gevinst og tab ved salg af pantebreve og fordringer, der ikke er obligationer, hvis de er købt 27. januar 2010 eller senere, gevinst ved salg af pantebreve og fordringer i danske kroner, der ikke er obligationer, hvis de er købt før 27. januar 2010 og ikke opfyldte mindsterentekravet på udstedelsestidspunktet, gevinst og tab på fordringer og gæld i udenlandsk valuta, nettorenteindtægt af pantebreve, hvis de både er købt og solgt igen i 2011, renteindtægter af pantebreve, der ikke er i depot, fratrukket et evt. vederlag for renter betalt ved køb af pantebrevene i 2011, gevinst ved ekstraordinær indfrielse af kontantlån og nettofortjeneste (positivt resultat efter fradrag af tab i 2011 og fremført tab fra tidligere år) af gevinst på finansielle kontrakter og strukturerede obligationer og fortjeneste ved salg af fast ejendom eller afkast på livsforsikringer og lignende.</DescriptionDanish>
	</DescriptionStructure>
	<LabelStructure><LabelDanish>KapitalindkomstAndenKapitalindkomstBeloeb</LabelDanish></LabelStructure>
	<Version>1.0.0</Version>
</Metadata>
