<?xml version="1.0" encoding="utf-8"?>
<Metadata xmlns="http://rep.oio.dk/infostructurebase/schemas/2004/09/13/">
	<Title>KapitalindkomstKapitalafkastVirksomhedordningenBeloeb</Title>
	<DescriptionStructure>
		<DescriptionEnglish/>
		<DescriptionDanish>Beløb der udgør kapitalafkast i virksomhedsordningen. Beløbet skal omfatte - Det beregnede kapitalafkast.</DescriptionDanish>
	</DescriptionStructure>
	<LabelStructure><LabelDanish>KapitalindkomstKapitalafkastVirksomhedordningenBeloeb</LabelDanish></LabelStructure>
	<Version>1.0.0</Version>
</Metadata>
