<?xml version="1.0" encoding="utf-8"?>
<Metadata xmlns="http://rep.oio.dk/infostructurebase/schemas/2004/09/13/">
	<Title>LigningmaessigFradragOevrigeLoenmodtagerudgifterBeloeb</Title>
	<DescriptionStructure>
		<DescriptionEnglish/>
		<DescriptionDanish>Fradrag for andre lønmodtager afgifter, som ikke er specificeret i rubrik51, 52, 54 og 59. Kun den del af udgifterne som overstiger 5.500 er med i beløbet.</DescriptionDanish>
	</DescriptionStructure>
	<LabelStructure><LabelDanish>LigningmaessigFradragOevrigeLoenmodtagerudgifterBeloeb</LabelDanish></LabelStructure>
	<Version>1.0.0</Version>
</Metadata>
