<?xml version="1.0" encoding="utf-8"?>
<Metadata xmlns="http://rep.oio.dk/infostructurebase/schemas/2004/09/13/">
	<Title>LigningmaessigFradragAkasseBeloeb</Title>
	<DescriptionStructure>
		<DescriptionEnglish/>
		<DescriptionDanish>Beløbet omfatter:   - Udgifter til arbejdsløshedsforsikring i en A-kasse - Bidrag til efterløns- og fleksydelsesordningen - Bidrag til en privattegnet arbejdsløshedsforsikring, hvis forsikringsselskabet skal indberette indbetalte bidrag.</DescriptionDanish>
	</DescriptionStructure>
	<LabelStructure><LabelDanish>LigningmaessigFradragAkasseBeloeb</LabelDanish></LabelStructure>
	<Version>1.0.0</Version>
</Metadata>
