<?xml version="1.0" encoding="utf-8"?>
<Metadata xmlns="http://rep.oio.dk/infostructurebase/schemas/2004/09/13/">
	<Title>LigningmaessigFradragUdgifterServicefradragBeloeb</Title>
	<DescriptionStructure>
		<DescriptionEnglish/>
		<DescriptionDanish>Beløbet omfatter udgifter til arbejdsløn for service og vedligeholdelse på op til 15.000 kr. i alt (inkl. eventuel moms).</DescriptionDanish>
	</DescriptionStructure>
	<LabelStructure><LabelDanish>LigningmaessigFradragUdgifterServicefradragBeloeb</LabelDanish></LabelStructure>
	<Version>1.0.0</Version>
</Metadata>
