<?xml version="1.0" encoding="utf-8"?>
<Metadata xmlns="http://rep.oio.dk/infostructurebase/schemas/2004/09/13/">
	<Title>LigningmaessigFradragUnderholdsbidragBoernebidragBeloeb</Title>
	<DescriptionStructure>
		<DescriptionEnglish/>
		<DescriptionDanish>Beløbet i rubrikken skal indeholde dine fradragsberettigede udgifter til:  - Børnebidrag  - Underholdsbidrag (til tidligere ægtefælle)  - Aftægtsforpligtelse og underholdsydelser.</DescriptionDanish>
	</DescriptionStructure>
	<LabelStructure><LabelDanish>LigningmaessigFradragUnderholdsbidragBoernebidragBeloeb</LabelDanish></LabelStructure>
	<Version>1.0.0</Version>
</Metadata>
