<?xml version="1.0" encoding="utf-8"?>
<Metadata xmlns="http://rep.oio.dk/infostructurebase/schemas/2004/09/13/">
	<Title>LigningmaessigFradragBoernedagplejereFiskereBeloeb</Title>
	<DescriptionStructure>
		<DescriptionEnglish/>
		<DescriptionDanish>I rubrikken indgår:  - Udgifter til pc-ordning med fradrag (højst 3.500 kr.) - Børnedagplejeres udgifter med fradrag, beregnet som en fast procentdel af lønnen (hvis du vælger fradrag for faktiske udgifter, skal beløbet i stedet med i rubrik 58). •Fradrag vedrørende DIS-indkomst (begrænset fart) - Udgifter til fredede ejendomme med fradrag - Handicappede og kronisk syges udgifter til befordring - Udgifter i forbindelse med hverv som nævning, domsmand eller lignende - Fiskeres fradrag for havdage.</DescriptionDanish>
	</DescriptionStructure>
	<LabelStructure><LabelDanish>LigningmaessigFradragBoernedagplejereFiskereBeloeb</LabelDanish></LabelStructure>
	<Version>1.0.0</Version>
</Metadata>
