<?xml version="1.0" encoding="utf-8"?>
<Metadata xmlns="http://rep.oio.dk/infostructurebase/schemas/2004/09/13/">
	<Title>PersonligIndkomstIndkomstVirksomhedsbeskatningBeloeb</Title>
	<DescriptionStructure>
		<DescriptionEnglish/>
		<DescriptionDanish>Beløb der udgør indkomst til beskatning efter reglerne i virksomhedsordningen (årets opsparede overskud tillagt virksomhedsskat) Beløbet skal omfatte:  - Årets opsparede beløb tillagt virksomhedsskat.</DescriptionDanish>
	</DescriptionStructure>
	<LabelStructure><LabelDanish>PersonligIndkomstIndkomstVirksomhedsbeskatningBeloeb</LabelDanish></LabelStructure>
	<Version>1.0.0</Version>
</Metadata>
