<?xml version="1.0" encoding="utf-8"?>
<Metadata xmlns="http://rep.oio.dk/infostructurebase/schemas/2004/09/13/">
	<Title>PersonSelvangivelseFradragHelaarsomregningIndikator</Title>
	<DescriptionStructure>
		<DescriptionEnglish/>
		<DescriptionDanish>Ved skattepligt til Danmark i en kortere periode end et år kan der vælges om der ønskes personfradrag kombineret med helårsomregning af delårsindkomst (True=Ja). Felt 722</DescriptionDanish>
	</DescriptionStructure>
	<LabelStructure><LabelDanish>PersonSelvangivelseFradragHelaarsomregningIndikator</LabelDanish></LabelStructure>
	<Version>1.0.0</Version>
</Metadata>
