<?xml version="1.0" encoding="utf-8"?>
<Metadata xmlns="http://rep.oio.dk/infostructurebase/schemas/2004/09/13/">
	<Title>PersonligIndkomstFradragMedarbejdendeAegtefaelleBeloeb</Title>
	<DescriptionStructure>
		<DescriptionEnglish/>
		<DescriptionDanish>Beløb der udgør den del af virksomhedsoverskuddet, der skal overføres til beskatning hos medarbejdende ægtefælle.</DescriptionDanish>
	</DescriptionStructure>
	<LabelStructure><LabelDanish>PersonligIndkomstFradragMedarbejdendeAegtefaelleBeloeb</LabelDanish></LabelStructure>
	<Version>1.0.0</Version>
</Metadata>
