<?xml version="1.0" encoding="utf-8"?>
<Metadata xmlns="http://rep.oio.dk/infostructurebase/schemas/2004/09/13/">
	<Title>PersonligIndkomstOverfoertOpsparetOverskudSumBeloeb</Title>
	<DescriptionStructure>
		<DescriptionEnglish/>
		<DescriptionDanish>Summen af beløb der er overført fra konto for opsparet overskud tillagt virksomhedsskat. Beløbet skal omfatte det hævede beløb inklusiv den foreløbige betalte skat.</DescriptionDanish>
	</DescriptionStructure>
	<LabelStructure><LabelDanish>PersonligIndkomstOverfoertOpsparetOverskudSumBeloeb</LabelDanish></LabelStructure>
	<Version>1.0.0</Version>
</Metadata>
