<?xml version="1.0" encoding="utf-8"?>
<Metadata xmlns="http://rep.oio.dk/infostructurebase/schemas/2004/09/13/">
	<Title>PersonligIndkomstTilbagebetalingKontanthjaelpIntroydelseBeloeb</Title>
	<DescriptionStructure>
		<DescriptionEnglish/>
		<DescriptionDanish>Beløbet består af:  - Kontanthjælp, der er udbetalt fra og med 1994 til og med 2010 og tilbagebetalt i 2011.   - Introduktionsydelse, der er udbetalt i 2010 eller tidligere og tilbagebetalt i 2011.</DescriptionDanish>
	</DescriptionStructure>
	<LabelStructure><LabelDanish>PersonligIndkomstTilbagebetalingKontanthjaelpIntroydelseBeloeb</LabelDanish></LabelStructure>
	<Version>1.0.0</Version>
</Metadata>
