<?xml version="1.0" encoding="utf-8"?>
<Metadata xmlns="http://rep.oio.dk/infostructurebase/schemas/2004/09/13/">
	<Title>RegnskabAngivelseRevisorforbeholdKode</Title>
	<DescriptionStructure>
		<DescriptionEnglish/>
		<DescriptionDanish>Hvad forbeholdet eller supplerende oplysninger fra revisor vedrører. Muligheder: 1) overholdelse af skatte- og afgiftslovgivning, 2) overholdelse af regnskabslovgivningen, 3) andet. Felt 612</DescriptionDanish>
	</DescriptionStructure>
	<LabelStructure><LabelDanish>RegnskabAngivelseRevisorforbeholdKode</LabelDanish></LabelStructure>
	<Version>1.0.0</Version>
</Metadata>
