<?xml version="1.0" encoding="utf-8"?>
<Metadata xmlns="http://rep.oio.dk/infostructurebase/schemas/2004/09/13/">
	<Title>RegnskabAngivelseGaeldseftergivelseIndikator</Title>
	<DescriptionStructure>
		<DescriptionEnglish/>
		<DescriptionDanish>Er der opnået gældseftergivelse eller akkord (true=ja). Felt 697</DescriptionDanish>
	</DescriptionStructure>
	<LabelStructure><LabelDanish>RegnskabAngivelseGaeldseftergivelseIndikator</LabelDanish></LabelStructure>
	<Version>1.0.0</Version>
</Metadata>
