{
  "targetNamespace" : "http://skat.dk/begrebsmodel/2022/01/01/",
  "elementFormDefault" : "qualified",
  "attributeFormDefault" : "unqualified",
  "version" : "1.0",
  "annotation" : {
    "documentation" : "Oplysninger omkring ejerskabet af en ejendom "
  },
  "include" : [ {
    "schemaLocation" : "../types/DatoType.json"
  }, {
    "schemaLocation" : "../types/KodeEtTegnType.json"
  }, {
    "schemaLocation" : "../types/TalHel3Type.json"
  }, {
    "schemaLocation" : "../types/KodeType.json"
  }, {
    "schemaLocation" : "../types/MarkeringType.json"
  }, {
    "schemaLocation" : "../types/Decimalbroek1Type.json"
  }, {
    "schemaLocation" : "../types/TalHel1Type.json"
  }, {
    "schemaLocation" : "../types/TalHel5Type.json"
  } ],
  "element" : [ {
    "name" : "EjendomEjerskabStartdato",
    "type" : "skat2022:DatoType",
    "annotation" : {
      "documentation" : "Startdatoen for ejerperioden i hvilken der skal betales ejendomsværdiskat i forbindelse med køb/salg"
    }
  }, {
    "name" : "EjendomEjerskabSlutdato",
    "type" : "skat2022:DatoType",
    "annotation" : {
      "documentation" : "Slutdatoen for ejerperioden i hvilken der skal betales ejendomsværdiskat i forbindelse med køb/salg"
    }
  }, {
    "name" : "EjendomEjerskabBeboelseStartdato",
    "type" : "skat2022:DatoType",
    "annotation" : {
      "documentation" : "Startdatoen for beboet periode i hvilken der skal betales ejendomsværdiskat i forbindelse med køb/salg"
    }
  }, {
    "name" : "EjendomEjerskabBeboelseSlutdato",
    "type" : "skat2022:DatoType",
    "annotation" : {
      "documentation" : "Slutdatoen for beboet periode i hvilken der skal betales ejendomsværdiskat i forbindelse med køb/salg"
    }
  }, {
    "name" : "EjendomEjerskabType",
    "type" : "skat2022:KodeEtTegnType",
    "annotation" : {
      "documentation" : "Kode for om nuværende ejer er hovedejer, medejer eller sælger. KMD feltnavn CITYP  Tilladte værdier  1 = hovedejer 3 = medejer 5 = sælger, en ejer 7 = sælger, flere ejere"
    }
  }, {
    "name" : "EjendomEjerskabAfståelseAfgangsført",
    "type" : "skat2022:DatoType",
    "annotation" : {
      "documentation" : "Ejers dato for afståelse af ejendommen (salgsdatoen)   KMD Feltnavn DAFSTAA KMD Format - ÅÅÅÅMMDD dette dataelement har forskelligt format"
    }
  }, {
    "name" : "EjendomEjerskabEjerAfgangsført",
    "type" : "skat2022:DatoType",
    "annotation" : {
      "documentation" : "Dato for hvornår ejer er afgangsført på ejendommen (dato for registerføring)   Format - ÅÅÅÅMMDD  KMD Feltnavn: DAFGDAT "
    }
  }, {
    "name" : "EjendomEjerskabSkødeDato",
    "type" : "skat2022:DatoType",
    "annotation" : {
      "documentation" : "Dato for hvornår skødet/anmeldelsen for seneste handel (køb), er tinglyst. KMD feltnavn: DSKØDE KMD Format - ÅÅÅÅMMDD - dette dataelement har forskelligt format. "
    }
  }, {
    "name" : "EjendomEjerskabAntalEjere",
    "type" : "skat2022:TalHel3Type",
    "annotation" : {
      "documentation" : "Antal ejere af ejendommen på det tidspunkt, hvor denne ejer ejede ejendommen.  KMD Feltkode FEJER"
    }
  }, {
    "name" : "EjendomEjerskabEjerstatuskode",
    "type" : "skat2022:KodeEtTegnType",
    "annotation" : {
      "documentation" : "Kode for om aktuel ejer er hovedejer, medejer eller ligestillingsejer  KMD Feltnavn: CHEJD"
    }
  }, {
    "name" : "EjendomEjerskabEjerforholdKode",
    "type" : "skat2022:KodeType",
    "annotation" : {
      "documentation" : "Kode for ejendommens ejerforhold."
    }
  }, {
    "name" : "EjendomEjerskabErhvervetFør1998",
    "type" : "skat2022:MarkeringType",
    "annotation" : {
      "documentation" : "Er ejendommen erhvervet før 2/7 1998 (true=ja). Felt 712"
    }
  }, {
    "name" : "EjendomEjerskabEjerandel",
    "type" : "skat2022:Decimalbrøk1Type",
    "annotation" : {
      "documentation" : "Ejerandel af ejendomsværdi.  1=100  Felt 735"
    }
  }, {
    "name" : "EjendomEjerskabEjerandelKode100",
    "type" : "skat2022:TalHel1Type",
    "annotation" : {
      "documentation" : "Kode for om den samlede ejerandel for alle ejere er 100 % (+/-1): Bl. = samlet ejerandel er mindre end 99 % og ejerandel er for samtlige ejere forskellig fra nul          (er også nul ved en ejer der ejer 100 %)         eller samlet ejerandel er større end 101 %. 1  = samlet ejerandel er 100%(+/-1) og ejerandel er for samtlige ejere forskellig fra nul 2  = samlet ejerandel er mindre end 99 % og mindst en ejer har ejerandel = nul.  CEJ_100"
    }
  }, {
    "name" : "EjendomEjerskabPensionistKode",
    "type" : "skat2022:KodeEtTegnType",
    "annotation" : {
      "documentation" : "Kode for om ejer er pensionist:   KMD Feltnavn: CPENS  "
    }
  }, {
    "name" : "EjendomEjerskabEjendelHeltal",
    "type" : "skat2022:TalHel5Type",
    "annotation" : {
      "documentation" : "Ejerandel af ejendomsværdi. ganget med 100  dvs heltal. "
    }
  }, {
    "name" : "EjendomEjerskabErhvervetFør2007",
    "type" : "skat2022:MarkeringType",
    "annotation" : {
      "documentation" : "Frankrig, er ejendommen erhvervet før den 29/11-2007"
    }
  } ]
}