{
  "targetNamespace" : "http://skat.dk/begrebsmodel/2022/01/01/",
  "elementFormDefault" : "qualified",
  "attributeFormDefault" : "unqualified",
  "version" : "1.0",
  "annotation" : {
    "documentation" : "Begrebet dækker over en indkomst i en given periode inden for et indkomstår."
  },
  "include" : [ {
    "schemaLocation" : "../types/AarType.json"
  }, {
    "schemaLocation" : "../types/DatoType.json"
  } ],
  "element" : [ {
    "name" : "IndkomstÅr",
    "type" : "skat2022:AarType",
    "annotation" : {
      "documentation" : "Det år, hvor den indkomst, der er lagt til grund for skatteberegningen, er indtjent."
    }
  }, {
    "name" : "IndkomstPeriodeFra",
    "type" : "skat2022:DatoType",
    "annotation" : {
      "documentation" : "Angiver startdato for den periode, hvor borgeren har udført arbejde i ét konkret arbejdsforhold.  Startdatoen kan være før indkomståret, og slutdatoen kan være efter indkomståret, men indkomståret skal indgå i perioden. "
    }
  }, {
    "name" : "IndkomstPeriodeTil",
    "type" : "skat2022:DatoType",
    "annotation" : {
      "documentation" : "Slutdato for den indkomstperiode, der ligger til grund for en potentiel skatteberegning:  Perioden skal altid referere til et indkomstår.  Perioden kan godt være sammenfaldende med et indkomstår.  Perioden kan godt være mindre end et indkomstår.  Perioden må IKKE være længere end et indkomstår."
    }
  } ]
}