{
  "targetNamespace" : "http://skat.dk/begrebsmodel/2022/01/01/",
  "elementFormDefault" : "qualified",
  "attributeFormDefault" : "unqualified",
  "version" : "1.0",
  "annotation" : {
    "documentation" : "En kommune i Danmark eller Grønland"
  },
  "include" : {
    "schemaLocation" : "../types/KommuneNummerType.json"
  },
  "element" : {
    "name" : "KommuneNummer",
    "type" : "skat2022:KommuneNummerType",
    "annotation" : {
      "documentation" : "En 3-cifret kode som identificerer en kommune. (Nogle systemer tillader dog en række koder som ikke er egentlige kommuner.)"
    }
  }
}