{
  "targetNamespace" : "http://skat.dk/begrebsmodel/2022/01/01/",
  "elementFormDefault" : "qualified",
  "attributeFormDefault" : "unqualified",
  "version" : "1.0",
  "annotation" : {
    "documentation" : "Boligenhed (ideel anpart) i en tofamilie-ejendom."
  },
  "include" : {
    "schemaLocation" : "../types/TalHel1Type.json"
  },
  "element" : [ {
    "name" : "TofamilieenhedLøbenummer",
    "type" : "skat2022:TalHel1Type",
    "annotation" : {
      "documentation" : "Grundlæggende værdisæt for danske tofamilieshuse med to ejerboligværdier: 1 = enhedsløbenr 1 2 = enhedsløbenr 2 Feltet (027) skal altid indberettes, hvis ejendomstype er et dansk tofamilieshus med to ejerboligværdier (felt 705=4) eller dansk tofamilieshus med en ejerboligværdi (felt 705=5). Felt 027 kan ikke anvendes sammen med andre ejendomstyper.  Enhedsløbenr skal sammen med benyttelseskoden indberettes på hver enkelt lejlighed. "
    }
  }, {
    "name" : "TofamilieenhedBenyttelseskode",
    "type" : "skat2022:TalHel1Type",
    "annotation" : {
      "documentation" : "Kode vedrører lejlighedens anvendelse i danske tofamilieshuse. Koden kan have følgende værdier:   1 = angiver har rådighed over lejligheden 2 = medejer har rådighed over lejligheden 3 = angiver udlejer lejligheden hele året  Koden skal kun indberettes på ejendomme opsat med to enhedsløbenumre (felt 705=4). Koden skal sammen med enhedsløbenr indberettes på hver enkelt lejlighed. Værdien 2 kan ikke indberettes på begge enhedsløbenumre. "
    }
  } ]
}