{
  "targetNamespace" : "http://skat.dk/begrebsmodel/2022/01/01/",
  "elementFormDefault" : "qualified",
  "attributeFormDefault" : "unqualified",
  "version" : "1.0",
  "annotation" : {
    "documentation" : "Vurderingsejendommen består af en eller flere BFE (Bestemt Fast Ejendom) som i vurderingsmæssig henseende skal behandles under et. En vurderingsejendom kan også være en moderejendom til ejerlejligheder, som ikke skal håndteres udadtil, men alene internt systemmæssigt.   BEMÆRK: Før SKAT2020 var betgenelsen fejlagtigt VurderingEjendom"
  },
  "include" : [ {
    "schemaLocation" : "../types/TalHelType.json"
  }, {
    "schemaLocation" : "../types/DatoType.json"
  }, {
    "schemaLocation" : "../types/TalHel10Type.json"
  } ],
  "element" : [ {
    "name" : "VurderingsejendomESREjendomsnummer",
    "type" : "skat2022:TalHelType",
    "annotation" : {
      "documentation" : "Identifikation af en ejendom indenfir en kommune. Historiske ejendomme, der ikke får BFENummer vil udefra blive identificeret ved en kombination af denne nummer og kommunenummer."
    }
  }, {
    "name" : "VurderingsejendomGyldigFra",
    "type" : "skat2022:DatoType",
    "annotation" : {
      "documentation" : "Angiver hvornår tilknytningen mellem et eller flere BFE numre og VurderingsEjendom er gyldig fra"
    }
  }, {
    "name" : "VurderingsejendomGyldigTil",
    "type" : "skat2022:DatoType",
    "annotation" : {
      "documentation" : "Angiver hvornår tilknytningen mellem et eller flere BFE numre og VurderingsEjendom er gyldig til"
    }
  }, {
    "name" : "VurderingsejendomID",
    "type" : "skat2022:TalHel10Type",
    "annotation" : {
      "documentation" : "Entydig identifikation for en Vurderingsejendom som den forventes at se ud i det fremtidige Ejendomsvurderingssystem ICE. "
    }
  }, {
    "name" : "VurderingsejendomVUREjendom_ID",
    "type" : "skat2022:TalHelType",
    "annotation" : {
      "documentation" : "VUR's entydige identifikation af en ejendom på vurderingstidspunktet"
    }
  } ]
}