{
  "targetNamespace" : "http://skat.dk/begrebsmodel/2022/01/01/",
  "elementFormDefault" : "qualified",
  "version" : "1.0",
  "simpleType" : {
    "name" : "ÅrstalType",
    "annotation" : {
      "documentation" : "Et årstal. Gyldige værdier er 1700 - 9999"
    },
    "restriction" : {
      "base" : "xs:integer",
      "pattern" : {
        "value" : "[0-9]{4}"
      },
      "maxInclusive" : {
        "value" : "9999"
      },
      "minInclusive" : {
        "value" : "1700"
      },
      "totalDigits" : {
        "value" : "4"
      },
      "fractionDigits" : {
        "value" : "0"
      }
    }
  }
}