{
  "targetNamespace" : "http://skat.dk/begrebsmodel/2022/01/01/",
  "elementFormDefault" : "qualified",
  "version" : "1.0",
  "simpleType" : {
    "name" : "BeløbPositiv11UdenDecimalerType",
    "annotation" : {
      "documentation" : "Et positivt beløb som ingen decimaler har. Værdierne ligger indenfor følgende område: 0 - 99.999.999.999."
    },
    "restriction" : {
      "base" : "xs:integer",
      "maxInclusive" : {
        "value" : "99999999999"
      },
      "minInclusive" : {
        "value" : "0"
      },
      "totalDigits" : {
        "value" : "11"
      },
      "fractionDigits" : {
        "value" : "0"
      }
    }
  }
}