{
  "targetNamespace" : "http://skat.dk/begrebsmodel/2022/01/01/",
  "elementFormDefault" : "qualified",
  "version" : "1.0",
  "simpleType" : {
    "name" : "LigeUligeType",
    "annotation" : {
      "documentation" : "Angivelse om tal er lige eller ulige."
    },
    "restriction" : {
      "base" : "xs:string",
      "maxLength" : {
        "value" : "10"
      },
      "pattern" : {
        "value" : "[a-zA-ZøæåØÆÅ]*"
      },
      "enumeration" : [ {
        "value" : "Lige"
      }, {
        "value" : "Ulige"
      } ]
    }
  }
}