{
  "targetNamespace" : "http://skat.dk/begrebsmodel/2022/01/01/",
  "elementFormDefault" : "qualified",
  "version" : "1.0",
  "include" : {
    "schemaLocation" : "../types/AdresseTypeKodeType.json"
  },
  "element" : {
    "name" : "AdresseTypeKode",
    "type" : "skat2022:AdresseTypeKodeType",
    "annotation" : {
      "documentation" : "Unik kode som identificerer en adressetype. Koder omfatter:  001 = Vejregisteradresse 002 = Postboksadresse 003 = Dansk adresse 004 = Udenlandsk adresse 005 = Ufuldstændig adresse"
    }
  }
}