{
  "targetNamespace" : "http://skat.dk/begrebsmodel/2022/01/01/",
  "elementFormDefault" : "qualified",
  "attributeFormDefault" : "unqualified",
  "version" : "1.0",
  "annotation" : {
    "documentation" : "Fra Matriklen: En fast ejendom der er 'bestemt', dvs. tilstrækkelig individualiseret, stedbestemt og afgrænset.  Bestemt fast ejendom underopdeles i ejendomstyperne: · Samlet fast ejendom (inkl. samejede bygninger) · Bygninger på fremmed grund* · Ejerlejligheder, herunder ejerlejlighed i BPFG  Ejendomsbegrebet Bestemt fast ejendom er defineret og afgrænset nærmere af den retspraksis, som er opstået i tilknytning til tinglysningslovens § 10, stk. 1.  *: Bygning eller teknisk anlæg, hvis ejerskab afviger fra ejerskabet til underliggende grund og som er bestemt til varig forbliven på stedet - i konstruktionsmæssig henseende uafhængig af eventuelle andre bygninger (bortset fra fælles brandmur, som da skal være tinglyst efter byggeloven)."
  },
  "include" : {
    "schemaLocation" : "../types/BFENummerType.json"
  },
  "element" : {
    "name" : "BestemtFastEjendomBFENummer",
    "type" : "skat2022:BFENummerType",
    "annotation" : {
      "documentation" : "Fra Matriklen: Unikt fortløbende identifikation tildelt den specifikke bestemte fast ejendom.  OBS: formatet foreløbigt defineret alene som Integer datatype fra Matriklens side."
    }
  }
}