{
  "targetNamespace" : "http://skat.dk/begrebsmodel/2022/01/01/",
  "elementFormDefault" : "qualified",
  "attributeFormDefault" : "unqualified",
  "version" : "1.0",
  "annotation" : {
    "documentation" : "En afgørelse af en ejendoms beskatningsmæssige værdi. Ejerboliger vurderes i ulige år. Andre ejendomme vurderes i lige år.  Vurderingen af en ejendom danner grundlag for beskatning efter den kommunale ejendomsskattelov (KESL) og efter ejendomsværdiskatteloven (EVSL). Den offentlige ejendomsvurdering anvendes desuden i en lang række andre skatte- og afgiftsmæssige sammenhænge mv.  BEMÆRK: Før SKAT2020 var betgenelsen fejlagtigt EjendomVurdering"
  },
  "include" : [ {
    "schemaLocation" : "../types/TalHel11Type.json"
  }, {
    "schemaLocation" : "../types/TalHel4Type.json"
  }, {
    "schemaLocation" : "../types/Tekst2Type.json"
  }, {
    "schemaLocation" : "../types/Tekst1Type.json"
  }, {
    "schemaLocation" : "../types/BeloebType.json"
  }, {
    "schemaLocation" : "../types/KodeType.json"
  }, {
    "schemaLocation" : "../types/Tekst10Type.json"
  }, {
    "schemaLocation" : "../types/BeloebPositiv11UdenDecimalerType.json"
  }, {
    "schemaLocation" : "../types/KodeEtTegnType.json"
  }, {
    "schemaLocation" : "../types/Tekst50Type.json"
  }, {
    "schemaLocation" : "../types/TekstKortType.json"
  }, {
    "schemaLocation" : "../types/BeloebPositiv10UdenDecimalerType.json"
  }, {
    "schemaLocation" : "../types/ArealType.json"
  }, {
    "schemaLocation" : "../types/TalHel2Type.json"
  }, {
    "schemaLocation" : "../types/DatoType.json"
  }, {
    "schemaLocation" : "../types/AArstalType.json"
  }, {
    "schemaLocation" : "../types/TalHel3Type.json"
  } ],
  "element" : [ {
    "name" : "Ejendomsvurdering1993Pgf4BBeløb",
    "type" : "skat2022:TalHel11Type",
    "annotation" : {
      "documentation" : "Ejendommens eventuelle §. 4B vurdering pr. 19/5 1993 BEJDVÆP4B"
    }
  }, {
    "name" : "EjendomsvurderingAntalMedvurderedeLejligheder",
    "type" : "skat2022:TalHel4Type",
    "annotation" : {
      "documentation" : "Antal medvurderede lejligheder i den vurderede ejendom."
    }
  }, {
    "name" : "EjendomsvurderingBebyggelseProcent",
    "type" : "skat2022:TalHel4Type",
    "annotation" : {
      "documentation" : "Vilkårligt heltal på 1-2 cifre."
    }
  }, {
    "name" : "EjendomsvurderingBenyttelseKode",
    "type" : "skat2022:Tekst2Type",
    "annotation" : {
      "documentation" : "Benyttelseskode angiver ejendommens benyttelse, som den er blevet fastlagt i forbindelse med en vurdering."
    }
  }, {
    "name" : "EjendomsvurderingDifferenceBeløbKode",
    "type" : "skat2022:Tekst1Type",
    "annotation" : {
      "documentation" : "Kode for om der er differencebeløb (Opstår i forbindelse med udregning af ejendomsværdien) CDIFF"
    }
  }, {
    "name" : "EjendomsvurderingDækningAfgiftPligtForskelVærdi",
    "type" : "skat2022:BeløbType",
    "annotation" : {
      "documentation" : "Beløb angivet som decimaltal, fx. 1500,00"
    }
  }, {
    "name" : "EjendomsvurderingDækningAfgiftPligtKode",
    "type" : "skat2022:KodeType",
    "annotation" : {
      "documentation" : "En vilkårlig kode på 10 tegn."
    }
  }, {
    "name" : "EjendomsvurderingDækningsafgiftPligtType",
    "type" : "skat2022:Tekst10Type",
    "annotation" : {
      "documentation" : "Angiver en tekst på max. 10 alfanummeriske karakterer"
    }
  }, {
    "name" : "EjendomsvurderingEjendomVærdiBeløb",
    "type" : "skat2022:BeløbPositiv11UdenDecimalerType",
    "annotation" : {
      "documentation" : "Den ved en vurdering ansatte ejendomsværdi (i hele kroner)."
    }
  }, {
    "name" : "EjendomsvurderingEjerlejlighedKode",
    "type" : "skat2022:KodeEtTegnType",
    "annotation" : {
      "documentation" : "Kode for om en ejerlejlighed er vurderet som fri eller udlejet."
    }
  }, {
    "name" : "EjendomsvurderingEjSolgtKode",
    "type" : "skat2022:KodeEtTegnType",
    "annotation" : {
      "documentation" : "Kode for om ejerlejlighed er udlejet  1 og 3 = ej solgt ejerlejlighed. 9 = ejendommen omfattet af frigørelsesafgift. "
    }
  }, {
    "name" : "EjendomsvurderingForskelsværdiOver100pct",
    "type" : "skat2022:KodeEtTegnType",
    "annotation" : {
      "documentation" : "Ejendommens kode for forskelsværdi steget mere end 100 % fra årsvurdering-2005 til årsvurdering-2011 og/eller om der er byggeri. CFORSKEL"
    }
  }, {
    "name" : "EjendomsvurderingFredetKode",
    "type" : "skat2022:Tekst1Type",
    "annotation" : {
      "documentation" : "Kode for om ejendom er fredet, opsættes hvis der finders en fritagelse = P (Fredet ejendom)  CFRED"
    }
  }, {
    "name" : "EjendomsvurderingGrundVærdiBeløb",
    "type" : "skat2022:BeløbPositiv11UdenDecimalerType",
    "annotation" : {
      "documentation" : "Den ved vurdering ansatte grundværdi (i hele kroner)."
    }
  }, {
    "name" : "EjendomsvurderingGrundVærdiOmrådeNummer",
    "type" : "skat2022:KodeType",
    "annotation" : {
      "documentation" : "En kombination af bogstaver og tal der unikt identificerer et grundværdiområde indenfor en vurderingskreds i en kommune."
    }
  }, {
    "name" : "EjendomsvurderingKategoriKode",
    "type" : "skat2022:TalHel4Type",
    "annotation" : {
      "documentation" : "angiver ejendommens karakter, dvs om ejendommen er erhvervs, ejerbolig m.v. Skal erstatte benyttelseskoder.   koder der starter med 1 bliver vurderet i ejerboligår koder der starter med 2 bliver vurderet i erhvervsboligår"
    }
  }, {
    "name" : "EjendomsvurderingKlageType",
    "type" : "skat2022:Tekst50Type",
    "annotation" : {
      "documentation" : "Verserende klager, genoptagelser eller skatterådesager i 1. instans (SKAT) eller verserende klager i i 2. instans (Vurderingsankenævn). Feltet kan antage værdierne 'Registerrettelse', 'Genoptagelse egen drift', 'Genoptaget anmodning', 'Klagedato' eller 'Skatterådet-arbejdskopi'. "
    }
  }, {
    "name" : "EjendomsvurderingMeddelelseType",
    "type" : "skat2022:TekstKortType",
    "annotation" : {
      "documentation" : "En mindre tekst - typisk et eller få ord - som unikt giver mulighed for identifikationen af et givet begreb.  I nogle sammenhænge er det også brugt til mindre forklaringer (sætningsniveau)"
    }
  }, {
    "name" : "EjendomsvurderingOmvurderingGrund1",
    "type" : "skat2022:Tekst2Type",
    "annotation" : {
      "documentation" : "(COMVGR1). Ejendommens omvurderingsgrund 1 ved den 2015 vurdering "
    }
  }, {
    "name" : "EjendomsvurderingOmvurderingGrund2",
    "type" : "skat2022:Tekst2Type",
    "annotation" : {
      "documentation" : "(COMVGR2). Ejendommens omvurderingsgrund 2 ved den 2015 vurdering "
    }
  }, {
    "name" : "EjendomsvurderingPgf4KodeVurdering",
    "type" : "skat2022:KodeEtTegnType",
    "annotation" : {
      "documentation" : "Kode for § 4 eller § 4A vurdering. Koden angiver om vurderingen er en § 4 eller § 4A vurdering eller en ændret § 4 eller § 4A vurdering."
    }
  }, {
    "name" : "EjendomsvurderingPgf4KodeVurderingOphøjet",
    "type" : "skat2022:KodeEtTegnType",
    "annotation" : {
      "documentation" : "Kode for ophøjet §4 eller 4A vurdering. Koden angiver om vurderingen er en årsomvurdering, der er sket ved ophøjelsen af en §4 eller 4A vurdering."
    }
  }, {
    "name" : "EjendomsvurderingPgf4VurderingBeløb",
    "type" : "skat2022:TalHel11Type",
    "annotation" : {
      "documentation" : "BEJDVÆP4A Ejendommens ejendomsværdi ved evt. § 4/4A ved den 2015 vurdering  (Kontantværdi - værditype K - vurderingsændringskode er 5 eller 6) "
    }
  }, {
    "name" : "EjendomsvurderingSkovværdi",
    "type" : "skat2022:BeløbPositiv10UdenDecimalerType",
    "annotation" : {
      "documentation" : "(BSKOV). Ejendommens skovværdi  "
    }
  }, {
    "name" : "EjendomsvurderingUdlejetKode",
    "type" : "skat2022:KodeEtTegnType",
    "annotation" : {
      "documentation" : "Ejendommens kode for om ejerlejlighed er udlejet  CEJERL"
    }
  }, {
    "name" : "EjendomsvurderingUnderOpførelse",
    "type" : "skat2022:KodeEtTegnType",
    "annotation" : {
      "documentation" : "(CUOP). Kode for ejendommen er under opførsel eller ny opført ved den 2015 vurdering "
    }
  }, {
    "name" : "EjendomsvurderingVurderetAreal",
    "type" : "skat2022:ArealType",
    "annotation" : {
      "documentation" : "Det areal som ejendommen udgør på vurderingstidspunktet. "
    }
  }, {
    "name" : "EjendomsvurderingVurderingskredsKode",
    "type" : "skat2022:TalHel2Type",
    "annotation" : {
      "documentation" : "Underinddeling af en kommune som benyttes ved vurdering"
    }
  }, {
    "name" : "EjendomsvurderingVurderingsID",
    "type" : "skat2022:TalHel11Type",
    "annotation" : {
      "documentation" : "Nøgle der entydig identificerer en ejendomsvurdering"
    }
  }, {
    "name" : "EjendomsvurderingÆndringDato",
    "type" : "skat2022:DatoType",
    "annotation" : {
      "documentation" : "Angiver den dato for hvornår en vurdering er oprrettet Ex. hvis der klages over en vurdering med vurderingsår 2012 og ændring dato 01-10-2012, så oprettes der f.eks. den 27.5.2018 en klagesag med vurderingår 2012 og ændringdato 27-05-2013"
    }
  }, {
    "name" : "EjendomsvurderingÆndringKode",
    "type" : "skat2022:KodeEtTegnType",
    "annotation" : {
      "documentation" : "Årsagen til ændringen af ejendomsvurderingen. "
    }
  }, {
    "name" : "EjendomsvurderingÅr",
    "type" : "skat2022:ÅrstalType",
    "annotation" : {
      "documentation" : "Det år vurderingen gælder for."
    }
  }, {
    "name" : "EjendomsvurderingOprindelseKode",
    "type" : "skat2022:TalHel3Type",
    "annotation" : {
      "documentation" : "(Svarer til VURMARK hos VUR)  En kode som siger noget om en vurdering på flere parametre: System:  VUR; EogG Type: ordinær; foreløbig Ændring: Ændret; (Ikke ændret) Videreførelse: videreført; (ikke videreført) Årstype:  Vurderingsår; efterfølgende år Grundtype:  udstykning fra erhvervsejendom (i Q4 2019); (andet) Yderligere: Manuelt behandlet i SLUT  I koderne kombineres flere parametre, f.eks.: 0 Ingen vurdering. 1 Ordinær Vurdering fra VUR 2 Foreløbig beregning fra E&G 3 Ordinær Vurdering fra E&G ... 8 Videreført ændret foreløbig beregning fra E&G 9 Q4: Erhvervsejendom, hvorfra der er sket udstykning til en Q4-ejendom 10 Q4 - Foreløbig beregning fra E&G ... 13 Q4 - Videreført ændret foreløbig beregning 14 Manuel sagsbehandling foretaget i SLUT (reserveret til EVS SLUT/FORSKUD – kommer ikke på vurderinger eller foreløbige beregninger i VUR) ..."
    }
  } ]
}