{
  "targetNamespace" : "http://skat.dk/begrebsmodel/2022/01/01/",
  "elementFormDefault" : "qualified",
  "attributeFormDefault" : "unqualified",
  "version" : "1.0",
  "annotation" : {
    "documentation" : "Beskrivelse af fejl og status af fejl i system."
  },
  "include" : [ {
    "schemaLocation" : "../types/TypeType.json"
  }, {
    "schemaLocation" : "../types/TalHel2Type.json"
  }, {
    "schemaLocation" : "../types/TekstKortType.json"
  }, {
    "schemaLocation" : "../types/TekstLangType.json"
  } ],
  "element" : [ {
    "name" : "FejlType",
    "type" : "skat2022:TypeType",
    "annotation" : {
      "documentation" : "Type af fejl fx teknisk, validering osv."
    }
  }, {
    "name" : "FejlKode",
    "type" : "skat2022:TalHel2Type",
    "annotation" : {
      "documentation" : "Kode til beskrivelse af fejl fx for typen Teknisk fejl kunne en kode være Servicekald fejlet."
    }
  }, {
    "name" : "FejlTekst",
    "type" : "skat2022:TekstKortType",
    "annotation" : {
      "documentation" : "Tekst der beskriver koden for fejl."
    }
  }, {
    "name" : "FejlStatusKode",
    "type" : "skat2022:TalHel2Type",
    "annotation" : {
      "documentation" : "Kode til beskrivelse af status for fejl fx under behandling, afsluttet osv."
    }
  }, {
    "name" : "FejlStatusTekst",
    "type" : "skat2022:TekstKortType",
    "annotation" : {
      "documentation" : "Tekst der beskriver kode for status for fejl."
    }
  }, {
    "name" : "FejlBehandlingNote",
    "type" : "skat2022:TekstLangType",
    "annotation" : {
      "documentation" : "Fritekst som uddyber behandlingen af fejl."
    }
  } ]
}