Kontonummer,Tekst,Kontogruppe,Overskrift,Kontoplan
1000,Salg af varer / ydelser m. moms,Omsætning,Resultatopgørelse,SKAT Standard kontoplan
2000,Varekøb,Variable omkostninger,Resultatopgørelse,SKAT Standard kontoplan
2050,Varelagerregulering,Variable omkostninger,Resultatopgørelse,SKAT Standard kontoplan
2060,Fremmed arbejde,Variable omkostninger,Resultatopgørelse,SKAT Standard kontoplan
3000,Annoncer og reklamer,Salgsfremmende omkostninger,Resultatopgørelse,SKAT Standard kontoplan
3050,Repræsentation,Salgsfremmende omkostninger,Resultatopgørelse,SKAT Standard kontoplan
4000,Lokaleomkostninger,Administrationsomkostninger,Resultatopgørelse,SKAT Standard kontoplan
4050,Bildrift,Administrationsomkostninger,Resultatopgørelse,SKAT Standard kontoplan
4100,Kontorartikler,Administrationsomkostninger,Resultatopgørelse,SKAT Standard kontoplan
4150,Telefon og internet,Administrationsomkostninger,Resultatopgørelse,SKAT Standard kontoplan
4155,Aviser, bøger og blade mv.,Administrationsomkostninger,Resultatopgørelse,SKAT Standard kontoplan
4200,Beskatning af fri telefon,Administrationsomkostninger,Resultatopgørelse,SKAT Standard kontoplan
4250,Porto og gebyr,Administrationsomkostninger,Resultatopgørelse,SKAT Standard kontoplan
4300,Revisor,Administrationsomkostninger,Resultatopgørelse,SKAT Standard kontoplan
4350,Kassedifferencer,Administrationsomkostninger,Resultatopgørelse,SKAT Standard kontoplan
4400,Smmåanskaffelser,Administrationsomkostninger,Resultatopgørelse,SKAT Standard kontoplan
4450,Diverse,Administrationsomkostninger,Resultatopgørelse,SKAT Standard kontoplan
5000,Afskrivning driftsmidler,Afskrivninger,Balance,SKAT Standard kontoplan
6000,Renteindtægter,Renter,Balance,SKAT Standard kontoplan
6050,Renteudgifter,Renter,Balance,SKAT Standard kontoplan
6500,Ikke fradragsberettiget udgift,Ikke fradragsberettigede udgifter,Balance,SKAT Standard kontoplan
7000,Kasse,Omsætningsaktiver,Balance,SKAT Standard kontoplan
7010,Bank,Omsætningsaktiver,Balance,SKAT Standard kontoplan
7020,Varelager,Omsætningsaktiver,Balance,SKAT Standard kontoplan
7030,Debitorer,Omsætningsaktiver,Balance,SKAT Standard kontoplan
7040,Driftsmidler,Anlægsaktiver,Balance,SKAT Standard kontoplan
8000,Egenkapital primo,Egenkapital,Balance,SKAT Standard kontoplan
8010,Privat hævet,Egenkapital,Balance,SKAT Standard kontoplan
8020,Privat udlæg,Egenkapital,Balance,SKAT Standard kontoplan
9000,Salgsmoms,Skyldig moms,Balance,SKAT Standard kontoplan
9010,Købsmoms,Skyldig moms,Balance,SKAT Standard kontoplan
9020,Betalt moms,Skyldig moms,Balance,SKAT Standard kontoplan
9050,Kreditorer,Skyldig moms,Balance,SKAT Standard kontoplan
