{
  "targetNamespace" : "http://skat.dk/begrebsmodel/2022/01/01/",
  "elementFormDefault" : "qualified",
  "attributeFormDefault" : "unqualified",
  "version" : "1.0",
  "annotation" : {
    "documentation" : "Den værdi som et jordstykke er vurderet til at have på et givet tidspunkt"
  },
  "include" : {
    "schemaLocation" : "../types/BeloebType.json"
  },
  "element" : [ {
    "name" : "GrundværdiBeløbEfterFritagelser",
    "type" : "skat2022:BeløbType",
    "annotation" : {
      "documentation" : "Grundværdien fratrukket eventuele fritagelser. Det er dette beløb, ejendomsvurderingen leverer."
    }
  }, {
    "name" : "GrundværdiBeløbEfterForsigtghedsprincip",
    "type" : "skat2022:BeløbType",
    "annotation" : {
      "documentation" : "Grundværdien nedjusteres efter et forsigtighedsprincip med en vis procentsats. I skrivende stund (december 2021) er det ikke afklaret om forsigtighedsprincippet bringes i anvendelse før eller efter at fritagelser er fratrukket."
    }
  }, {
    "name" : "GrundværdiSumbeløbFritagelser",
    "type" : "skat2022:BeløbType",
    "annotation" : {
      "documentation" : "Summen af fritagelser for ejendomsbeskatning på en given grund"
    }
  }, {
    "name" : "GrundværdiSumbeløbFradragForForbedringer",
    "type" : "skat2022:BeløbType",
    "annotation" : {
      "documentation" : "Summen af fradrag for forbedringer (FFF) på en given grund"
    }
  }, {
    "name" : "GrundværdiBeskatningsgrundlag",
    "type" : "skat2022:BeløbType",
    "annotation" : {
      "documentation" : "Beskatningsgrundlaget, som grundskylden beregnes af, er grundværdien reduceret efter forsigthedsprincippet og fratrukket fritagelser og fradrag for fobedringer. Beregningsrækkefølgen er i ddecember 2021 ikke endeligt fastlagt"
    }
  } ]
}