{
  "targetNamespace" : "http://skat.dk/begrebsmodel/2022/01/01/",
  "elementFormDefault" : "qualified",
  "attributeFormDefault" : "unqualified",
  "version" : "1.0",
  "annotation" : {
    "documentation" : "Privat person identificeret ved et personnummer (CPR-nummer). "
  },
  "include" : [ {
    "schemaLocation" : "../types/CPRNummerType.json"
  }, {
    "schemaLocation" : "../types/MarkeringType.json"
  }, {
    "schemaLocation" : "../types/DatoType.json"
  }, {
    "schemaLocation" : "../types/FoedeStedType.json"
  }, {
    "schemaLocation" : "../types/LandeNummerKodeType.json"
  }, {
    "schemaLocation" : "../types/KoenType.json"
  }, {
    "schemaLocation" : "../types/UUIDType.json"
  }, {
    "schemaLocation" : "../types/FoedeStatType.json"
  }, {
    "schemaLocation" : "../types/Tekst50Type.json"
  } ],
  "element" : [ {
    "name" : "PersonCPRNummer",
    "type" : "skat2022:CPRNummerType",
    "annotation" : {
      "documentation" : "CPR-nummer er et 10 cifret personnummer der entydigt identificerer en dansk person."
    }
  }, {
    "name" : "PersonNavnAdresseBeskyttelseMarkering",
    "type" : "skat2022:MarkeringType",
    "annotation" : {
      "documentation" : "Angiver om en persons navn og adresse er beskyttet for offentligheden.  Markeringen bliver sat af Folkeregistret, dvs. i Det Centrale Personregister (CPR).  Det er således kun myndigheder med lovmæssigt grundlag, som har adgang til disse data (fx i forbindelse med sagsbehandling)."
    }
  }, {
    "name" : "PersonFødselDato",
    "type" : "skat2022:DatoType",
    "annotation" : {
      "documentation" : "Personens fødselsdato"
    }
  }, {
    "name" : "PersonFødeSted",
    "type" : "skat2022:FødeStedType",
    "annotation" : {
      "documentation" : "Sted hvor en person er født. Oplysningen kan stamme fra CPS og udenlandsk pension."
    }
  }, {
    "name" : "PersonFødeLandKode",
    "type" : "skat2022:LandeNummerKodeType",
    "annotation" : {
      "documentation" : "Stammer fra CPS og udenlandsk pension."
    }
  }, {
    "name" : "PersonGyldigFra",
    "type" : "skat2022:DatoType",
    "annotation" : {
      "documentation" : "Gyldighed startdato for en Person. Person kan skifte CPRNummer, NavnAdresseBeskyttelseMarkering og FødselDato.  - CPR-skifte kan ske ved kønskifteoperationer eller fejlvurdering af køn og FødselDato, eller fordi en udenlandsk person har fået et midlertidigt CPRNummer.  - NavnAdresseBeskyttelseMarkering kan ændre sig ved at en Person anmoder Folkeregistret om navn- & adressebeskyttelse.  - FødselDato kan ændre sig ved at man har fejlvurderet en alder."
    }
  }, {
    "name" : "PersonGyldigTil",
    "type" : "skat2022:DatoType",
    "annotation" : {
      "documentation" : "Gyldighed slutdato for en Person. Person kan skifte CPRNummer, NavnAdresseBeskyttelseMarkering og FødselDato.  - CPR-skifte kan ske ved kønskifteoperationer eller fejlvurdering af køn og FødselDato, eller fordi en udenlandsk person har fået et midlertidigt CPRNummer.  - NavnAdresseBeskyttelseMarkering kan ændre sig ved at en Person anmoder Folkeregistret om navn- & adressebeskyttelse.  - FødselDato kan ændre sig ved at man har fejlvurderet en alder."
    }
  }, {
    "name" : "PersonKøn",
    "type" : "skat2022:KønType"
  }, {
    "name" : "PersonUUID",
    "type" : "skat2022:UUIDType",
    "annotation" : {
      "documentation" : "Personens unikke identifikation, leveret i NemLog-in-snitfladen. Opbygges efter reglerne for UUID, jf. RFC 4122.  Identifikatorer er ISO/IEC 11578:1996 UUID'er, type 4, random 128-bit, normalt beskrevet ved 32 hex-cifre og fire bindestreger på formen 8-4-4-4-12"
    }
  }, {
    "name" : "PersonFødeStat",
    "type" : "skat2022:FødeStatType",
    "annotation" : {
      "documentation" : "Angiver retmæssig ejers fødestat."
    }
  }, {
    "name" : "PersonStillingsbetegnelse",
    "type" : "skat2022:Tekst50Type",
    "annotation" : {
      "documentation" : "Betegnelse for den stilling på arbejdsmarkedet som en person bestrider."
    }
  } ]
}