{
  "targetNamespace" : "http://skat.dk/begrebsmodel/2022/01/01/",
  "elementFormDefault" : "qualified",
  "version" : "1.0",
  "simpleType" : {
    "name" : "BFENummerType",
    "annotation" : {
      "documentation" : "Fra Matriklen: Unikt fortløbende identifikation tildelt den specifikke bestemte fast ejendom.  OBS: formatet foreløbigt defineret alene som Integer datatype fra Matriklens side."
    },
    "restriction" : {
      "base" : "xs:integer",
      "totalDigits" : {
        "value" : "10"
      }
    }
  }
}