<?xml version="1.0" encoding="utf-8"?>
<Metadata xmlns="http://rep.oio.dk/infostructurebase/schemas/2004/09/13/">
	<Title>AktierSpecifikationUdbytteEjUdbytteSkatBeloeb</Title>
	<DescriptionStructure>
		<DescriptionEnglish/>
		<DescriptionDanish>Beløb der udgør gevinst/tab på aktier, ikke optaget til handel på et reguleret marked, samt udbytte, der ikke er indeholdt udbytteskat i</DescriptionDanish>
	</DescriptionStructure>
	<LabelStructure><LabelDanish>AktierSpecifikationUdbytteEjUdbytteSkatBeloeb</LabelDanish></LabelStructure>
	<Version>1.0.0</Version>
</Metadata>
