<?xml version="1.0" encoding="utf-8"?>
<Metadata xmlns="http://rep.oio.dk/infostructurebase/schemas/2004/09/13/">
	<Title>DelaarSpecifikationBiblioteksafgiftBeloeb</Title>
	<DescriptionStructure>
		<DescriptionEnglish/>
		<DescriptionDanish>Beløb der udgør ydelser efter lov om biblioteksafgift (beløbet skal tillige være indeholdt i rubrik 111/112).</DescriptionDanish>
	</DescriptionStructure>
	<LabelStructure><LabelDanish>DelaarSpecifikationBiblioteksafgiftBeloeb</LabelDanish></LabelStructure>
	<Version>1.0.0</Version>
</Metadata>
