<?xml version="1.0" encoding="utf-8"?>
<Metadata xmlns="http://rep.oio.dk/infostructurebase/schemas/2004/09/13/">
	<Title>EjendomAngivelseHelUdlejningsdageKvantitet</Title>
	<DescriptionStructure>
		<DescriptionEnglish/>
		<DescriptionDanish>Udleje af hele helårsboligen en del af året og sommerhusudlejning i antal dage. Felt 739</DescriptionDanish>
	</DescriptionStructure>
	<LabelStructure><LabelDanish>EjendomAngivelseHelUdlejningsdageKvantitet</LabelDanish></LabelStructure>
	<Version>1.0.0</Version>
</Metadata>
