<?xml version="1.0" encoding="utf-8"?>
<Metadata xmlns="http://rep.oio.dk/infostructurebase/schemas/2004/09/13/">
	<Title>KapitalindkomstRealkreditinstitutRenteudgiftBeloeb</Title>
	<DescriptionStructure>
		<DescriptionEnglish/>
		<DescriptionDanish>Renteudgifter kan kun trækkes fra i det omfang, de vedrørende aktiver, hvoraf indtægter er skattepligtige, dvs. fast ejendom, båndlagt kapital og erhvervsaktiver.</DescriptionDanish>
	</DescriptionStructure>
	<LabelStructure><LabelDanish>KapitalindkomstRealkreditinstitutRenteudgiftBeloeb</LabelDanish></LabelStructure>
	<Version>1.0.0</Version>
</Metadata>
