<?xml version="1.0" encoding="utf-8"?>
<Metadata xmlns="http://rep.oio.dk/infostructurebase/schemas/2004/09/13/">
	<Title>KapitalindkomstAndenKapitalindkomstVirksomhedBeloeb</Title>
	<DescriptionStructure>
		<DescriptionEnglish/>
		<DescriptionDanish>Beløb der udgør anden kapitalindkomst i virksomhed, fx kursgevinster og tab på finansielle kontrakter, oligationer og andre fordringer, investeringsselskaber, samt lagerforskydninger og udenlandske fordringer/gæld og valuta.</DescriptionDanish>
	</DescriptionStructure>
	<LabelStructure><LabelDanish>KapitalindkomstAndenKapitalindkomstVirksomhedBeloeb</LabelDanish></LabelStructure>
	<Version>1.0.0</Version>
</Metadata>
