<?xml version="1.0" encoding="utf-8"?>
<Metadata xmlns="http://rep.oio.dk/infostructurebase/schemas/2004/09/13/">
	<Title>KapitalindkomstGevinstTabObligationerEjMarkedBeloeb</Title>
	<DescriptionStructure>
		<DescriptionEnglish/>
		<DescriptionDanish>Beløbet i rubrikken skal omfatte:  - Gevinst og tab på obligationer i danske kroner, som du har købt den 27. januar 2010 eller senere. - Gevinst og tab på obligationer i fremmed valuta.  - Gevinst på obligationer i danske kroner købt inden 27. januar 2010, som ikke opfyldte mindsterentekravet om en rente på 2,5 procent på udstedelsestidspunktet. Du kan ikke trække tab fra. - Gevinst og tab på visse strukturerede obligationer i fremmed valuta, som ikke beskattes som finansielle kontrakter. - Gevinst og tab på visse strukturerede obligationer i danske kroner, som ikke beskattes som finansielle kontrakter. Dog kan du ikke trække tab fra, hvis du har købt obligationerne før den 27. januar 2010.</DescriptionDanish>
	</DescriptionStructure>
	<LabelStructure><LabelDanish>KapitalindkomstGevinstTabObligationerEjMarkedBeloeb</LabelDanish></LabelStructure>
	<Version>1.0.0</Version>
</Metadata>
