<?xml version="1.0" encoding="utf-8"?>
<Metadata xmlns="http://rep.oio.dk/infostructurebase/schemas/2004/09/13/">
	<Title>LigningmaessigFradragUdgifterFrededeBygningerBeloeb</Title>
	<DescriptionStructure>
		<DescriptionEnglish/>
		<DescriptionDanish>Beløb der udgør fradrag for istandsættelsesudgifter til fredede ejerlejligheder, hvis ejer selv bor i boligen.</DescriptionDanish>
	</DescriptionStructure>
	<LabelStructure><LabelDanish>LigningmaessigFradragUdgifterFrededeBygningerBeloeb</LabelDanish></LabelStructure>
	<Version>1.0.0</Version>
</Metadata>
