<?xml version="1.0" encoding="utf-8"?>
<Metadata xmlns="http://rep.oio.dk/infostructurebase/schemas/2004/09/13/">
	<Title>LigningmaessigFradragKontingentVirksomhedBeloeb</Title>
	<DescriptionStructure>
		<DescriptionEnglish/>
		<DescriptionDanish>Beløb der udgør betalt kontingent til arbejdsgiverforening, betalt kontingent til fagforening, hvor medlemskabet er i egenskab af, at man driver virksomhed og værdien af gaver givet til godkendte kulturinstitutioner.</DescriptionDanish>
	</DescriptionStructure>
	<LabelStructure><LabelDanish>LigningmaessigFradragKontingentVirksomhedBeloeb</LabelDanish></LabelStructure>
	<Version>1.0.0</Version>
</Metadata>
