<?xml version="1.0" encoding="utf-8"?>
<Metadata xmlns="http://rep.oio.dk/infostructurebase/schemas/2004/09/13/">
	<Title>OevrigeOplysningerBeregningsgrundlagAcontoSkatBeloeb</Title>
	<DescriptionStructure>
		<DescriptionEnglish/>
		<DescriptionDanish>Beløb der udgør beregningsgrundlag for acontoskat efter afskrivningslovens § 40 C.</DescriptionDanish>
	</DescriptionStructure>
	<LabelStructure><LabelDanish>OevrigeOplysningerBeregningsgrundlagAcontoSkatBeloeb</LabelDanish></LabelStructure>
	<Version>1.0.0</Version>
</Metadata>
