<?xml version="1.0" encoding="utf-8"?>
<Metadata xmlns="http://rep.oio.dk/infostructurebase/schemas/2004/09/13/">
	<Title>PersonSelvangivelseRevisorindberetningIndikator</Title>
	<DescriptionStructure>
		<DescriptionEnglish/>
		<DescriptionDanish>Hvorvidt der ønskes skift fra S10 til S13, hvilket indebærer selvangivelsespligt. True=Skift</DescriptionDanish>
	</DescriptionStructure>
	<LabelStructure><LabelDanish>PersonSelvangivelseRevisorindberetningIndikator</LabelDanish></LabelStructure>
	<Version>1.0.0</Version>
</Metadata>
