<?xml version="1.0" encoding="utf-8"?>
<Metadata xmlns="http://rep.oio.dk/infostructurebase/schemas/2004/09/13/">
	<Title>PersonligIndkomstHaedersgaverBeloeb</Title>
	<DescriptionStructure>
		<DescriptionEnglish/>
		<DescriptionDanish>Beløbet i rubrikken består af - Hædersgaver, det vil sige priser, gaver og legater givet som anerkendelse af dine fortjenester (engangsbeløb).</DescriptionDanish>
	</DescriptionStructure>
	<LabelStructure><LabelDanish>PersonligIndkomstHaedersgaverBeloeb</LabelDanish></LabelStructure>
	<Version>1.0.0</Version>
</Metadata>
