<?xml version="1.0" encoding="utf-8"?>
<Metadata xmlns="http://rep.oio.dk/infostructurebase/schemas/2004/09/13/">
	<Title>PersonligIndkomstOevrigeFradragPersonligIndkomstBeloeb</Title>
	<DescriptionStructure>
		<DescriptionEnglish/>
		<DescriptionDanish>Beløb der udgør fradragsberettigede udgifter til erhvervsmæssig befordring, som er omtalt i vejledningen Få godtgørelse eller fradrag for din erhvervsmæssige kørsel.</DescriptionDanish>
	</DescriptionStructure>
	<LabelStructure><LabelDanish>PersonligIndkomstOevrigeFradragPersonligIndkomstBeloeb</LabelDanish></LabelStructure>
	<Version>1.0.0</Version>
</Metadata>
