<?xml version="1.0" encoding="utf-8"?>
<Metadata xmlns="http://rep.oio.dk/infostructurebase/schemas/2004/09/13/">
	<Title>PersonligIndkomstHaevningEtableringskontoBeloeb</Title>
	<DescriptionStructure>
		<DescriptionEnglish/>
		<DescriptionDanish>Beløb der udgør hævning af etableringskontomidler til køb af aktier mv.</DescriptionDanish>
	</DescriptionStructure>
	<LabelStructure><LabelDanish>PersonligIndkomstHaevningEtableringskontoBeloeb</LabelDanish></LabelStructure>
	<Version>1.0.0</Version>
</Metadata>
