<?xml version="1.0" encoding="utf-8"?>
<Metadata xmlns="http://rep.oio.dk/infostructurebase/schemas/2004/09/13/">
	<Title>PersonligIndkomstUnderholdsbidragBeloeb</Title>
	<DescriptionStructure>
		<DescriptionEnglish/>
		<DescriptionDanish>Beløb der udgør underholdsbidrag, som er modtaget fra tidligere ægtefælle, aftægtsydelse, fx værdien af fri bolig og underholdsbidrag til et barn.</DescriptionDanish>
	</DescriptionStructure>
	<LabelStructure><LabelDanish>PersonligIndkomstUnderholdsbidragBeloeb</LabelDanish></LabelStructure>
	<Version>1.0.0</Version>
</Metadata>
