<?xml version="1.0" encoding="utf-8"?>
<Metadata xmlns="http://rep.oio.dk/infostructurebase/schemas/2004/09/13/">
	<Title>PersonSelvangivelseVirksomhedOphoerIndikator</Title>
	<DescriptionStructure>
		<DescriptionEnglish/>
		<DescriptionDanish>Hvorvidt angiver er ophørt med selvstændig virksomhed (true=ophørt).  Felt 131</DescriptionDanish>
	</DescriptionStructure>
	<LabelStructure><LabelDanish>PersonSelvangivelseVirksomhedOphoerIndikator</LabelDanish></LabelStructure>
	<Version>1.0.0</Version>
</Metadata>
