<?xml version="1.0" encoding="utf-8"?>
<Metadata xmlns="http://rep.oio.dk/infostructurebase/schemas/2004/09/13/">
	<Title>PersonSelvangivelseEjendomsoplysningAcceptIndikator</Title>
	<DescriptionStructure>
		<DescriptionEnglish/>
		<DescriptionDanish>Hvorvidt angiver er enig i at ejendomsoplysningerne er korrekte (true=ja). Felt 129</DescriptionDanish>
	</DescriptionStructure>
	<LabelStructure><LabelDanish>PersonSelvangivelseEjendomsoplysningAcceptIndikator</LabelDanish></LabelStructure>
	<Version>1.0.0</Version>
</Metadata>
