<?xml version="1.0" encoding="utf-8"?>
<Metadata xmlns="http://rep.oio.dk/infostructurebase/schemas/2004/09/13/">
	<Title>PersonligIndkomstVirksomhedsbeskatningKonjunkturBeloeb</Title>
	<DescriptionStructure>
		<DescriptionEnglish/>
		<DescriptionDanish>Beløb der udgør indkomst til konjunkturudligning. Op til 25 % af positiv personlig indkomst fra virksomheden. Beløbet skal udgøre mindst 5.000 kr.</DescriptionDanish>
	</DescriptionStructure>
	<LabelStructure><LabelDanish>PersonligIndkomstVirksomhedsbeskatningKonjunkturBeloeb</LabelDanish></LabelStructure>
	<Version>1.0.0</Version>
</Metadata>
