<ns1:RegistreringForholdOpdater_I xmlns="http://skat.dk/begrebsmodel/2008/01/01/" xmlns:ns1="http://skat.dk/begrebsmodel/2008/01/01/">
<ns1:Kontekst>
<ns1:HovedOplysninger xmlns:ns1="http://skat.dk/begrebsmodel/xml/schemas/kontekst/2007/05/31/">
<ns1:TransaktionsID>ES151009158790877765</ns1:TransaktionsID>
<ns1:TransaktionsTid>2014-02-18T09:18:03</ns1:TransaktionsTid>
<ns1:BrugerKode>I1988</ns1:BrugerKode>
<ns1:RolleKode>12</ns1:RolleKode>
<ns1:StedKode>8083</ns1:StedKode>
</ns1:HovedOplysninger>
</ns1:Kontekst>
<ns1:VirksomhedSENummer>15100915</ns1:VirksomhedSENummer>
<ns1:RegistreringsforholdListe>

<ns1:RegistreringForhold>
<ns1:Pligt>
<ns1:RegistreringForholdBehandlingKode> </ns1:RegistreringForholdBehandlingKode>
<ns1:LovPligtTypeKode>3</ns1:LovPligtTypeKode>
<ns1:PligtKode>67</ns1:PligtKode>
<ns1:KvittanceKode>false</ns1:KvittanceKode>
<ns1:RegistreringForholdStartDato>2015-01-01</ns1:RegistreringForholdStartDato>
<ns1:RegistreringForholdSlutDato>2015-01-31</ns1:RegistreringForholdSlutDato>
</ns1:Pligt>
<ns1:BeskatningParagrafForhold>
<ns1:BeskatningParagrafForholdBehandlingKode>E</ns1:BeskatningParagrafForholdBehandlingKode>
<ns1:PligtKode>67</ns1:PligtKode>
<ns1:BeskatningParagrafTypeKode>1</ns1:BeskatningParagrafTypeKode>
<ns1:BeskatningParagrafForholdStartDato>2015-01-01</ns1:BeskatningParagrafForholdStartDato>
<ns1:BeskatningParagrafForholdSlutDato>2015-01-31</ns1:BeskatningParagrafForholdSlutDato>
</ns1:BeskatningParagrafForhold>
</ns1:RegistreringForhold>

<ns1:RegistreringForhold>
<ns1:Pligt>
<ns1:RegistreringForholdBehandlingKode> </ns1:RegistreringForholdBehandlingKode>
<ns1:LovPligtTypeKode>3</ns1:LovPligtTypeKode>
<ns1:PligtKode>67</ns1:PligtKode>
<ns1:KvittanceKode>false</ns1:KvittanceKode>
<ns1:RegistreringForholdStartDato>2015-02-01</ns1:RegistreringForholdStartDato>
</ns1:Pligt>
<ns1:BeskatningParagrafForhold>
<ns1:BeskatningParagrafForholdBehandlingKode>O</ns1:BeskatningParagrafForholdBehandlingKode>
<ns1:PligtKode>67</ns1:PligtKode>
<ns1:BeskatningParagrafTypeKode>14</ns1:BeskatningParagrafTypeKode>
<ns1:BeskatningParagrafForholdStartDato>2015-02-01</ns1:BeskatningParagrafForholdStartDato>
</ns1:BeskatningParagrafForhold>
</ns1:RegistreringForhold>
</ns1:RegistreringsforholdListe>
</ns1:RegistreringForholdOpdater_I>
