<ns1:RegistreringForholdOpdater_I xmlns="http://skat.dk/begrebsmodel/2008/01/01/" xmlns:ns1="http://skat.dk/begrebsmodel/2008/01/01/">
<ns1:Kontekst>
<ns1:HovedOplysninger xmlns:ns1="http://skat.dk/begrebsmodel/xml/schemas/kontekst/2007/05/31/">
<ns1:TransaktionsID>ES151009156363813249</ns1:TransaktionsID>
<ns1:TransaktionsTid>2014-02-18T09:26:56</ns1:TransaktionsTid>
<ns1:BrugerKode>I1988</ns1:BrugerKode>
<ns1:RolleKode>12</ns1:RolleKode>
<ns1:StedKode>8083</ns1:StedKode>
</ns1:HovedOplysninger>
</ns1:Kontekst>
<ns1:VirksomhedSENummer>15100915</ns1:VirksomhedSENummer>
<ns1:RegistreringsforholdListe>

<ns1:RegistreringForhold>
<ns1:Pligt>
<ns1:RegistreringForholdBehandlingKode> </ns1:RegistreringForholdBehandlingKode>
<ns1:LovPligtTypeKode>3</ns1:LovPligtTypeKode>
<ns1:PligtKode>67</ns1:PligtKode>
<ns1:KvittanceKode>false</ns1:KvittanceKode>
<ns1:RegistreringForholdStartDato>2015-02-01</ns1:RegistreringForholdStartDato>
</ns1:Pligt>

<ns1:Bevilling>
<ns1:BevillingForholdBehandlingKode>O</ns1:BevillingForholdBehandlingKode>
<ns1:PligtKode>67</ns1:PligtKode>
<ns1:BevillingForholdTypeKode>278</ns1:BevillingForholdTypeKode>
<ns1:BevillingForholdGyldigFra>2015-02-01</ns1:BevillingForholdGyldigFra>
</ns1:Bevilling>

<ns1:Angivelsesfrekvensforhold>
<ns1:AngivelseFrekvensForholdBehandlingKode>O</ns1:AngivelseFrekvensForholdBehandlingKode>
<ns1:PligtKode>67</ns1:PligtKode>
<ns1:BevillingForholdTypeKode>278</ns1:BevillingForholdTypeKode>
<ns1:AngivelseFrekvensTypeKode>0</ns1:AngivelseFrekvensTypeKode>
<ns1:AngivelseFrekvensForholdGyldigFra>2015-02-01</ns1:AngivelseFrekvensForholdGyldigFra>
</ns1:Angivelsesfrekvensforhold>
</ns1:RegistreringForhold>

</ns1:RegistreringsforholdListe>
</ns1:RegistreringForholdOpdater_I> 