<?xml version="1.0"?>
<!DOCTYPE catalog PUBLIC "-//OASIS//DTD Entity Resolution XML Catalog V1.0//EN"
        "http://www.oasis-open.org/committees/entity/release/1.0/catalog.dtd">
<catalog xmlns="urn:oasis:names:tc:entity:xmlns:xml:catalog">
  <!--
  Denne fil catalog.xml beskriver, hvor XML parseren skal lede efter de schemaer der tilhører et givent namespace

  I XML Spy får man filen ind ved at tilføje følgende nederst i filen C:\Program Files\Altova\XMLSpy2008\RootCatalog.xml
    <nextCatalog catalog="C:\e-TL\etl-code\trunk\oio\catalog.xml"/>
    NB! Filen er read-only, så det skal du lige ændre inden du åbner og ændrer den.

  Vær opmærksom på at filen ikke uden videre bliver reloadet,
  så det kan være nødvendigt at genstarte XML editoren, for at få rettelser til at slå igennem!

  NB! For at schema-documentation skal fungere korrekt skal schemaDocumentationCatalog.xml
      opdateres parallelt med dette!!
  -->
  
  <!-- imported -->
  <public publicId="-//W3C//DTD XMLSchema 200102//EN" uri="imported/essential/XMLSchema.dtd"/>
  <system systemId="http://www.w3.org/2001/XMLSchema.xsd" uri="imported/essential/XMLSchema.xsd"/>
  <system systemId="http://www.w3.org/2001/xml.xsd" uri="imported/essential/xml.xsd"/>
  <system systemId="datatypes.dtd" uri="imported/essential/datatypes.dtd"/>
  <system systemId="http://www.w3.org/2007/schema-for-xslt20.xsd" uri="imported/xsl/schema-for-xslt20.xsd"/>
  <system systemId="http://www.ascc.net/xml/schematron/schematron1-5.xsd" uri="imported/schematron/schematron1-5.xsd"/>
  <system systemId="http://www.w3.org/TR/xmldsig-core/xmldsig-core-schema.xsd" uri="imported/xmldsig-core/xmldsig-core-schema.xsd"/>
  <system systemId="http://www.w3.org/2006/03/addressing/ws-addr.xsd" uri="imported/w3-addressing/ws-addr.xsd"/>
  <rewriteSystem systemIdStartString="http://www.w3.org/TR/xmldsig-core/" rewritePrefix="imported/xmldsig-core/"/>
  <rewriteSystem systemIdStartString="http://www.w3.org/2006/03/addressing/" rewritePrefix="imported/w3-addressing/"/>
  <rewriteSystem systemIdStartString="http://rep.oio.dk/bbr.dk/xml/schemas/2005/03/11/" rewritePrefix="imported/bbr/"/>
  <rewriteSystem systemIdStartString="http://rep.oio.dk/bbr.dk/xml/schemas/2005/12/15/" rewritePrefix="imported/bbr/"/>
  <rewriteSystem systemIdStartString="http://rep.oio.dk/cpr.dk/xml/schemas/core/2005/03/18/" rewritePrefix="imported/cpr/"/>
  <rewriteSystem systemIdStartString="http://rep.oio.dk/cpr.dk/xml/schemas/core/2005/05/19/" rewritePrefix="imported/cpr/"/>
  <rewriteSystem systemIdStartString="http://rep.oio.dk/ebxml/xml/schemas/dkcc/2005/05/19/" rewritePrefix="imported/dkcc/"/>
  <rewriteSystem systemIdStartString="http://rep.oio.dk/cpr.dk/xml/schemas/core/2006/05/23/" rewritePrefix="imported/cpr/"/>
  <rewriteSystem systemIdStartString="http://rep.oio.dk/ebxml/xml/schemas/dkcc/2003/02/13/" rewritePrefix="imported/dkcc/"/>
  <rewriteSystem systemIdStartString="http://rep.oio.dk/itst.dk/xml/schemas/2005/12/06/" rewritePrefix="imported/itst/"/>
  <rewriteSystem systemIdStartString="http://rep.oio.dk/itst.dk/xml/schemas/2005/01/10/" rewritePrefix="imported/itst/"/>
  <rewriteSystem systemIdStartString="http://rep.oio.dk/itst.dk/xml/schemas/2005/09/01/" rewritePrefix="imported/itst/"/>
  <rewriteSystem systemIdStartString="http://rep.oio.dk/ebxml/xml/schemas/dkcc/2005/09/01/" rewritePrefix="imported/dkcc/"/>
  <rewriteSystem systemIdStartString="http://rep.oio.dk/xkom.dk/xml/schemas/2005/03/15/" rewritePrefix="imported/xkom/"/>
  <rewriteSystem systemIdStartString="http://rep.oio.dk/xkom.dk/xml/schemas/2006/01/06/" rewritePrefix="imported/xkom/"/>
  <rewriteSystem systemIdStartString="http://rep.oio.dk/ebxml/xml/schemas/dkcc/2005/03/15/" rewritePrefix="imported/dkcc/"/>
  <rewriteSystem systemIdStartString="http://rep.oio.dk/ebxml/xml/schemas/dkcc/2005/05/13/" rewritePrefix="imported/dkcc/"/>
  <rewriteSystem systemIdStartString="http://rep.oio.dk/itst.dk/xml/schemas/2006/01/17/" rewritePrefix="imported/itst/"/>
  <rewriteSystem systemIdStartString="http://rep.oio.dk/cpr.dk/xml/schemas/core/2005/10/31/" rewritePrefix="imported/cpr/"/>
  <rewriteSystem systemIdStartString="http://rep.oio.dk/cvr.dk/xml/schemas/2005/03/22/" rewritePrefix="imported/cvr/"/>
  <rewriteSystem systemIdStartString="http://rep.oio.dk/ois.dk/xml/schemas/2006/04/25/" rewritePrefix="imported/ois/"/>
  <rewriteSystem systemIdStartString="http://rep.oio.dk/kms.dk/xml/schemas/2005/03/11/" rewritePrefix="imported/kms/"/>
  <rewriteSystem systemIdStartString="http://minimaks.kms.dk" rewritePrefix="imported/kms/minimaks"/>
  <rewriteSystem systemIdStartString="http://schemas.kms.dk/mat/2008/05/05/SP-XML_v1.7/" rewritePrefix="imported/kms/mat/"/>
  <rewriteSystem systemIdStartString="http://rep.oio.dk/kms.dk/miniMAKS/KMS/xml/schemas/yyyy/mm/dd/" rewritePrefix="imported/kms/mat/"/>
  <rewriteSystem systemIdStartString="http://rep.oio.dk/matr.dk/xml/schemas/2006/04/25/" rewritePrefix="imported/matr/"/>
  <rewriteSystem systemIdStartString="http://rep.oio.dk/skat.dk/motor/class/driftform/xml/schemas/20080401/" rewritePrefix="imported/skat/"/>
  <rewriteSystem systemIdStartString="http://rep.oio.dk/svur.dk/xml/schemas/2006/04/25/" rewritePrefix="imported/svur/"/>
  <rewriteSystem systemIdStartString="http://rep.oio.dk/osak.dk/xml/schemas/2006/04/25/" rewritePrefix="imported/osak/"/>
  
  <!-- tinglysning.dk -->
  <rewriteSystem systemIdStartString="http://rep.oio.dk/tinglysning.dk/schema/anmeldelse/1/" rewritePrefix="isb/schema/anmeldelse/1/"/>
  <rewriteSystem systemIdStartString="http://rep.oio.dk/tinglysning.dk/schema/model/1/" rewritePrefix="isb/schema/model/1/"/>
  <rewriteSystem systemIdStartString="http://rep.oio.dk/tinglysning.dk/schema/snapshot/1/" rewritePrefix="isb/schema/snapshot/1/"/>
  <rewriteSystem systemIdStartString="http://rep.oio.dk/tinglysning.dk/schema/administration/1/" rewritePrefix="isb/schema/administration/1/"/>
  <rewriteSystem systemIdStartString="http://rep.oio.dk/tinglysning.dk/schema/elektroniskakt/1/" rewritePrefix="isb/schema/elektroniskakt/1/"/>
  <rewriteSystem systemIdStartString="http://rep.oio.dk/tinglysning.dk/schema/jms/envelope/1/" rewritePrefix="isb/schema/jms/envelope/1/"/>
  <rewriteSystem systemIdStartString="http://rep.oio.dk/tinglysning.dk/schema/jms/addressing/1/" rewritePrefix="isb/schema/jms/addressing/1/"/>
  <rewriteSystem systemIdStartString="http://rep.oio.dk/tinglysning.dk/schema/fault/1/" rewritePrefix="isb/schema/fault/1/"/>
  <rewriteSystem systemIdStartString="http://rep.oio.dk/tinglysning.dk/service/message/administration/1/" rewritePrefix="isb/service/message/administration/1/"/>
  <rewriteSystem systemIdStartString="http://rep.oio.dk/tinglysning.dk/service/message/elektroniskakt/1/" rewritePrefix="isb/service/message/elektroniskakt/1/"/>
  <rewriteSystem systemIdStartString="http://rep.oio.dk/tinglysning.dk/service/message/andelsbog/1/" rewritePrefix="isb/service/message/andelsbog/1/"/>
  <rewriteSystem systemIdStartString="http://rep.oio.dk/tinglysning.dk/service/message/bilbog/1/" rewritePrefix="isb/service/message/bilbog/1/"/>
  <rewriteSystem systemIdStartString="http://rep.oio.dk/tinglysning.dk/service/message/personbog/1/" rewritePrefix="isb/service/message/personbog/1/"/>
  <rewriteSystem systemIdStartString="http://rep.oio.dk/tinglysning.dk/service/message/tingbog/1/" rewritePrefix="isb/service/message/tingbog/1/"/>
  <rewriteSystem systemIdStartString="http://rep.oio.dk/tinglysning.dk/svarservice/message/administration/1/" rewritePrefix="isb/svarservice/message/administration/1/"/>
  <rewriteSystem systemIdStartString="http://rep.oio.dk/tinglysning.dk/svarservice/message/anmeldelse/1/" rewritePrefix="isb/svarservice/message/anmeldelse/1/"/>
  <rewriteSystem systemIdStartString="http://rep.oio.dk/tinglysning.dk/svarservice/message/integration/1/" rewritePrefix="isb/svarservice/message/integration/1/"/>
              
</catalog>