<?xml version="1.0" encoding="UTF-8" standalone="yes"?><ns3:MFFordringTypeHent_O xmlns:ns16="http://rep.oio.dk/uvm.dk/studieadm/common/xml/schemas/2006/02/20/" xmlns="urn:oio:skat:efi:1.0.0" xmlns:ns17="http://rep.oio.dk/ebxml/xml/schemas/dkcc/2005/05/19/" xmlns:ns14="http://rep.oio.dk/cpr.dk/xml/schemas/2008/05/01/" xmlns:ns15="http://rep.oio.dk/xkom.dk/xml/schemas/2005/03/15/" xmlns:ns18="http://rep.oio.dk/cpr.dk/xml/schemas/core/2005/05/19/" xmlns:ns19="urn:oio:skat:dmi:1.0.0" xmlns:ns21="http://rep.oio.dk/skat.dk/motor/class/driftform/xml/schemas/20080401/" xmlns:ns9="http://rep.oio.dk/xkom.dk/xml/schemas/2007/09/01/" xmlns:ns5="http://rep.oio.dk/skat.dk/motor/class/virksomhed/xml/schemas/20080401/" xmlns:ns12="urn:oio:oib:pension:1.0.0" xmlns:ns6="http://rep.oio.dk/cpr.dk/xml/schemas/core/2005/03/18/" xmlns:ns13="http://rep.oio.dk/ebxml/xml/schemas/dkcc/2006/01/23/" xmlns:ns7="urn:oio:skat:ntse:1.0.0" xmlns:ns10="http://rep.oio.dk/xkom.dk/xml/schemas/2007/04/15/" xmlns:ns20="http://rep.oio.dk/cvr.dk/xml/schemas/2005/03/22/" xmlns:ns8="http://rep.oio.dk/xkom.dk/xml/schemas/2006/09/01/" xmlns:ns11="http://rep.oio.dk/ebxml/xml/schemas/dkcc/2003/02/13/" xmlns:ns2="urn:oio:dkal:1.0.0" xmlns:ns4="http://rep.oio.dk/skat.dk/basis/kontekst/xml/schemas/2006/09/01/" xmlns:ns3="urn:oio:skat:efi:ws:1.0.1"><ns4:HovedOplysningerSvar><ns4:TransaktionIdentifikator>0123456789B</ns4:TransaktionIdentifikator><ns4:ServiceIdentifikator>MFFordringTypeHent</ns4:ServiceIdentifikator><ns4:TransaktionTid>2012-11-06T17:32:26.950+01:00</ns4:TransaktionTid><ns4:SvarStruktur><ns4:FejlStruktur><ns4:FejlIdentifikator>2</ns4:FejlIdentifikator><ns4:FejlTekst>Fordringhaveraftale 1234 ikke fundet</ns4:FejlTekst></ns4:FejlStruktur></ns4:SvarStruktur></ns4:HovedOplysningerSvar></ns3:MFFordringTypeHent_O>