<?xml version="1.0" encoding="UTF-8" standalone="yes"?><ns3:MFFordringIndberet_O xmlns:ns16="http://rep.oio.dk/uvm.dk/studieadm/common/xml/schemas/2006/02/20/" xmlns="urn:oio:skat:efi:1.0.0" xmlns:ns17="http://rep.oio.dk/ebxml/xml/schemas/dkcc/2005/05/19/" xmlns:ns14="http://rep.oio.dk/cpr.dk/xml/schemas/2008/05/01/" xmlns:ns15="http://rep.oio.dk/xkom.dk/xml/schemas/2005/03/15/" xmlns:ns18="http://rep.oio.dk/cpr.dk/xml/schemas/core/2005/05/19/" xmlns:ns19="urn:oio:skat:dmi:1.0.0" xmlns:ns21="http://rep.oio.dk/skat.dk/motor/class/driftform/xml/schemas/20080401/" xmlns:ns9="http://rep.oio.dk/xkom.dk/xml/schemas/2007/09/01/" xmlns:ns5="http://rep.oio.dk/skat.dk/motor/class/virksomhed/xml/schemas/20080401/" xmlns:ns12="urn:oio:oib:pension:1.0.0" xmlns:ns6="http://rep.oio.dk/cpr.dk/xml/schemas/core/2005/03/18/" xmlns:ns13="http://rep.oio.dk/ebxml/xml/schemas/dkcc/2006/01/23/" xmlns:ns7="urn:oio:skat:ntse:1.0.0" xmlns:ns10="http://rep.oio.dk/xkom.dk/xml/schemas/2007/04/15/" xmlns:ns20="http://rep.oio.dk/cvr.dk/xml/schemas/2005/03/22/" xmlns:ns8="http://rep.oio.dk/xkom.dk/xml/schemas/2006/09/01/" xmlns:ns11="http://rep.oio.dk/ebxml/xml/schemas/dkcc/2003/02/13/" xmlns:ns2="urn:oio:dkal:1.0.0" xmlns:ns4="http://rep.oio.dk/skat.dk/basis/kontekst/xml/schemas/2006/09/01/" xmlns:ns3="urn:oio:skat:efi:ws:1.0.1"><ns4:HovedOplysningerSvar><ns4:TransaktionIdentifikator>my</ns4:TransaktionIdentifikator><ns4:ServiceIdentifikator>MFFordringIndberet</ns4:ServiceIdentifikator><ns4:TransaktionTid>2012-11-06T17:48:38.448+01:00</ns4:TransaktionTid><ns4:SvarStruktur/></ns4:HovedOplysningerSvar><ns3:FordringInfo><ns3:FordringhaverSystemIDStruktur><ns5:VirksomhedSENummerIdentifikator>12345678</ns5:VirksomhedSENummerIdentifikator></ns3:FordringhaverSystemIDStruktur><ModtagFordringLeveranceIdentifikator>633718945</ModtagFordringLeveranceIdentifikator><ns3:FordringAktionStatusSamling><ns3:MFAktionStruktur><FordringInddrivelseFordringIdentifikator>40889</FordringInddrivelseFordringIdentifikator><FordringInddrivelseHovedFordringIdentifikator>40889</FordringInddrivelseHovedFordringIdentifikator><FordringFordringHaverReference>ABC36</FordringFordringHaverReference><ModtagFordringAktionIdentifikator>41331</ModtagFordringAktionIdentifikator><ModtagFordringAktionKode>OPRETFORDRING</ModtagFordringAktionKode><FordringHaverIdentifikator>1234</FordringHaverIdentifikator><ModtagFordringAktionStatusKode>AFVIST</ModtagFordringAktionStatusKode><ModtagFordringAktionStatusAendretDato>2012-11-06T17:48:38.373+01:00</ModtagFordringAktionStatusAendretDato><FordringModtagelseDatoTid>2012-11-06T17:48:38.370+01:00</FordringModtagelseDatoTid><ns3:AfvistAarsagSamling><ns3:MFAktionAfvistStruktur><ModtagFordringAktionAfvistIdentifikator>2</ModtagFordringAktionAfvistIdentifikator><ModtagFordringAktionAfvistTekst>Fordringhaveraftale 1234 ikke fundet</ModtagFordringAktionAfvistTekst><ns3:MFAktionAfvistParamSamling><ModtagFordringAktionAfvistParameterTekst>1234</ModtagFordringAktionAfvistParameterTekst></ns3:MFAktionAfvistParamSamling></ns3:MFAktionAfvistStruktur></ns3:AfvistAarsagSamling></ns3:MFAktionStruktur><ns3:MFAktionStruktur><FordringInddrivelseFordringIdentifikator>40890</FordringInddrivelseFordringIdentifikator><FordringInddrivelseHovedFordringIdentifikator>40889</FordringInddrivelseHovedFordringIdentifikator><FordringFordringHaverReference>ABC36</FordringFordringHaverReference><ModtagFordringAktionIdentifikator>41332</ModtagFordringAktionIdentifikator><ModtagFordringAktionKode>OPRETFORDRING</ModtagFordringAktionKode><FordringHaverIdentifikator>1234</FordringHaverIdentifikator><ModtagFordringAktionStatusKode>AFVIST</ModtagFordringAktionStatusKode><ModtagFordringAktionStatusAendretDato>2012-11-06T17:48:38.373+01:00</ModtagFordringAktionStatusAendretDato><FordringModtagelseDatoTid>2012-11-06T17:48:38.370+01:00</FordringModtagelseDatoTid><ns3:AfvistAarsagSamling><ns3:MFAktionAfvistStruktur><ModtagFordringAktionAfvistIdentifikator>203</ModtagFordringAktionAfvistIdentifikator><ModtagFordringAktionAfvistTekst>fordring 40890 afvises sammen med sin hovedfordring 40889</ModtagFordringAktionAfvistTekst><ns3:MFAktionAfvistParamSamling><ModtagFordringAktionAfvistParameterTekst>40890</ModtagFordringAktionAfvistParameterTekst><ModtagFordringAktionAfvistParameterTekst>40889</ModtagFordringAktionAfvistParameterTekst></ns3:MFAktionAfvistParamSamling></ns3:MFAktionAfvistStruktur><ns3:MFAktionAfvistStruktur><ModtagFordringAktionAfvistIdentifikator>2</ModtagFordringAktionAfvistIdentifikator><ModtagFordringAktionAfvistTekst>Fordringhaveraftale 1234 ikke fundet</ModtagFordringAktionAfvistTekst><ns3:MFAktionAfvistParamSamling><ModtagFordringAktionAfvistParameterTekst>1234</ModtagFordringAktionAfvistParameterTekst></ns3:MFAktionAfvistParamSamling></ns3:MFAktionAfvistStruktur></ns3:AfvistAarsagSamling></ns3:MFAktionStruktur></ns3:FordringAktionStatusSamling></ns3:FordringInfo></ns3:MFFordringIndberet_O>