<?xml version="1.0" encoding="UTF-8" standalone="yes"?><ns5:MFFordringIndberet_O xmlns:ns16="http://rep.oio.dk/xkom.dk/xml/schemas/2005/03/15/" xmlns="urn:oio:skat:efi:1.0.0" xmlns:ns17="http://rep.oio.dk/uvm.dk/studieadm/common/xml/schemas/2006/02/20/" xmlns:ns14="http://rep.oio.dk/ebxml/xml/schemas/dkcc/2006/01/23/" xmlns:ns15="http://rep.oio.dk/cpr.dk/xml/schemas/2008/05/01/" xmlns:ns18="http://rep.oio.dk/ebxml/xml/schemas/dkcc/2005/05/19/" xmlns:ns19="http://rep.oio.dk/cpr.dk/xml/schemas/core/2005/05/19/" xmlns:ns21="urn:oio:dkal:1.0.0" xmlns:ns9="http://rep.oio.dk/xkom.dk/xml/schemas/2007/04/15/" xmlns:ns5="urn:oio:skat:efi:ws:1.0.1" xmlns:ns12="http://rep.oio.dk/ebxml/xml/schemas/dkcc/2003/02/13/" xmlns:ns6="urn:oio:skat:ntse:1.0.0" xmlns:ns13="urn:oio:oib:pension:1.0.0" xmlns:ns7="http://rep.oio.dk/xkom.dk/xml/schemas/2006/09/01/" xmlns:ns10="urn:oio:skat:dmi:1.0.0" xmlns:ns20="http://rep.oio.dk/skat.dk/basis/kontekst/xml/schemas/2006/09/01/" xmlns:ns8="http://rep.oio.dk/xkom.dk/xml/schemas/2007/09/01/" xmlns:ns11="http://rep.oio.dk/skat.dk/motor/class/driftform/xml/schemas/20080401/" xmlns:ns2="http://rep.oio.dk/cpr.dk/xml/schemas/core/2005/03/18/" xmlns:ns4="http://rep.oio.dk/skat.dk/motor/class/virksomhed/xml/schemas/20080401/" xmlns:ns3="http://rep.oio.dk/cvr.dk/xml/schemas/2005/03/22/"><ns20:HovedOplysningerSvar><ns20:TransaktionIdentifikator>my</ns20:TransaktionIdentifikator><ns20:ServiceIdentifikator>MFFordringIndberet</ns20:ServiceIdentifikator><ns20:TransaktionTid>2012-11-06T16:42:42.857+01:00</ns20:TransaktionTid><ns20:SvarStruktur><ns20:FejlStruktur><ns20:FejlIdentifikator>171</ns20:FejlIdentifikator><ns20:FejlTekst>IndberetLeverance 5022 fra fordringhaversystem 12345678 er allerede behandlet</ns20:FejlTekst></ns20:FejlStruktur></ns20:SvarStruktur></ns20:HovedOplysningerSvar></ns5:MFFordringIndberet_O>