<?xml version="1.0" encoding="UTF-8" standalone="yes"?><ns5:MFKvitteringHent_O xmlns:ns16="http://rep.oio.dk/ebxml/xml/schemas/dkcc/2006/01/23/" xmlns="urn:oio:skat:dmi:1.0.0" xmlns:ns17="http://rep.oio.dk/cpr.dk/xml/schemas/2008/05/01/" xmlns:ns14="http://rep.oio.dk/ebxml/xml/schemas/dkcc/2003/02/13/" xmlns:ns15="urn:oio:oib:pension:1.0.0" xmlns:ns18="http://rep.oio.dk/xkom.dk/xml/schemas/2005/03/15/" xmlns:ns19="http://rep.oio.dk/uvm.dk/studieadm/common/xml/schemas/2006/02/20/" xmlns:ns21="http://rep.oio.dk/cpr.dk/xml/schemas/core/2005/05/19/" xmlns:ns9="http://rep.oio.dk/xkom.dk/xml/schemas/2007/04/15/" xmlns:ns5="urn:oio:skat:efi:ws:1.0.1" xmlns:ns12="http://rep.oio.dk/skat.dk/motor/class/virksomhed/xml/schemas/20080401/" xmlns:ns6="urn:oio:skat:efi:1.0.0" xmlns:ns13="urn:oio:dkal:1.0.0" xmlns:ns7="http://rep.oio.dk/xkom.dk/xml/schemas/2006/09/01/" xmlns:ns10="urn:oio:skat:ntse:1.0.0" xmlns:ns20="http://rep.oio.dk/ebxml/xml/schemas/dkcc/2005/05/19/" xmlns:ns8="http://rep.oio.dk/xkom.dk/xml/schemas/2007/09/01/" xmlns:ns11="http://rep.oio.dk/skat.dk/basis/kontekst/xml/schemas/2006/09/01/" xmlns:ns2="http://rep.oio.dk/cvr.dk/xml/schemas/2005/03/22/" xmlns:ns4="http://rep.oio.dk/cpr.dk/xml/schemas/core/2005/03/18/" xmlns:ns3="http://rep.oio.dk/skat.dk/motor/class/driftform/xml/schemas/20080401/"><ns11:HovedOplysningerSvar><ns11:TransaktionIdentifikator>my</ns11:TransaktionIdentifikator><ns11:ServiceIdentifikator>MFKvitteringHent</ns11:ServiceIdentifikator><ns11:TransaktionTid>2012-11-06T17:09:23.979+01:00</ns11:TransaktionTid><ns11:SvarStruktur><ns11:FejlStruktur><ns11:FejlIdentifikator>2</ns11:FejlIdentifikator><ns11:FejlTekst>Fordringhaveraftale 1234 ikke fundet</ns11:FejlTekst></ns11:FejlStruktur></ns11:SvarStruktur></ns11:HovedOplysningerSvar></ns5:MFKvitteringHent_O>