<?xml version="1.0" encoding="UTF-8" standalone="yes"?><ns5:MFKvitteringHent_O xmlns:ns16="http://rep.oio.dk/ebxml/xml/schemas/dkcc/2006/01/23/" xmlns="urn:oio:skat:dmi:1.0.0" xmlns:ns17="http://rep.oio.dk/cpr.dk/xml/schemas/2008/05/01/" xmlns:ns14="http://rep.oio.dk/ebxml/xml/schemas/dkcc/2003/02/13/" xmlns:ns15="urn:oio:oib:pension:1.0.0" xmlns:ns18="http://rep.oio.dk/xkom.dk/xml/schemas/2005/03/15/" xmlns:ns19="http://rep.oio.dk/uvm.dk/studieadm/common/xml/schemas/2006/02/20/" xmlns:ns21="http://rep.oio.dk/cpr.dk/xml/schemas/core/2005/05/19/" xmlns:ns9="http://rep.oio.dk/xkom.dk/xml/schemas/2007/04/15/" xmlns:ns5="urn:oio:skat:efi:ws:1.0.1" xmlns:ns12="http://rep.oio.dk/skat.dk/motor/class/virksomhed/xml/schemas/20080401/" xmlns:ns6="urn:oio:skat:efi:1.0.0" xmlns:ns13="urn:oio:dkal:1.0.0" xmlns:ns7="http://rep.oio.dk/xkom.dk/xml/schemas/2006/09/01/" xmlns:ns10="urn:oio:skat:ntse:1.0.0" xmlns:ns20="http://rep.oio.dk/ebxml/xml/schemas/dkcc/2005/05/19/" xmlns:ns8="http://rep.oio.dk/xkom.dk/xml/schemas/2007/09/01/" xmlns:ns11="http://rep.oio.dk/skat.dk/basis/kontekst/xml/schemas/2006/09/01/" xmlns:ns2="http://rep.oio.dk/cvr.dk/xml/schemas/2005/03/22/" xmlns:ns4="http://rep.oio.dk/cpr.dk/xml/schemas/core/2005/03/18/" xmlns:ns3="http://rep.oio.dk/skat.dk/motor/class/driftform/xml/schemas/20080401/"><ns11:HovedOplysningerSvar><ns11:TransaktionIdentifikator>02554a8a-af01-47c5-994d-0973b6f3815e</ns11:TransaktionIdentifikator><ns11:ServiceIdentifikator>OIOMFKvitteringHent</ns11:ServiceIdentifikator><ns11:TransaktionTid>2012-11-06T19:45:10.052+01:00</ns11:TransaktionTid><ns11:SvarStruktur><ns11:FejlStruktur><ns11:FejlIdentifikator>900</ns11:FejlIdentifikator><ns11:FejlTekst>Uforudset teknisk fejl Invalid xml document errors=string length (0) is less than minLength facet (1) for TransaktionIdentifikatorType in namespace http://rep.oio.dk/skat.dk/basis/kontekst/xml/schemas/2006/09/01/ line=-1

&lt;ns3:MFKvitteringHent_I xmlns:ns16="urn:oio:oib:pension:1.0.0" xmlns="urn:oio:skat:efi:1.0.0" xmlns:ns17="http://rep.oio.dk/ebxml/xml/schemas/dkcc/2006/01/23/" xmlns:ns14="http://rep.oio.dk/uvm.dk/studieadm/common/xml/schemas/2006/02/20/" xmlns:ns15="http://rep.oio.dk/xkom.dk/xml/schemas/2005/03/15/" xmlns:ns18="http://rep.oio.dk/cpr.dk/xml/schemas/2008/05/01/" xmlns:ns19="http://rep.oio.dk/ebxml/xml/schemas/dkcc/2005/05/19/" xmlns:ns9="http://rep.oio.dk/xkom.dk/xml/schemas/2007/09/01/" xmlns:ns21="http://rep.oio.dk/skat.dk/basis/kontekst/xml/schemas/2006/09/01/" xmlns:ns5="http://rep.oio.dk/cvr.dk/xml/schemas/2005/03/22/" xmlns:ns12="http://rep.oio.dk/skat.dk/motor/class/virksomhed/xml/schemas/20080401/" xmlns:ns13="http://rep.oio.dk/ebxml/xml/schemas/dkcc/2003/02/13</ns11:FejlTekst></ns11:FejlStruktur></ns11:SvarStruktur></ns11:HovedOplysningerSvar></ns5:MFKvitteringHent_O>
