<?xml version="1.0" encoding="utf-8"?><sj:SJ_FESDpacket xmlns:sj="http://rep.oio.dk/scanjour.dk/xml/schemas/2004/" xmlns:fesd="http://rep.oio.dk/fesd.dk/xml/schemas/2004/05/" xmlns:dkfm="http://rep.oio.dk/dkfm.dk/xml/schemas/2002/07/" xmlns:dcterms="http://purl.org/dc/terms/" xmlns:dc="http://purl.org/dc/elements/1.1/"><sj:SJ_FESDPacketPart><dkfm:metadata><dc:title scheme="">SKANNET CENTRALT I SAKSKØBING</dc:title><dc:creator scheme="CVR" /><dkfm:accessRights scheme="scanjour-indblik"></dkfm:accessRights><dc:type scheme="Aggregation-level">Dokument</dc:type><dkfm:owner scheme="CVR" /><dkfm:sendBy scheme="CVR" /></dkfm:metadata><fesd:Document exDocID="03-SC Køge_P-plads Steen_C523345-01-12-2010-28300000062_101207_123048.tif" /><sj:metadata><sj:field name="akttype" scheme="">I</sj:field><sj:field name="aktgrp" scheme=""></sj:field><sj:field name="medie" scheme="">E</sj:field><sj:field name="udfafd" scheme=""></sj:field><sj:field name="ansvafd" scheme=""></sj:field><sj:field name="samarbejde" scheme=""></sj:field><sj:field name="myndighed" scheme=""></sj:field><sj:field name="herkomst" scheme="">90</sj:field><sj:field name="sagsbeh" scheme=""></sj:field><sj:field name="oprindelse" scheme="">Skanningscenter Sakskøbing</sj:field><sj:field name="opretbruger" scheme="">Skanningscenter Sakskøbing</sj:field><sj:field name="Tilstand" scheme="">UL</sj:field><sj:field name="IndScanTid" scheme="">01-12-2010 11:50:49</sj:field><sj:field name="IndScanPers" scheme="">w01662</sj:field><sj:field name="IndScanSide" scheme="">1</sj:field><sj:group name="opl"><sj:field name="opl" scheme="">03-SC Køge</sj:field><sj:field name="ledetxt">Modtageradr</sj:field></sj:group><sj:group name="aktdato"><sj:field name="aktdato" scheme="">01-12-2010</sj:field><sj:field name="ledetxt">DokModtaget</sj:field></sj:group><sj:group name="opl"><sj:field name="opl" scheme=""></sj:field><sj:field name="ledetxt">Dok_Returne</sj:field></sj:group><sj:group name="opl"><sj:field name="opl" scheme=""></sj:field><sj:field name="ledetxt">Fysiskmodt</sj:field></sj:group><sj:group name="opl"><sj:field name="opl" scheme=""></sj:field><sj:field name="ledetxt">Genskanning</sj:field></sj:group><sj:group name="opl"><sj:field name="opl" scheme="">C523345-01-12-2010-28300000062</sj:field><sj:field name="ledetxt">SkanningsId</sj:field></sj:group><sj:group name="opl"><sj:field name="opl" scheme="">P-plads Steen</sj:field><sj:field name="ledetxt">CIDokType</sj:field></sj:group></sj:metadata></sj:SJ_FESDPacketPart></sj:SJ_FESDpacket>