<?xml version="1.0" encoding="UTF-8"?> 
<soapenv:Envelope xmlns:soapenv="http://schemas.xmlsoap.org/soap/envelope/" xmlns:xsd="http://www.w3.org/2001/XMLSchema" xmlns:xsi="http://www.w3.org/2001/XMLSchema-instance"> 
        <soapenv:Body> 
                <ns1:RegistreringForholdOpdater_O xmlns="http://skat.dk/begrebsmodel/2008/01/01/" xmlns:ns1="http://skat.dk/begrebsmodel/2008/01/01/"> 
                        <ns1:Kontekst> 
                                <ns1:HovedOplysningerSvar xmlns:ns1="http://skat.dk/begrebsmodel/xml/schemas/kontekst/2007/05/31/"> 
                                        <ns1:TransaktionsID>ES990297814006147441</ns1:TransaktionsID> 
                                        <ns1:ServiceID>RegistreringForholdOpdaterService</ns1:ServiceID> 
                                        <ns1:TransaktionsTid>2014-02-27T10:56:01</ns1:TransaktionsTid> 
                                </ns1:HovedOplysningerSvar> 
                        </ns1:Kontekst> 
                        <ns1:VirksomhedSENummer>99029781</ns1:VirksomhedSENummer> 
                        <ns1:RegistreringsforholdListe> 
                                <ns1:RegistreringForhold> 
                                        <ns1:Pligt> 
                                                <ns1:RegistreringForholdBehandlingKode/> 
                                                <ns1:LovPligtTypeKode>3</ns1:LovPligtTypeKode> 
                                                <ns1:PligtKode>67</ns1:PligtKode> 
                                                <ns1:RegistreringForholdStartDato>2013-12-02</ns1:RegistreringForholdStartDato> 
                                                <ns1:RegistreringForholdSlutDato>2014-01-01</ns1:RegistreringForholdSlutDato> 
                                        </ns1:Pligt> 
                                        <ns1:Bevilling> 
                                                <ns1:BevillingForholdBehandlingKode>P</ns1:BevillingForholdBehandlingKode> 
                                                <ns1:PligtKode>67</ns1:PligtKode> 
                                                <ns1:BevillingForholdTypeKode>262</ns1:BevillingForholdTypeKode> 
                                                <ns1:BevillingForholdGyldigFra>2013-12-02</ns1:BevillingForholdGyldigFra> 
                                                <ns1:BevillingForholdGyldigTil>2014-01-01</ns1:BevillingForholdGyldigTil> 
                                                <ns1:RegistreringsforholdHenvisning> 
                                                        <ns1:VirksomhedSENummer>99051175</ns1:VirksomhedSENummer> 
                                                </ns1:RegistreringsforholdHenvisning> 
                                        </ns1:Bevilling> 
                                </ns1:RegistreringForhold> 
                                <ns1:RegistreringForhold> 
                                        <ns1:Pligt> 
                                                <ns1:RegistreringForholdBehandlingKode/> 
                                                <ns1:LovPligtTypeKode>3</ns1:LovPligtTypeKode> 
                                                <ns1:PligtKode>67</ns1:PligtKode> 
                                                <ns1:RegistreringForholdStartDato>2014-01-02</ns1:RegistreringForholdStartDato> 
                                        </ns1:Pligt> 
                                        <ns1:Angivelsesfrekvensforhold> 
                                                <ns1:AngivelseFrekvensForholdBehandlingKode>O</ns1:AngivelseFrekvensForholdBehandlingKode> 
                                                <ns1:PligtKode>67</ns1:PligtKode> 
                                                <ns1:AngivelseFrekvensTypeKode>10</ns1:AngivelseFrekvensTypeKode> 
                                                <ns1:AngivelseFrekvensForholdGyldigFra>2014-01-02</ns1:AngivelseFrekvensForholdGyldigFra> 
                                        </ns1:Angivelsesfrekvensforhold> 
                                </ns1:RegistreringForhold> 
                        </ns1:RegistreringsforholdListe> 
                </ns1:RegistreringForholdOpdater_O> 
        </soapenv:Body> 
</soapenv:Envelope> 