<?xml version="1.0" encoding="UTF-8"?>
<KasinoSpilleautomatTransaktionStruktur xmlns="http://skat.dk/begrebsmodel/2009/01/15/">
	<KasinoSpilleautomatTransaktionStruktur>
		<FilInformation>
			<SpilFilVersion>v2</SpilFilVersion>
			<SpilFilIdentifikation>e3560400-fcb9-11e1-a21f-0800200c9a66</SpilFilIdentifikation>
		</FilInformation>
		<KasinoInformation>
			<SpilCertifikatIdentifikation>your-tamper-token-user-name</SpilCertifikatIdentifikation>
		</KasinoInformation>
		<SpilleautomatAflæsningListe>
			<SpilleautomatAflæsning>
				<SpilleautomatFabrikant>GC</SpilleautomatFabrikant>
				<SpilleautomatNavn>Automat-navn-1</SpilleautomatNavn>
				<SpilleautomatNummer>1</SpilleautomatNummer>
				<SpilleautomatUdtrækDatoTid>2012-09-17T09:30:47.0Z</SpilleautomatUdtrækDatoTid>
				<SpilleautomatProgramVersion>v2.0.0.1</SpilleautomatProgramVersion>
				<SpilleautomatSidstÆndret>2005-02-17T09:30:47.0Z</SpilleautomatSidstÆndret>
				<SpilleautomatUdbetalingProcent>90</SpilleautomatUdbetalingProcent>
				<SpilleautomatIndbetalingIndskud>135783</SpilleautomatIndbetalingIndskud>
				<SpilleautomatUdbetalingGevinst>110344</SpilleautomatUdbetalingGevinst>
				<SpilleautomatSpilledeKreditter>1456894</SpilleautomatSpilledeKreditter>
				<SpilleautomatVundneKreditter>1249345</SpilleautomatVundneKreditter>
			</SpilleautomatAflæsning>
			<SpilleautomatAflæsning>
				<SpilleautomatFabrikant>GC</SpilleautomatFabrikant>
				<SpilleautomatNavn>Automat-navn-2</SpilleautomatNavn>
				<SpilleautomatNummer>2</SpilleautomatNummer>
				<SpilleautomatUdtrækDatoTid>2012-09-17T09:30:48.0Z</SpilleautomatUdtrækDatoTid>
				<SpilleautomatProgramVersion>v2.4.4.2</SpilleautomatProgramVersion>
				<SpilleautomatSidstÆndret>2007-05-17T09:30:47.0Z</SpilleautomatSidstÆndret>
				<SpilleautomatUdbetalingProcent>90</SpilleautomatUdbetalingProcent>
				<SpilleautomatIndbetalingIndskud>15543</SpilleautomatIndbetalingIndskud>
				<SpilleautomatUdbetalingGevinst>12456</SpilleautomatUdbetalingGevinst>
				<SpilleautomatSpilledeKreditter>167893</SpilleautomatSpilledeKreditter>
				<SpilleautomatVundneKreditter>143265</SpilleautomatVundneKreditter>
			</SpilleautomatAflæsning>
		</SpilleautomatAflæsningListe>
	</KasinoSpilleautomatTransaktionStruktur>
</KasinoSpilleautomatTransaktionStruktur>
