<?xml version="1.0" encoding="UTF-8"?>
<KasinoSpilleautomatJackpotStruktur xmlns="http://skat.dk/begrebsmodel/2009/01/15/">
	<KasinoSpilleautomatJackpotStruktur>
		<FilInformation>
			<SpilFilVersion>v2</SpilFilVersion>
			<SpilFilIdentifikation>05cee520-fcb9-11e1-a21f-0800200c9a66</SpilFilIdentifikation>
		</FilInformation>
		<KasinoInformation>
			<SpilCertifikatIdentifikation>your-tamper-token-user-name</SpilCertifikatIdentifikation>
		</KasinoInformation>
		<JackpotPuljeTotalAflæsning>
			<SpilleautomatJackpotIdentifikation>DanmarksPuljen</SpilleautomatJackpotIdentifikation>
			<SpilleautomatJackpotUdtrækDatoTid>2012-09-17T09:30:47.0Z</SpilleautomatJackpotUdtrækDatoTid>
			<SpilleautomatJackpotPuljeTotal>2000123</SpilleautomatJackpotPuljeTotal>
		</JackpotPuljeTotalAflæsning>
		<JackpotPuljeTransaktionListe>
			<JackpotPuljeTransaktion>
				<KasinoIdentifikation>KasinoKoebenhavn</KasinoIdentifikation>
				<SpilleautomatNavn>Automat-navn-1</SpilleautomatNavn>
				<SpilleautomatNummer>1</SpilleautomatNummer>
				<SpilleautomatJackpotTilvækstBeløb>123</SpilleautomatJackpotTilvækstBeløb>
				<SpilleautomatFabrikant>GC</SpilleautomatFabrikant>
			</JackpotPuljeTransaktion>
			<JackpotPuljeTransaktion>
				<KasinoIdentifikation>KasinoKoebenhavn</KasinoIdentifikation>
				<SpilleautomatNavn>Automat-navn-2</SpilleautomatNavn>
				<SpilleautomatNummer>2</SpilleautomatNummer>
				<SpilleautomatJackpotTilvækstBeløb>321</SpilleautomatJackpotTilvækstBeløb>
				<SpilleautomatFabrikant>GC</SpilleautomatFabrikant>
			</JackpotPuljeTransaktion>
		</JackpotPuljeTransaktionListe>
		<JackpotPuljeGevinst>
			<KasinoIdentifikation>KasinoKoebenhavn</KasinoIdentifikation>
			<SpilleautomatNavn>Automat-navn-1</SpilleautomatNavn>
			<SpilleautomatNummer>1</SpilleautomatNummer>
			<SpilleautomatJackpotUdbetalingGevinst>2000123</SpilleautomatJackpotUdbetalingGevinst>
			<SpilleautomatFabrikant>GC</SpilleautomatFabrikant>
		</JackpotPuljeGevinst>
		<JackpotPuljeOpstart>
			<SpilleautomatJackpotOpstartBeløb>2000000</SpilleautomatJackpotOpstartBeløb>
		</JackpotPuljeOpstart>
	</KasinoSpilleautomatJackpotStruktur>
</KasinoSpilleautomatJackpotStruktur>
