﻿<?xml version="1.0" encoding="utf-8" standalone="yes"?>
<conversion>
	<element>
		<from namespace="http://skat.dk/begrebsmodel/2009/01/15/" name="AlternativAdresseAdresseLinie1"/>
		<to namespace="http://rep.oio.dk/ebxml/xml/schemas/dkcc/2005/05/19/" name="PostalAddressFirstLineText" schemaLocation="http://digitaliser.dk/resource/6448/artefact/DKCC_PostalAddressFirstLineText.xsd"/>
	</element>
	<element>
		<from namespace="http://skat.dk/begrebsmodel/2009/01/15/" name="AlternativAdresseAdresseLinie2"/>
		<to namespace="http://rep.oio.dk/ebxml/xml/schemas/dkcc/2005/05/19/" name="PostalAddressSecondLineText" schemaLocation="http://digitaliser.dk/resource/5909/artefact/DKCC_PostalAddressSecondLineText.xsd"/>
	</element>
	<element>
		<from namespace="http://skat.dk/begrebsmodel/2009/01/15/" name="AlternativAdresseAdresseLinie3"/>
		<to namespace="http://rep.oio.dk/ebxml/xml/schemas/dkcc/2005/05/19/" name="PostalAddressThirdLineText" schemaLocation="http://digitaliser.dk/resource/1572/artefact/DKCC_PostalAddressThirdLineText.xsd"/>
	</element>
	<element>
		<from namespace="http://skat.dk/begrebsmodel/2009/01/15/" name="AlternativAdresseAdresseLinie4"/>
		<to namespace="http://rep.oio.dk/ebxml/xml/schemas/dkcc/2005/05/19/" name="PostalAddressFourthLineText" schemaLocation="http://digitaliser.dk/resource/4045/artefact/DKCC_PostalAddressFourthLineText.xsd"/>
	</element>
	<element>
		<from namespace="http://skat.dk/begrebsmodel/2009/01/15/" name="AlternativAdresseAdresseLinie5"/>
		<to namespace="http://rep.oio.dk/ebxml/xml/schemas/dkcc/2005/05/19/" name="PostalAddressFifthLineText" schemaLocation="http://digitaliser.dk/resource/6906/artefact/DKCC_PostalAddressFifthLineText.xsd"/>
	</element>
	<element>
		<from namespace="http://skat.dk/begrebsmodel/2009/01/15/" name="AlternativAdresseAdresseLinie6"/>
		<to namespace="http://rep.oio.dk/ebxml/xml/schemas/dkcc/2005/05/19/" name="PostalAddressSixthLineText" schemaLocation="http://digitaliser.dk/resource/4722/artefact/DKCC_PostalAddressSixthLineText.xsd"/>
	</element>
	<element>
		<from namespace="http://skat.dk/begrebsmodel/2009/01/15/" name="AlternativAdresseAdresseLinie7"/>
		<to namespace="http://rep.oio.dk/cpr.dk/xml/schemas/core/2005/05/19/" name="CompletePostalLabelText" schemaLocation="http://digitaliser.dk/resource/2308/artefact/CPR_CompletePostalLabelText.xsd"/>
	</element>
	<element>
		<from namespace="http://skat.dk/begrebsmodel/2009/01/15/" name="AlternativEmailForholdPrimærMarkering"/>
		<to namespace="urn:oio:skat:efi:1.0.0" name="AlternativEmailForholdPrimaerIndikator" schemaLocation="http://digitaliser.dk/resource/1381234/artefact/AlternativEmailForholdPrimaerIndikator.xsd"/>
	</element>
	<element>
		<from namespace="http://skat.dk/begrebsmodel/2009/01/15/" name="AlternativFaxForholdPrimærMarkering"/>
		<to namespace="urn:oio:skat:efi:1.0.0" name="AlternativFaxForholdPrimaerIndikator" schemaLocation="http://digitaliser.dk/resource/1381321/artefact/AlternativFaxForholdPrimaerIndikator.xsd"/>
	</element>
	<element>
		<from namespace="http://skat.dk/begrebsmodel/2009/01/15/" name="AlternativKontaktBemærkning"/>
		<to namespace="urn:oio:skat:efi:1.0.0" name="AlternativKontaktBemaerkningTekst" schemaLocation="http://digitaliser.dk/resource/1381354/artefact/AlternativKontaktBemaerkningTekst.xsd"/>
	</element>
	<element>
		<from namespace="http://skat.dk/begrebsmodel/2009/01/15/" name="AlternativKontaktID"/>
		<to namespace="urn:oio:skat:efi:1.0.0" name="AlternativKontaktIdentifikator" schemaLocation="http://digitaliser.dk/resource/1381393/artefact/AlternativKontaktIdentifikator.xsd"/>
	</element>
	<element>
		<from namespace="http://skat.dk/begrebsmodel/2009/01/15/" name="AlternativKontaktNavn"/>
		<to namespace="urn:oio:skat:efi:1.0.0" name="AlternativKontaktNavn" schemaLocation="http://digitaliser.dk/resource/1381411/artefact/AlternativKontaktNavn.xsd"/>
	</element>
	<element>
		<from namespace="http://skat.dk/begrebsmodel/2009/01/15/" name="AlternativKontaktPersonFødselDato"/>
		<to namespace="urn:oio:skat:efi:1.0.0" name="AlternativKontaktPersonFoedselDato" schemaLocation="http://digitaliser.dk/resource/1381418/artefact/AlternativKontaktPersonFoedselDato.xsd"/>
	</element>
	<element>
		<from namespace="http://skat.dk/begrebsmodel/2009/01/15/" name="AlternativKontaktPersonKøn"/>
		<to namespace="http://rep.oio.dk/ebxml/xml/schemas/dkcc/2006/01/23/" name="PersonGenderCode" schemaLocation="http://digitaliser.dk/resource/6170/artefact/DKCC_PersonGenderCode.xsd"/>
	</element>
	<element>
		<from namespace="http://skat.dk/begrebsmodel/2009/01/15/" name="AlternativKontaktReferenceTekst"/>
		<to namespace="urn:oio:skat:efi:1.0.0" name="AlternativKontaktReferenceTekst" schemaLocation="http://digitaliser.dk/resource/1381442/artefact/AlternativKontaktReferenceTekst.xsd"/>
	</element>
	<element>
		<from namespace="http://skat.dk/begrebsmodel/2009/01/15/" name="AlternativKontaktReferenceType"/>
		<to namespace="urn:oio:skat:efi:1.0.0" name="AlternativKontaktReferenceTypeKode" schemaLocation="http://digitaliser.dk/resource/2385561/artefact/AlternativKontaktReferenceTypeKode.xsd"/>
	</element>
	<element>
		<from namespace="http://skat.dk/begrebsmodel/2009/01/15/" name="AlternativKontaktType"/>
		<to namespace="urn:oio:skat:efi:1.0.0" name="AlternativKontaktTypeKode" schemaLocation="http://digitaliser.dk/resource/1381509/artefact/AlternativKontaktTypeKode.xsd"/>
	</element>
	<element>
		<from namespace="http://skat.dk/begrebsmodel/2009/01/15/" name="AlternativTelefonForholdPrimærMarkering"/>
		<to namespace="urn:oio:skat:efi:1.0.0" name="AlternativTelefonForholdPrimaerIndikator" schemaLocation="http://digitaliser.dk/resource/1381556/artefact/AlternativTelefonForholdPrimaerIndikator.xsd"/>
	</element>
	<element>
		<from namespace="http://skat.dk/begrebsmodel/2009/01/15/" name="CivilstandKode"/>
		<to namespace="urn:oio:oib:pension:1.0.0" name="CivilstandSamlivsforholdKode" schemaLocation="http://digitaliser.dk/resource/403296/artefact/CivilstandSamlivsforholdKode.xsd"/>
	</element>
	<element>
		<from namespace="http://skat.dk/begrebsmodel/2009/01/15/" name="DMIFordringBeløb"/>
		<to namespace="urn:oio:skat:efi:1.0.0" name="FordringBeloeb" schemaLocation="http://digitaliser.dk/resource/1382133/artefact/FordringBeloeb.xsd"/>
	</element>
	<element>
		<from namespace="http://skat.dk/begrebsmodel/2009/01/15/" name="DMIFordringBeløbDKK"/>
		<to namespace="urn:oio:skat:efi:1.0.0" name="FordringDKKBeloeb" schemaLocation="http://digitaliser.dk/resource/1382341/artefact/FordringDKKBeloeb.xsd"/>
	</element>
	<element>
		<from namespace="http://skat.dk/begrebsmodel/2009/01/15/" name="DMIFordringDækningBeløb"/>
		<to namespace="urn:oio:skat:efi:1.0.0" name="FordringDaekningBeloeb" schemaLocation="http://digitaliser.dk/resource/1382161/artefact/FordringDaekningBeloeb.xsd"/>
	</element>
	<element>
		<from namespace="http://skat.dk/begrebsmodel/2009/01/15/" name="DMIFordringDækningBeløbDKK"/>
		<to namespace="urn:oio:skat:efi:1.0.0" name="FordringDaekningDKKBeloeb" schemaLocation="http://digitaliser.dk/resource/1382288/artefact/FordringDaekningDKKBeloeb.xsd"/>
	</element>
	<element>
		<from namespace="http://skat.dk/begrebsmodel/2009/01/15/" name="DMIFordringDækningDato"/>
		<to namespace="urn:oio:skat:efi:1.0.0" name="FordringDaekningDato" schemaLocation="http://digitaliser.dk/resource/1382171/artefact/FordringDaekningDato.xsd"/>
	</element>
	<element>
		<from namespace="http://skat.dk/begrebsmodel/2009/01/15/" name="DMIFordringEFIFordringID"/>
		<to namespace="urn:oio:skat:efi:1.0.0" name="FordringInddrivelseFordringIdentifikator" schemaLocation="http://digitaliser.dk/resource/1388124/artefact/FordringInddrivelseFordringIdentifikator.xsd"/>
	</element>
	<element>
		<from namespace="http://skat.dk/begrebsmodel/2009/01/15/" name="DMIFordringEFIHovedFordringID"/>
		<to namespace="urn:oio:skat:efi:1.0.0" name="FordringInddrivelseHovedFordringIdentifikator" schemaLocation="http://digitaliser.dk/resource/1388198/artefact/FordringInddrivelseHovedFordringIdentifikator.xsd"/>
	</element>
	<element>
		<from namespace="http://skat.dk/begrebsmodel/2009/01/15/" name="DMIFordringFordringArtKode"/>
		<to namespace="urn:oio:skat:efi:1.0.0" name="FordringFordringArtKode" schemaLocation="http://digitaliser.dk/resource/1382394/artefact/FordringFordringArtKode.xsd"/>
	</element>
	<element>
		<from namespace="http://skat.dk/begrebsmodel/2009/01/15/" name="DMIFordringFordringHaverBeskr"/>
		<to namespace="urn:oio:skat:efi:1.0.0" name="FordringFordringHaverBeskrivelseTekst" schemaLocation="http://digitaliser.dk/resource/1382425/artefact/FordringFordringHaverBeskrivelseTekst.xsd"/>
	</element>
	<element>
		<from namespace="http://skat.dk/begrebsmodel/2009/01/15/" name="DMIFordringFordringHaverRef"/>
		<to namespace="urn:oio:skat:efi:1.0.0" name="FordringFordringHaverReference" schemaLocation="http://digitaliser.dk/resource/1382448/artefact/FordringFordringHaverReference.xsd"/>
	</element>
	<element>
		<from namespace="http://skat.dk/begrebsmodel/2009/01/15/" name="DMIFordringForeløbigFastsat"/>
		<to namespace="" name="" schemaLocation=""/>
		<!--obsolete-->
	</element>
	<element>
		<from namespace="http://skat.dk/begrebsmodel/2009/01/15/" name="DMIFordringForfaldDato"/>
		<to namespace="urn:oio:skat:efi:1.0.0" name="FordringForfaldDato" schemaLocation="http://digitaliser.dk/resource/1382546/artefact/FordringForfaldDato.xsd"/>
	</element>
	<element>
		<from namespace="http://skat.dk/begrebsmodel/2009/01/15/" name="DMIFordringHaverID"/>
		<to namespace="urn:oio:skat:efi:1.0.0" name="FordringHaverIdentifikator" schemaLocation="http://digitaliser.dk/resource/1382630/artefact/FordringHaverIdentifikator.xsd"/>
	</element>
	<element>
		<from namespace="http://skat.dk/begrebsmodel/2009/01/15/" name="DMIFordringModtagelseDato"/>
		<to namespace="urn:oio:skat:efi:1.0.0" name="FordringModtagelseDatoTid" schemaLocation="http://digitaliser.dk/resource/1388237/artefact/FordringModtagelseDatoTid.xsd"/>
	</element>
	<element>
		<from namespace="http://skat.dk/begrebsmodel/2009/01/15/" name="DMIFordringPEnhedNummer"/>
		<to namespace="urn:oio:skat:efi:1.0.0" name="FordringProduktionEnhedIdentifikator" schemaLocation="http://digitaliser.dk/resource/1388638/artefact/FordringProduktionEnhedIdentifikator.xsd"/>
	</element>
	<element>
		<from namespace="http://skat.dk/begrebsmodel/2009/01/15/" name="DMIFordringPeriodeFraDato"/>
		<to namespace="urn:oio:skat:efi:1.0.0" name="FordringPeriode" schemaLocation="http://digitaliser.dk/resource/1388616/artefact/FordringPeriode.xsd"/>
	</element>
	<element>
		<from namespace="http://skat.dk/begrebsmodel/2009/01/15/" name="DMIFordringPeriodeTilDato"/>
		<to namespace="" name="" schemaLocation=""/>
		<!--obsolete-->
	</element>
	<element>
		<from namespace="http://skat.dk/begrebsmodel/2009/01/15/" name="DMIFordringPeriodeType"/>
		<to namespace="urn:oio:skat:efi:1.0.0" name="FordringPeriodeTypeTekst" schemaLocation="http://digitaliser.dk/resource/1388627/artefact/FordringPeriodeTypeTekst.xsd"/>
	</element>
	<element>
		<from namespace="http://skat.dk/begrebsmodel/2009/01/15/" name="DMIFordringRestBeløb"/>
		<to namespace="urn:oio:skat:efi:1.0.0" name="FordringRestBeloeb" schemaLocation="http://digitaliser.dk/resource/1388664/artefact/FordringRestBeloeb.xsd"/>
	</element>
	<element>
		<from namespace="http://skat.dk/begrebsmodel/2009/01/15/" name="DMIFordringRestBeløbDKK"/>
		<to namespace="urn:oio:skat:efi:1.0.0" name="FordringRestDKKBeloeb" schemaLocation="http://digitaliser.dk/resource/1388674/artefact/FordringRestDKKBeloeb.xsd"/>
	</element>
	<element>
		<from namespace="http://skat.dk/begrebsmodel/2009/01/15/" name="DMIFordringSRBDato"/>
		<to namespace="urn:oio:skat:efi:1.0.0" name="FordringSidsteRettidigeBetalingDato" schemaLocation="http://digitaliser.dk/resource/1388682/artefact/FordringSidsteRettidigeBetalingDato.xsd"/>
	</element>
	<element>
		<from namespace="http://skat.dk/begrebsmodel/2009/01/15/" name="DMIFordringStiftelseTidspunkt"/>
		<to namespace="urn:oio:skat:efi:1.0.0" name="FordringStiftelseDato" schemaLocation="http://digitaliser.dk/resource/1388750/artefact/FordringStiftelseDato.xsd"/>
	</element>
	<element>
		<from namespace="http://skat.dk/begrebsmodel/2009/01/15/" name="DMIFordringTilbageOmkBetal"/>
		<to namespace="urn:oio:skat:efi:1.0.0" name="FordringTilbageOmkostningBetalingIndikator" schemaLocation="http://digitaliser.dk/resource/1388758/artefact/FordringTilbageOmkostningBetalingIndikator.xsd"/>
	</element>
	<element>
		<from namespace="http://skat.dk/begrebsmodel/2009/01/15/" name="DMIFordringTypeKode"/>
		<to namespace="urn:oio:skat:efi:1.0.0" name="FordringTypeKode" schemaLocation="http://digitaliser.dk/resource/1388897/artefact/FordringTypeKode.xsd"/>
	</element>
	<element>
		<from namespace="http://skat.dk/begrebsmodel/2009/01/15/" name="DMIFordringTypeNavn"/>
		<to namespace="urn:oio:skat:efi:1.0.0" name="FordringTypeNavn" schemaLocation="http://digitaliser.dk/resource/1388938/artefact/FordringTypeNavn.xsd"/>
	</element>
	<element>
		<from namespace="http://skat.dk/begrebsmodel/2009/01/15/" name="DMIFordringVirkningFra"/>
		<to namespace="urn:oio:skat:efi:1.0.0" name="FordringVirkningFraDato" schemaLocation="http://digitaliser.dk/resource/1388961/artefact/FordringVirkningFraDato.xsd"/>
	</element>
	<element>
		<from namespace="http://skat.dk/begrebsmodel/2009/01/15/" name="DMIMyndighedUdbetalerNavn"/>
		<to namespace="urn:oio:skat:efi:1.0.0" name="MyndighedUdbetalerNavn" schemaLocation="http://digitaliser.dk/resource/1391939/artefact/MyndighedUdbetalerNavn.xsd"/>
	</element>
	<element>
		<from namespace="http://skat.dk/begrebsmodel/2009/01/15/" name="DokumentFilIndhold"/>
		<to namespace="urn:oio:dkal:1.0.0" name="MeddelelseIndholdData" schemaLocation="http://digitaliser.dk/resource/451496/artefact/MeddelelseIndholdData.xsd"/>
	</element>
	<element>
		<from namespace="http://skat.dk/begrebsmodel/2009/01/15/" name="DokumentFilType"/>
		<to namespace="urn:oio:dkal:1.0.0" name="FilformatNavn" schemaLocation="http://digitaliser.dk/resource/451484/artefact/FilformatNavn.xsd"/>
	</element>
	<element>
		<from namespace="http://skat.dk/begrebsmodel/2009/01/15/" name="DokumentNummer"/>
		<to namespace="" name="" schemaLocation=""/>
		<!--obsolete-->
	</element>
	<element>
		<from namespace="http://skat.dk/begrebsmodel/2009/01/15/" name="DPDokumentArt"/>
		<to namespace="urn:oio:skat:efi:1.0.0" name="ModtagFordringDokumentArtKode" schemaLocation="http://digitaliser.dk/resource/2357386/artefact/ModtagFordringDokumentArtKode.xsd"/>
	</element>
	<element>
		<from namespace="http://skat.dk/begrebsmodel/2009/01/15/" name="DPDokumentEksternReference"/>
		<to namespace="urn:oio:skat:efi:1.0.0" name="ModtagFordringDokumentEksternReference" schemaLocation="http://digitaliser.dk/resource/1391723/artefact/ModtagFordringDokumentEksternReference.xsd"/>
	</element>
	<element>
		<from namespace="http://skat.dk/begrebsmodel/2009/01/15/" name="DriftFormKode"/>
		<to namespace="http://rep.oio.dk/skat.dk/motor/class/driftform/xml/schemas/20080401/" name="DriftFormKode" schemaLocation="http://digitaliser.dk/resource/1359/artefact/SKAT_DriftFormKode.xsd"/>
	</element>
	<element>
		<from namespace="http://skat.dk/begrebsmodel/2009/01/15/" name="EFIFordringKonvertering"/>
		<to namespace="" name="" schemaLocation=""/>
		<!--obsolete-->
	</element>
	<element>
		<from namespace="http://skat.dk/begrebsmodel/2009/01/15/" name="EFIFordringOprindeligBeløb"/>
		<to namespace="urn:oio:skat:efi:1.0.0" name="InddrivelseFordringOprindeligBeloeb" schemaLocation="http://digitaliser.dk/resource/1390039/artefact/InddrivelseFordringOprindeligBeloeb.xsd"/>
	</element>
	<element>
		<from namespace="http://skat.dk/begrebsmodel/2009/01/15/" name="EFIFordringOprindeligBeløbDKK"/>
		<to namespace="urn:oio:skat:efi:1.0.0" name="InddrivelseFordringOprindeligDKKBeloeb" schemaLocation="http://digitaliser.dk/resource/1390047/artefact/InddrivelseFordringOprindeligDKKBeloeb.xsd"/>
	</element>
	<element>
		<from namespace="http://skat.dk/begrebsmodel/2009/01/15/" name="EFIKundeArrest"/>
		<to namespace="" name="" schemaLocation=""/>
		<!--obsolete-->
	</element>
	<element>
		<from namespace="http://skat.dk/begrebsmodel/2009/01/15/" name="EmailAdresseEmail"/>
		<to namespace="http://rep.oio.dk/xkom.dk/xml/schemas/2005/03/15/" name="EmailAddressIdentifier" schemaLocation="http://digitaliser.dk/resource/2237/artefact/XKOM_EmailAddressIdentifier.xsd"/>
	</element>
	<element>
		<from namespace="http://skat.dk/begrebsmodel/2009/01/15/" name="FaxUdlandNummer"/>
		<to namespace="http://rep.oio.dk/uvm.dk/studieadm/common/xml/schemas/2006/02/20/" name="TelefonNummerTekst" schemaLocation="http://digitaliser.dk/resource/1444/artefact/SA_TelefonNummerTekst.xsd"/>
	</element>
	<element>
		<from namespace="http://skat.dk/begrebsmodel/2009/01/15/" name="FordringAfregningBeløb"/>
		<to namespace="urn:oio:skat:efi:1.0.0" name="FordringAfregningBeloeb" schemaLocation="http://digitaliser.dk/resource/1381622/artefact/FordringAfregningBeloeb.xsd"/>
	</element>
	<element>
		<from namespace="http://skat.dk/begrebsmodel/2009/01/15/" name="FordringAfregningBeløbDKK"/>
		<to namespace="urn:oio:skat:efi:1.0.0" name="FordringAfregningDKKBeloeb" schemaLocation="http://digitaliser.dk/resource/1381632/artefact/FordringAfregningDKKBeloeb.xsd"/>
	</element>
	<element>
		<from namespace="http://skat.dk/begrebsmodel/2009/01/15/" name="FordringAfskrivningAfsBeløb"/>
		<to namespace="urn:oio:skat:efi:1.0.0" name="FordringAfskrivningAfskrivningBeloeb" schemaLocation="http://digitaliser.dk/resource/1381641/artefact/FordringAfskrivningAfskrivningBeloeb.xsd"/>
	</element>
	<element>
		<from namespace="http://skat.dk/begrebsmodel/2009/01/15/" name="FordringAfskrivningAfsBeløbDKK"/>
		<to namespace="urn:oio:skat:efi:1.0.0" name="FordringAfskrivningAfskrivningDKKBeloeb" schemaLocation="http://digitaliser.dk/resource/1381822/artefact/FordringAfskrivningAfskrivningDKKBeloeb.xsd"/>
	</element>
	<element>
		<from namespace="http://skat.dk/begrebsmodel/2009/01/15/" name="FordringAfskrivningDato"/>
		<to namespace="urn:oio:skat:efi:1.0.0" name="FordringAfskrivningDato" schemaLocation="http://digitaliser.dk/resource/1381883/artefact/FordringAfskrivningDato.xsd"/>
	</element>
	<element>
		<from namespace="http://skat.dk/begrebsmodel/2009/01/15/" name="FordringAfskrivningProcent"/>
		<to namespace="urn:oio:skat:efi:1.0.0" name="FordringAfskrivningProcent" schemaLocation="http://digitaliser.dk/resource/1381993/artefact/FordringAfskrivningProcent.xsd"/>
	</element>
	<element>
		<from namespace="http://skat.dk/begrebsmodel/2009/01/15/" name="FordringAfskrivningVirkningFra"/>
		<to namespace="urn:oio:skat:efi:1.0.0" name="FordringAfskrivningVirkningFraDato" schemaLocation="http://digitaliser.dk/resource/1382050/artefact/FordringAfskrivningVirkningFraDato.xsd"/>
	</element>
	<element>
		<from namespace="http://skat.dk/begrebsmodel/2009/01/15/" name="FordringAfskrivningÅrsagBegr"/>
		<to namespace="urn:oio:skat:efi:1.0.0" name="FordringAfskrivningAarsagBegrundelseTekst" schemaLocation="http://digitaliser.dk/resource/1382094/artefact/FordringAfskrivningAarsagBegrundelseTekst.xsd"/>
	</element>
	<element>
		<from namespace="http://skat.dk/begrebsmodel/2009/01/15/" name="FordringAfskrivningÅrsagKode"/>
		<to namespace="urn:oio:skat:efi:1.0.0" name="FordringAfskrivningAarsagKode" schemaLocation="http://digitaliser.dk/resource/2479508/artefact/FordringAfskrivningAarsagKode.xsd"/>
	</element>
	<element>
		<from namespace="http://skat.dk/begrebsmodel/2009/01/15/" name="FordringAfskrivningÅrsagTekst"/>
		<to namespace="urn:oio:skat:efi:1.0.0" name="FordringAfskrivningAarsagTekst" schemaLocation="http://digitaliser.dk/resource/1382125/artefact/FordringAfskrivningAarsagTekst.xsd"/>
	</element>
	<element>
		<from namespace="http://skat.dk/begrebsmodel/2009/01/15/" name="FordringHaverAfregningBeløb"/>
		<to namespace="urn:oio:skat:efi:1.0.0" name="FordringHaverAfregningBeloeb" schemaLocation="http://digitaliser.dk/resource/1382576/artefact/FordringHaverAfregningBeloeb.xsd"/>
	</element>
	<element>
		<from namespace="http://skat.dk/begrebsmodel/2009/01/15/" name="FordringHaverAfregningBeløbDKK"/>
		<to namespace="urn:oio:skat:efi:1.0.0" name="FordringHaverAfregningDKKBeloeb" schemaLocation="http://digitaliser.dk/resource/1382590/artefact/FordringHaverAfregningDKKBeloeb.xsd"/>
	</element>
	<element>
		<from namespace="http://skat.dk/begrebsmodel/2009/01/15/" name="FordringHaverAfregningDato"/>
		<to namespace="urn:oio:skat:efi:1.0.0" name="FordringHaverAfregningDato" schemaLocation="http://digitaliser.dk/resource/1382583/artefact/FordringHaverAfregningDato.xsd"/>
	</element>
	<element>
		<from namespace="http://skat.dk/begrebsmodel/2009/01/15/" name="FordringHaverAfregningID"/>
		<to namespace="urn:oio:skat:efi:1.0.0" name="FordringHaverAfregningIdentifikator" schemaLocation="http://digitaliser.dk/resource/1382597/artefact/FordringHaverAfregningIdentifikator.xsd"/>
	</element>
	<element>
		<from namespace="http://skat.dk/begrebsmodel/2009/01/15/" name="FordringHaverAfregningPerFra"/>
		<to namespace="urn:oio:skat:efi:1.0.0" name="FordringHaverAfregningPeriode" schemaLocation="http://digitaliser.dk/resource/1382604/artefact/FordringHaverAfregningPeriode.xsd"/>
	</element>
	<element>
		<from namespace="http://skat.dk/begrebsmodel/2009/01/15/" name="FordringHaverAfregningPerTil"/>
		<to namespace="" name="" schemaLocation=""/>
		<!--obsolete-->
	</element>
	<element>
		<from namespace="http://skat.dk/begrebsmodel/2009/01/15/" name="FordringHaverAfregningUnderret"/>
		<to namespace="urn:oio:skat:efi:1.0.0" name="FordringHaverAfregningUnderretKode" schemaLocation="http://digitaliser.dk/resource/1382612/artefact/FordringHaverAfregningUnderretKode.xsd"/>
	</element>
	<element>
		<from namespace="http://skat.dk/begrebsmodel/2009/01/15/" name="FordringHaverFordelingProcent"/>
		<to namespace="urn:oio:skat:efi:1.0.0" name="FordringHaverFordelingProcent" schemaLocation="http://digitaliser.dk/resource/1382623/artefact/FordringHaverFordelingProcent.xsd"/>
	</element>
	<element>
		<from namespace="http://skat.dk/begrebsmodel/2009/01/15/" name="FordringNedskrivningBeløb"/>
		<to namespace="urn:oio:skat:efi:1.0.0" name="FordringNedskrivningBeloeb" schemaLocation="http://digitaliser.dk/resource/1388260/artefact/FordringNedskrivningBeloeb.xsd"/>
	</element>
	<element>
		<from namespace="http://skat.dk/begrebsmodel/2009/01/15/" name="FordringNedskrivningBeløbDKK"/>
		<to namespace="urn:oio:skat:efi:1.0.0" name="FordringNedskrivningDKKBeloeb" schemaLocation="http://digitaliser.dk/resource/1388368/artefact/FordringNedskrivningDKKBeloeb.xsd"/>
	</element>
	<element>
		<from namespace="http://skat.dk/begrebsmodel/2009/01/15/" name="FordringNedskrivningDato"/>
		<to namespace="urn:oio:skat:efi:1.0.0" name="FordringNedskrivningDato" schemaLocation="http://digitaliser.dk/resource/1388277/artefact/FordringNedskrivningDato.xsd"/>
	</element>
	<element>
		<from namespace="http://skat.dk/begrebsmodel/2009/01/15/" name="FordringNedskrivningVirkningFra"/>
		<to namespace="urn:oio:skat:efi:1.0.0" name="FordringNedskrivningVirkningFraDato" schemaLocation="http://digitaliser.dk/resource/1388486/artefact/FordringNedskrivningVirkningFraDato.xsd"/>
	</element>
	<element>
		<from namespace="http://skat.dk/begrebsmodel/2009/01/15/" name="FordringNedskrivningÅrsagBegr"/>
		<to namespace="urn:oio:skat:efi:1.0.0" name="FordringNedskrivningAarsagBegrundelseTekst" schemaLocation="http://digitaliser.dk/resource/1388502/artefact/FordringNedskrivningAarsagBegrundelseTekst.xsd"/>
	</element>
	<element>
		<from namespace="http://skat.dk/begrebsmodel/2009/01/15/" name="FordringNedskrivningÅrsagKode"/>
		<to namespace="urn:oio:skat:efi:1.0.0" name="FordringNedskrivningAarsagKode" schemaLocation="http://digitaliser.dk/resource/2479640/artefact/FordringNedskrivningAarsagKode.xsd"/>
	</element>
	<element>
		<from namespace="http://skat.dk/begrebsmodel/2009/01/15/" name="FordringNedskrivningÅrsagTekst"/>
		<to namespace="urn:oio:skat:efi:1.0.0" name="FordringNedskrivningAarsagTekst" schemaLocation="http://digitaliser.dk/resource/1388526/artefact/FordringNedskrivningAarsagTekst.xsd"/>
	</element>
	<element>
		<from namespace="http://skat.dk/begrebsmodel/2009/01/15/" name="FordringOpskrivningBeløb"/>
		<to namespace="urn:oio:skat:efi:1.0.0" name="FordringOpskrivningBeloeb" schemaLocation="http://digitaliser.dk/resource/1388534/artefact/FordringOpskrivningBeloeb.xsd"/>
	</element>
	<element>
		<from namespace="http://skat.dk/begrebsmodel/2009/01/15/" name="FordringOpskrivningBeløbDKK"/>
		<to namespace="urn:oio:skat:efi:1.0.0" name="FordringOpskrivningDKKBeloeb" schemaLocation="http://digitaliser.dk/resource/1388551/artefact/FordringOpskrivningDKKBeloeb.xsd"/>
	</element>
	<element>
		<from namespace="http://skat.dk/begrebsmodel/2009/01/15/" name="FordringOpskrivningDato"/>
		<to namespace="urn:oio:skat:efi:1.0.0" name="FordringOpskrivningDato" schemaLocation="http://digitaliser.dk/resource/1388542/artefact/FordringOpskrivningDato.xsd"/>
	</element>
	<element>
		<from namespace="http://skat.dk/begrebsmodel/2009/01/15/" name="FordringOpskrivningVirkningFra"/>
		<to namespace="urn:oio:skat:efi:1.0.0" name="FordringOpskrivningVirkningFraDato" schemaLocation="http://digitaliser.dk/resource/1388560/artefact/FordringOpskrivningVirkningFraDato.xsd"/>
	</element>
	<element>
		<from namespace="http://skat.dk/begrebsmodel/2009/01/15/" name="FordringOpskrivningÅrsagBegr"/>
		<to namespace="urn:oio:skat:efi:1.0.0" name="FordringOpskrivningAarsagBegrundelseTekst" schemaLocation="http://digitaliser.dk/resource/1388572/artefact/FordringOpskrivningAarsagBegrundelseTekst.xsd"/>
	</element>
	<element>
		<from namespace="http://skat.dk/begrebsmodel/2009/01/15/" name="FordringOpskrivningÅrsagKode"/>
		<to namespace="urn:oio:skat:efi:1.0.0" name="FordringOpskrivningAarsagKode" schemaLocation="http://digitaliser.dk/resource/2357432/artefact/FordringOpskrivningAarsagKode.xsd"/>
	</element>
	<element>
		<from namespace="http://skat.dk/begrebsmodel/2009/01/15/" name="FordringOpskrivningÅrsagTekst"/>
		<to namespace="urn:oio:skat:efi:1.0.0" name="FordringOpskrivningAarsagTekst" schemaLocation="http://digitaliser.dk/resource/1388605/artefact/FordringOpskrivningAarsagTekst.xsd"/>
	</element>
	<element>
		<from namespace="http://skat.dk/begrebsmodel/2009/01/15/" name="HovedFordringReturDato"/>
		<to namespace="urn:oio:skat:efi:1.0.0" name="HovedFordringReturDato" schemaLocation="http://digitaliser.dk/resource/1389743/artefact/HovedFordringReturDato.xsd"/>
	</element>
	<element>
		<from namespace="http://skat.dk/begrebsmodel/2009/01/15/" name="HovedFordringReturÅrsagBegr"/>
		<to namespace="urn:oio:skat:efi:1.0.0" name="HovedFordringReturAarsagBegrundelseTekst" schemaLocation="http://digitaliser.dk/resource/1389755/artefact/HovedFordringReturAarsagBegrundelseTekst.xsd"/>
	</element>
	<element>
		<from namespace="http://skat.dk/begrebsmodel/2009/01/15/" name="HovedFordringReturÅrsagKode"/>
		<to namespace="urn:oio:skat:efi:1.0.0" name="HovedFordringReturAarsagKode" schemaLocation="http://digitaliser.dk/resource/2357421/artefact/HovedFordringReturAarsagKode.xsd"/>
	</element>
	<element>
		<from namespace="http://skat.dk/begrebsmodel/2009/01/15/" name="HovedFordringReturÅrsagTekst"/>
		<to namespace="urn:oio:skat:efi:1.0.0" name="HovedFordringReturAarsagTekst" schemaLocation="http://digitaliser.dk/resource/1389817/artefact/HovedFordringReturAarsagTekst.xsd"/>
	</element>
	<element>
		<from namespace="http://skat.dk/begrebsmodel/2009/01/15/" name="HovedFordringTilbageDato"/>
		<to namespace="urn:oio:skat:efi:1.0.0" name="HovedFordringTilbageDato" schemaLocation="http://digitaliser.dk/resource/1389858/artefact/HovedFordringTilbageDato.xsd"/>
	</element>
	<element>
		<from namespace="http://skat.dk/begrebsmodel/2009/01/15/" name="HovedFordringTilbageRelateret"/>
		<to namespace="urn:oio:skat:efi:1.0.0" name="HovedFordringTilbageRelateretKode" schemaLocation="http://digitaliser.dk/resource/1389958/artefact/HovedFordringTilbageRelateretKode.xsd"/>
	</element>
	<element>
		<from namespace="http://skat.dk/begrebsmodel/2009/01/15/" name="HovedFordringTilbageÅrsagBegr"/>
		<to namespace="urn:oio:skat:efi:1.0.0" name="HovedFordringTilbageAarsagBegrundelseTekst" schemaLocation="http://digitaliser.dk/resource/1389980/artefact/HovedFordringTilbageAarsagBegrundelseTekst.xsd"/>
	</element>
	<element>
		<from namespace="http://skat.dk/begrebsmodel/2009/01/15/" name="HovedFordringTilbageÅrsagKode"/>
		<to namespace="urn:oio:skat:efi:1.0.0" name="HovedFordringTilbagekaldAarsagKode" schemaLocation="http://digitaliser.dk/resource/2479629/artefact/HovedFordringTilbagekaldAarsagKode.xsd"/>
	</element>
	<element>
		<from namespace="http://skat.dk/begrebsmodel/2009/01/15/" name="HovedFordringTilbageÅrsagTekst"/>
		<to namespace="urn:oio:skat:efi:1.0.0" name="HovedFordringTilbageAarsagTekst" schemaLocation="http://digitaliser.dk/resource/1390002/artefact/HovedFordringTilbageAarsagTekst.xsd"/>
	</element>
	<element>
		<from namespace="http://skat.dk/begrebsmodel/2009/01/15/" name="HæftelseBegrænsetBeløb"/>
		<to namespace="urn:oio:skat:efi:1.0.0" name="HaeftelseBegraensetBeloeb" schemaLocation="http://digitaliser.dk/resource/1389018/artefact/HaeftelseBegraensetBeloeb.xsd"/>
	</element>
	<element>
		<from namespace="http://skat.dk/begrebsmodel/2009/01/15/" name="HæftelseBegrænsetBeløbDKK"/>
		<to namespace="urn:oio:skat:efi:1.0.0" name="HaeftelseBegraensetDKKBeloeb" schemaLocation="http://digitaliser.dk/resource/1389039/artefact/HaeftelseBegraensetDKKBeloeb.xsd"/>
	</element>
	<element>
		<from namespace="http://skat.dk/begrebsmodel/2009/01/15/" name="HæftelseBegrænsetProcent"/>
		<to namespace="urn:oio:skat:efi:1.0.0" name="HaeftelseBegraensetProcent" schemaLocation="http://digitaliser.dk/resource/1389067/artefact/HaeftelseBegraensetProcent.xsd"/>
	</element>
	<element>
		<from namespace="http://skat.dk/begrebsmodel/2009/01/15/" name="HæftelseBeløb"/>
		<to namespace="urn:oio:skat:efi:1.0.0" name="HaeftelseBeloeb" schemaLocation="http://digitaliser.dk/resource/1389107/artefact/HaeftelseBeloeb.xsd"/>
	</element>
	<element>
		<from namespace="http://skat.dk/begrebsmodel/2009/01/15/" name="HæftelseBeløbDKK"/>
		<to namespace="urn:oio:skat:efi:1.0.0" name="HaeftelseDKKBeloeb" schemaLocation="http://digitaliser.dk/resource/1389140/artefact/HaeftelseDKKBeloeb.xsd"/>
	</element>
	<element>
		<from namespace="http://skat.dk/begrebsmodel/2009/01/15/" name="HæftelseDom"/>
		<to namespace="urn:oio:skat:efi:1.0.0" name="HaeftelseDomIndikator" schemaLocation="http://digitaliser.dk/resource/1389219/artefact/HaeftelseDomIndikator.xsd"/>
	</element>
	<element>
		<from namespace="http://skat.dk/begrebsmodel/2009/01/15/" name="HæftelseDomDato"/>
		<to namespace="urn:oio:skat:efi:1.0.0" name="HaeftelseDomDato" schemaLocation="http://digitaliser.dk/resource/1389172/artefact/HaeftelseDomDato.xsd"/>
	</element>
	<element>
		<from namespace="http://skat.dk/begrebsmodel/2009/01/15/" name="HæftelseForlig"/>
		<to namespace="urn:oio:skat:efi:1.0.0" name="HaeftelseForligIndikator" schemaLocation="http://digitaliser.dk/resource/1389289/artefact/HaeftelseForligIndikator.xsd"/>
	</element>
	<element>
		<from namespace="http://skat.dk/begrebsmodel/2009/01/15/" name="HæftelseForligDato"/>
		<to namespace="urn:oio:skat:efi:1.0.0" name="HaeftelseForligDato" schemaLocation="http://digitaliser.dk/resource/1389282/artefact/HaeftelseForligDato.xsd"/>
	</element>
	<element>
		<from namespace="http://skat.dk/begrebsmodel/2009/01/15/" name="HæftelseForm"/>
		<to namespace="urn:oio:skat:efi:1.0.0" name="HaeftelseFormKode" schemaLocation="http://digitaliser.dk/resource/1389333/artefact/HaeftelseFormKode.xsd"/>
	</element>
	<element>
		<from namespace="http://skat.dk/begrebsmodel/2009/01/15/" name="HæftelseForældelseDato"/>
		<to namespace="urn:oio:skat:efi:1.0.0" name="HaeftelseForaeldelseDato" schemaLocation="http://digitaliser.dk/resource/1389238/artefact/HaeftelseForaeldelseDato.xsd"/>
	</element>
	<element>
		<from namespace="http://skat.dk/begrebsmodel/2009/01/15/" name="HæftelseOpkMyndRykkerDato1"/>
		<to namespace="urn:oio:skat:efi:1.0.0" name="HaeftelseRykkerFoersteDato" schemaLocation="http://digitaliser.dk/resource/1389629/artefact/HaeftelseRykkerFoersteDato.xsd"/>
	</element>
	<element>
		<from namespace="http://skat.dk/begrebsmodel/2009/01/15/" name="HæftelseOpkMyndRykkerDato2"/>
		<to namespace="urn:oio:skat:efi:1.0.0" name="HaeftelseRykkerAndenDato" schemaLocation="http://digitaliser.dk/resource/1389622/artefact/HaeftelseRykkerAndenDato.xsd"/>
	</element>
	<element>
		<from namespace="http://skat.dk/begrebsmodel/2009/01/15/" name="HæftelseProcent"/>
		<to namespace="urn:oio:skat:efi:1.0.0" name="HaeftelseProcent" schemaLocation="http://digitaliser.dk/resource/1389579/artefact/HaeftelseProcent.xsd"/>
	</element>
	<element>
		<from namespace="http://skat.dk/begrebsmodel/2009/01/15/" name="HæftelseRestBeløb"/>
		<to namespace="urn:oio:skat:efi:1.0.0" name="HaeftelseRestBeloeb" schemaLocation="http://digitaliser.dk/resource/1389600/artefact/HaeftelseRestBeloeb.xsd"/>
	</element>
	<element>
		<from namespace="http://skat.dk/begrebsmodel/2009/01/15/" name="HæftelseRestBeløbDKK"/>
		<to namespace="urn:oio:skat:efi:1.0.0" name="HaeftelseRestDKKBeloeb" schemaLocation="http://digitaliser.dk/resource/1389615/artefact/HaeftelseRestDKKBeloeb.xsd"/>
	</element>
	<element>
		<from namespace="http://skat.dk/begrebsmodel/2009/01/15/" name="HæftelseSlutDato"/>
		<to namespace="urn:oio:skat:efi:1.0.0" name="HaeftelseSlutDato" schemaLocation="http://digitaliser.dk/resource/1389661/artefact/HaeftelseSlutDato.xsd"/>
	</element>
	<element>
		<from namespace="http://skat.dk/begrebsmodel/2009/01/15/" name="HæftelseStartDato"/>
		<to namespace="urn:oio:skat:efi:1.0.0" name="HaeftelseStartDato" schemaLocation="http://digitaliser.dk/resource/1389670/artefact/HaeftelseStartDato.xsd"/>
	</element>
	<element>
		<from namespace="http://skat.dk/begrebsmodel/2009/01/15/" name="HæftelseSubsidiær"/>
		<to namespace="urn:oio:skat:efi:1.0.0" name="HaeftelseSubsidiaerKode" schemaLocation="http://digitaliser.dk/resource/1389694/artefact/HaeftelseSubsidiaerKode.xsd"/>
	</element>
	<element>
		<from namespace="http://skat.dk/begrebsmodel/2009/01/15/" name="HæftelseSubsiAutoAfskriv"/>
		<to namespace="" name="" schemaLocation=""/>
		<!--obsolete-->
	</element>
	<element>
		<from namespace="http://skat.dk/begrebsmodel/2009/01/15/" name="InddrivelseRenteDelPeriodeFra"/>
		<to namespace="urn:oio:skat:efi:1.0.0" name="InddrivelseRenteDelPeriode" schemaLocation="http://digitaliser.dk/resource/1390054/artefact/InddrivelseRenteDelPeriode.xsd"/>
	</element>
	<element>
		<from namespace="http://skat.dk/begrebsmodel/2009/01/15/" name="InddrivelseRenteDelPeriodeTil"/>
		<to namespace="" name="" schemaLocation=""/>
		<!--obsolete-->
	</element>
	<element>
		<from namespace="http://skat.dk/begrebsmodel/2009/01/15/" name="KundeNavn"/>
		<to namespace="urn:oio:skat:dmi:1.0.0" name="KundeNavn" schemaLocation="http://digitaliser.dk/resource/1371454/artefact/KundeNavn.xsd"/>
	</element>
	<element>
		<from namespace="http://skat.dk/begrebsmodel/2009/01/15/" name="KundeNummer"/>
		<to namespace="urn:oio:skat:dmi:1.0.0" name="SkatKundeIdentifikator" schemaLocation="http://digitaliser.dk/resource/1371477/artefact/SkatKundeIdentifikator.xsd"/>
	</element>
	<element>
		<from namespace="http://skat.dk/begrebsmodel/2009/01/15/" name="KundeType"/>
		<to namespace="urn:oio:skat:dmi:1.0.0" name="SkatKundeTypeKode" schemaLocation="http://digitaliser.dk/resource/1371549/artefact/SkatKundeTypeKode.xsd"/>
	</element>
	<element>
		<from namespace="http://skat.dk/begrebsmodel/2009/01/15/" name="LandKode"/>
		<to namespace="http://rep.oio.dk/ebxml/xml/schemas/dkcc/2003/02/13/" name="CountryIdentificationCode" schemaLocation="http://digitaliser.dk/resource/3166/artefact/DKCC_CountryIdentificationCode.xsd"/>
	</element>
	<element>
		<from namespace="http://skat.dk/begrebsmodel/2009/01/15/" name="MFAktionAfvistNummer"/>
		<to namespace="urn:oio:skat:efi:1.0.0" name="ModtagFordringAktionAfvistIdentifikator" schemaLocation="http://digitaliser.dk/resource/1390373/artefact/ModtagFordringAktionAfvistIdentifikator.xsd"/>
	</element>
	<element>
		<from namespace="http://skat.dk/begrebsmodel/2009/01/15/" name="MFAktionAfvistParam"/>
		<to namespace="urn:oio:skat:efi:1.0.0" name="ModtagFordringAktionAfvistParameterTekst" schemaLocation="http://digitaliser.dk/resource/1390403/artefact/ModtagFordringAktionAfvistParameterTekst.xsd"/>
	</element>
	<element>
		<from namespace="http://skat.dk/begrebsmodel/2009/01/15/" name="MFAktionAfvistTekst"/>
		<to namespace="urn:oio:skat:efi:1.0.0" name="ModtagFordringAktionAfvistTekst" schemaLocation="http://digitaliser.dk/resource/1390619/artefact/ModtagFordringAktionAfvistTekst.xsd"/>
	</element>
	<element>
		<from namespace="http://skat.dk/begrebsmodel/2009/01/15/" name="MFAktionID"/>
		<to namespace="urn:oio:skat:efi:1.0.0" name="ModtagFordringAktionIdentifikator" schemaLocation="http://digitaliser.dk/resource/1391655/artefact/ModtagFordringAktionIdentifikator.xsd"/>
	</element>
	<element>
		<from namespace="http://skat.dk/begrebsmodel/2009/01/15/" name="MFAktionKode"/>
		<to namespace="urn:oio:skat:efi:1.0.0" name="ModtagFordringAktionKode" schemaLocation="http://digitaliser.dk/resource/1391662/artefact/ModtagFordringAktionKode.xsd"/>
	</element>
	<element>
		<from namespace="http://skat.dk/begrebsmodel/2009/01/15/" name="MFAktionStatusKode"/>
		<to namespace="urn:oio:skat:efi:1.0.0" name="ModtagFordringAktionStatusKode" schemaLocation="http://digitaliser.dk/resource/1391693/artefact/ModtagFordringAktionStatusKode.xsd"/>
	</element>
	<element>
		<from namespace="http://skat.dk/begrebsmodel/2009/01/15/" name="MFAktionStatusÆndretDato"/>
		<to namespace="urn:oio:skat:efi:1.0.0" name="ModtagFordringAktionStatusAendretDato" schemaLocation="http://digitaliser.dk/resource/2357397/artefact/ModtagFordringAktionStatusAendretDato.xsd"/>
	</element>
	<element>
		<from namespace="http://skat.dk/begrebsmodel/2009/01/15/" name="MFFordringEksternReference"/>
		<to namespace="urn:oio:skat:efi:1.0.0" name="ModtagFordringFordringEksternReference" schemaLocation="http://digitaliser.dk/resource/1391745/artefact/ModtagFordringFordringEksternReference.xsd"/>
	</element>
	<element>
		<from namespace="http://skat.dk/begrebsmodel/2009/01/15/" name="MFFordringPåklaget"/>
		<to namespace="urn:oio:skat:efi:1.0.0" name="ModtagFordringPaaklagetIndikator" schemaLocation="http://digitaliser.dk/resource/1391918/artefact/ModtagFordringPaaklagetIndikator.xsd"/>
	</element>
	<element>
		<from namespace="http://skat.dk/begrebsmodel/2009/01/15/" name="MFLeveranceID"/>
		<to namespace="urn:oio:skat:efi:1.0.0" name="ModtagFordringLeveranceIdentifikator" schemaLocation="http://digitaliser.dk/resource/1391806/artefact/ModtagFordringLeveranceIdentifikator.xsd"/>
	</element>
	<element>
		<from namespace="http://skat.dk/begrebsmodel/2009/01/15/" name="MFNoteOprettetAf"/>
		<to namespace="urn:oio:skat:efi:1.0.0" name="ModtagFordringNoteOprettetReference" schemaLocation="http://digitaliser.dk/resource/1391866/artefact/ModtagFordringNoteOprettetReference.xsd"/>
	</element>
	<element>
		<from namespace="http://skat.dk/begrebsmodel/2009/01/15/" name="MFNoteOprettetTidspunkt"/>
		<to namespace="urn:oio:skat:efi:1.0.0" name="ModtagFordringNoteOprettetDatoTid" schemaLocation="http://digitaliser.dk/resource/1391844/artefact/ModtagFordringNoteOprettetDatoTid.xsd"/>
	</element>
	<element>
		<from namespace="http://skat.dk/begrebsmodel/2009/01/15/" name="MFNoteTekst"/>
		<to namespace="urn:oio:skat:efi:1.0.0" name="ModtagFordringNoteTekst" schemaLocation="http://digitaliser.dk/resource/1391874/artefact/ModtagFordringNoteTekst.xsd"/>
	</element>
	<element>
		<from namespace="http://skat.dk/begrebsmodel/2009/01/15/" name="MFUnderretningDatoTid"/>
		<to namespace="urn:oio:skat:efi:1.0.0" name="ModtagFordringUnderretningDatoTid" schemaLocation="http://digitaliser.dk/resource/1391925/artefact/ModtagFordringUnderretningDatoTid.xsd"/>
	</element>
	<element>
		<from namespace="http://skat.dk/begrebsmodel/2009/01/15/" name="MFUnderretningNummer"/>
		<to namespace="urn:oio:skat:efi:1.0.0" name="ModtagFordringUnderretningIdentifikator" schemaLocation="http://digitaliser.dk/resource/1391932/artefact/ModtagFordringUnderretningIdentifikator.xsd"/>
	</element>
	<element>
		<from namespace="http://skat.dk/begrebsmodel/2009/01/15/" name="MyndighedUdbetalingBeløb"/>
		<to namespace="urn:oio:skat:efi:1.0.0" name="MyndighedUdbetalingBeloeb" schemaLocation="http://digitaliser.dk/resource/1392014/artefact/MyndighedUdbetalingBeloeb.xsd"/>
	</element>
	<element>
		<from namespace="http://skat.dk/begrebsmodel/2009/01/15/" name="MyndighedUdbetalingDato"/>
		<to namespace="urn:oio:skat:efi:1.0.0" name="MyndighedUdbetalingDato" schemaLocation="http://digitaliser.dk/resource/1392083/artefact/MyndighedUdbetalingDato.xsd"/>
	</element>
	<element>
		<from namespace="http://skat.dk/begrebsmodel/2009/01/15/" name="MyndighedUdbetalingPeriodeFra"/>
		<to namespace="urn:oio:skat:efi:1.0.0" name="MyndighedUdbetalingPeriode" schemaLocation="http://digitaliser.dk/resource/1392158/artefact/MyndighedUdbetalingPeriode.xsd"/>
	</element>
	<element>
		<from namespace="http://skat.dk/begrebsmodel/2009/01/15/" name="MyndighedUdbetalingPeriodeTil"/>
		<to namespace="" name="" schemaLocation=""/>
		<!--obsolete-->
	</element>
	<element>
		<from namespace="http://skat.dk/begrebsmodel/2009/01/15/" name="MyndighedUdbetalingPeriodeType"/>
		<to namespace="urn:oio:skat:efi:1.0.0" name="MyndighedUdbetalingPeriodeTypeKode" schemaLocation="http://digitaliser.dk/resource/1392403/artefact/MyndighedUdbetalingPeriodeTypeKode.xsd"/>
	</element>
	<element>
		<from namespace="http://skat.dk/begrebsmodel/2009/01/15/" name="MyndighedUdbetalingSpecKonto"/>
		<to namespace="urn:oio:skat:efi:1.0.0" name="MyndighedUdbetalingKontoReference" schemaLocation="http://digitaliser.dk/resource/1392090/artefact/MyndighedUdbetalingKontoReference.xsd"/>
	</element>
	<element>
		<from namespace="http://skat.dk/begrebsmodel/2009/01/15/" name="MyndighedUdbetalingTypeKode"/>
		<to namespace="urn:oio:skat:efi:1.0.0" name="MyndighedUdbetalingTypeKode" schemaLocation="http://digitaliser.dk/resource/1392427/artefact/MyndighedUdbetalingTypeKode.xsd"/>
	</element>
	<element>
		<from namespace="http://skat.dk/begrebsmodel/2009/01/15/" name="MyndighedUdbetalingTypeNKSArt"/>
		<to namespace="urn:oio:skat:efi:1.0.0" name="MyndighedUdbetalingTypeNemKontoYdelseArtKode" schemaLocation="http://digitaliser.dk/resource/1392464/artefact/MyndighedUdbetalingTypeNemKontoYdelseArtKode.xsd"/>
	</element>
	<element>
		<from namespace="http://skat.dk/begrebsmodel/2009/01/15/" name="MyndighedUdbetalingTypeNote"/>
		<to namespace="urn:oio:skat:efi:1.0.0" name="MyndighedUdbetalingTypeNoteTekst" schemaLocation="http://digitaliser.dk/resource/1392505/artefact/MyndighedUdbetalingTypeNoteTekst.xsd"/>
	</element>
	<element>
		<from namespace="http://skat.dk/begrebsmodel/2009/01/15/" name="PersonCPRNummer"/>
		<to namespace="http://rep.oio.dk/cpr.dk/xml/schemas/core/2005/03/18/" name="PersonCivilRegistrationIdentifier" schemaLocation="http://digitaliser.dk/resource/3541/artefact/CPR_PersonCivilRegistrationIdentifier.xsd"/>
	</element>
	<element>
		<from namespace="http://skat.dk/begrebsmodel/2009/01/15/" name="PersonStatusDødsfaldDato"/>
		<to namespace="http://rep.oio.dk/cpr.dk/xml/schemas/2008/05/01/" name="PersonDeathDate" schemaLocation="http://digitaliser.dk/resource/407/artefact/CPR_PersonDeathDate.xsd"/>
	</element>
	<element>
		<from namespace="http://skat.dk/begrebsmodel/2009/01/15/" name="RentePeriodeBeløb"/>
		<to namespace="urn:oio:skat:efi:1.0.0" name="RentePeriodeBeloeb" schemaLocation="http://digitaliser.dk/resource/1392536/artefact/RentePeriodeBeloeb.xsd"/>
	</element>
	<element>
		<from namespace="http://skat.dk/begrebsmodel/2009/01/15/" name="RentePeriodeBeløbDKK"/>
		<to namespace="urn:oio:skat:efi:1.0.0" name="RentePeriodeDKKBeloeb" schemaLocation="http://digitaliser.dk/resource/1392573/artefact/RentePeriodeDKKBeloeb.xsd"/>
	</element>
	<element>
		<from namespace="http://skat.dk/begrebsmodel/2009/01/15/" name="RentePeriodeFraDato"/>
		<to namespace="urn:oio:skat:efi:1.0.0" name="RentePeriode" schemaLocation="http://digitaliser.dk/resource/1392512/artefact/RentePeriode.xsd"/>
	</element>
	<element>
		<from namespace="http://skat.dk/begrebsmodel/2009/01/15/" name="RentePeriodeTilDato"/>
		<to namespace="" name="" schemaLocation=""/>
		<!--obsolete-->
	</element>
	<element>
		<from namespace="http://skat.dk/begrebsmodel/2009/01/15/" name="RentePeriodeType"/>
		<to namespace="urn:oio:skat:efi:1.0.0" name="RentePeriodeTypeKode" schemaLocation="http://digitaliser.dk/resource/1392595/artefact/RentePeriodeTypeKode.xsd"/>
	</element>
	<element>
		<from namespace="http://skat.dk/begrebsmodel/2009/01/15/" name="RenteRegelNummer"/>
		<to namespace="urn:oio:skat:efi:1.0.0" name="RenteRegelIdentifikator" schemaLocation="http://digitaliser.dk/resource/1392604/artefact/RenteRegelIdentifikator.xsd"/>
	</element>
	<element>
		<from namespace="http://skat.dk/begrebsmodel/2009/01/15/" name="RenteSats"/>
		<to namespace="" name="" schemaLocation=""/>
		<!--obsolete-->
	</element>
	<element>
		<from namespace="http://skat.dk/begrebsmodel/2009/01/15/" name="RenteSatsKode"/>
		<to namespace="urn:oio:skat:efi:1.0.0" name="RenteSatsKode" schemaLocation="http://digitaliser.dk/resource/1392626/artefact/RenteSatsKode.xsd"/>
	</element>
	<element>
		<from namespace="http://skat.dk/begrebsmodel/2009/01/15/" name="RenteÅrTilDatoBeløb"/>
		<to namespace="urn:oio:skat:efi:1.0.0" name="RenteAarTilDatoBeloeb" schemaLocation="http://digitaliser.dk/resource/1392671/artefact/RenteAarTilDatoBeloeb.xsd"/>
	</element>
	<element>
		<from namespace="http://skat.dk/begrebsmodel/2009/01/15/" name="RenteÅrTilDatoBeløbDKK"/>
		<to namespace="urn:oio:skat:efi:1.0.0" name="RenteAarTilDatoDKKBeloeb" schemaLocation="http://digitaliser.dk/resource/1392678/artefact/RenteAarTilDatoDKKBeloeb.xsd"/>
	</element>
	<element>
		<from namespace="http://skat.dk/begrebsmodel/2009/01/15/" name="TelefonUdenlandskNummer"/>
		<to namespace="http://rep.oio.dk/uvm.dk/studieadm/common/xml/schemas/2006/02/20/" name="TelefonNummerTekst" schemaLocation="http://digitaliser.dk/resource/1444/artefact/SA_TelefonNummerTekst.xsd"/>
	</element>
	<element>
		<from namespace="http://skat.dk/begrebsmodel/2009/01/15/" name="TransportRettighedHaverBesked"/>
		<to namespace="urn:oio:skat:efi:1.0.0" name="TransportRettighedHaverBeskedIndikator" schemaLocation="http://digitaliser.dk/resource/1392906/artefact/TransportRettighedHaverBeskedIndikator.xsd"/>
	</element>
	<element>
		<from namespace="http://skat.dk/begrebsmodel/2009/01/15/" name="TransportUdlægAcceptDato"/>
		<to namespace="urn:oio:skat:efi:1.0.0" name="TransportUdlaegAcceptDato" schemaLocation="http://digitaliser.dk/resource/2444806/artefact/TransportUdlaegAcceptDato.xsd"/>
	</element>
	<element>
		<from namespace="http://skat.dk/begrebsmodel/2009/01/15/" name="TransportUdlægAftaleGyldigFra"/>
		<to namespace="urn:oio:skat:efi:1.0.0" name="TransportUdlaegAftaleGyldigPeriode" schemaLocation="http://digitaliser.dk/resource/1393216/artefact/TransportUdlaegAftaleGyldigPeriode.xsd"/>
	</element>
	<element>
		<from namespace="http://skat.dk/begrebsmodel/2009/01/15/" name="TransportUdlægAftaleGyldigTil"/>
		<to namespace="" name="" schemaLocation=""/>
		<!--obsolete-->
	</element>
	<element>
		<from namespace="http://skat.dk/begrebsmodel/2009/01/15/" name="ValutaKode"/>
		<to namespace="urn:oio:skat:ntse:1.0.0" name="ValutaKode" schemaLocation="http://digitaliser.dk/resource/1310858/artefact/ValutaKode.xsd"/>
	</element>
	<element>
		<from namespace="http://skat.dk/begrebsmodel/2009/01/15/" name="VirksomhedCVRNummer"/>
		<to namespace="http://rep.oio.dk/cvr.dk/xml/schemas/2005/03/22/" name="CVRnumberIdentifier" schemaLocation="http://digitaliser.dk/resource/1945/artefact/CVR_CVRnumberIdentifier.xsd"/>
	</element>
	<element>
		<from namespace="http://skat.dk/begrebsmodel/2009/01/15/" name="VirksomhedSENummer"/>
		<to namespace="http://rep.oio.dk/skat.dk/motor/class/virksomhed/xml/schemas/20080401/" name="VirksomhedSENummerIdentifikator" schemaLocation="http://digitaliser.dk/resource/2665/artefact/SKAT_VirksomhedSENummerIdentifikator.xsd"/>
	</element>
	<element>
		<from namespace="http://skat.dk/begrebsmodel/2009/01/15/" name="AlternativKontaktPersonNavnAdresseBeskyttelseMarkering"/>
		<to namespace="urn:oio:skat:efi:1.0.0" name="AdresseBeskyttelseIndikator" schemaLocation="http://digitaliser.dk/resource/1381124/artefact/AdresseBeskyttelseIndikator.xsd"/>
	</element>
	<element>
		<from namespace="http://skat.dk/begrebsmodel/2009/01/15/" name="HæftelseUnderBobehandling"/>
		<to namespace="" name="" schemaLocation=""/>
		<!--obsolete-->
	</element>
	<element>
		<from namespace="http://skat.dk/begrebsmodel/2009/01/15/" name="TransportUdlægUbegrænset"/>
		<to namespace="urn:oio:skat:efi:1.0.0" name="TransportUdlaegUbegraensetIndikator" schemaLocation="http://digitaliser.dk/resource/1393363/artefact/TransportUdlaegUbegraensetIndikator.xsd"/>
	</element>
	<element>
		<from namespace="http://skat.dk/begrebsmodel/2009/01/15/" name="DMIFordringTypeKategori"/>
		<to namespace="urn:oio:skat:efi:1.0.0" name="FordringTypeKategoriKode" schemaLocation="http://digitaliser.dk/resource/1388852/artefact/FordringTypeKategoriKode.xsd"/>
	</element>
	<element>
		<from namespace="http://skat.dk/begrebsmodel/2009/01/15/" name="TransportRettighedHaverModtPen"/>
		<to namespace="urn:oio:skat:efi:1.0.0" name="TransportRettighedHaverModtagerIndikator" schemaLocation="http://digitaliser.dk/resource/1393087/artefact/TransportRettighedHaverModtagerIndikator.xsd"/>
	</element>
	<element>
		<from namespace="http://skat.dk/begrebsmodel/2009/01/15/" name="TransportRettighedHaverForPrio"/>
		<to namespace="urn:oio:skat:efi:1.0.0" name="TransportRettighedHaverPrioritetIdentifikator" schemaLocation="http://digitaliser.dk/resource/1393124/artefact/TransportRettighedHaverPrioritetIdentifikator.xsd"/>
	</element>
	<element>
		<from namespace="http://skat.dk/begrebsmodel/2009/01/15/" name="TransportRettighedHaverProcent"/>
		<to namespace="urn:oio:skat:efi:1.0.0" name="TransportRettighedHaverProcent" schemaLocation="http://digitaliser.dk/resource/1393184/artefact/TransportRettighedHaverProcent.xsd"/>
	</element>
	<element>
		<from namespace="http://skat.dk/begrebsmodel/2009/01/15/" name="ProduktionEnhedNummer"/>
		<to namespace="" name="" schemaLocation=""/>
		<!--obsolete-->
	</element>
	<element>
		<from namespace="http://skat.dk/begrebsmodel/2009/01/15/" name="DMITransaktionVirkningDato"/>
		<to namespace="urn:oio:skat:efi:1.0.0" name="TransaktionVirkningDato" schemaLocation="http://digitaliser.dk/resource/1392734/artefact/TransaktionVirkningDato.xsd"/>
	</element>
	<element>
		<from namespace="http://skat.dk/begrebsmodel/2009/01/15/" name="TransportRettighedHaverBlb"/>
		<to namespace="urn:oio:skat:efi:1.0.0" name="TransportRettighedHaverBeloeb" schemaLocation="http://digitaliser.dk/resource/1392817/artefact/TransportRettighedHaverBeloeb.xsd"/>
	</element>
	<element>
		<from namespace="http://skat.dk/begrebsmodel/2009/01/15/" name="TransportRettighedHaverBlbDKK"/>
		<to namespace="urn:oio:skat:efi:1.0.0" name="TransportRettighedHaverDKKBeloeb" schemaLocation="http://digitaliser.dk/resource/1393054/artefact/TransportRettighedHaverDKKBeloeb.xsd"/>
	</element>
	<element>
		<from namespace="http://skat.dk/begrebsmodel/2009/01/15/" name="TransportUdlægRettighedStart"/>
		<to namespace="urn:oio:skat:efi:1.0.0" name="TransportUdlaegRettighedPeriode" schemaLocation="http://digitaliser.dk/resource/1393319/artefact/TransportUdlaegRettighedPeriode.xsd"/>
	</element>
	<element>
		<from namespace="http://skat.dk/begrebsmodel/2009/01/15/" name="TransportUdlægRettighedSlut"/>
		<to namespace="" name="" schemaLocation=""/>
		<!--obsolete-->
	</element>
	<element>
		<from namespace="http://skat.dk/begrebsmodel/2009/01/15/" name="MyndighedUdbetalingNKSNr"/>
		<to namespace="urn:oio:skat:efi:1.0.0" name="MyndighedUdbetalingNemKontoAftaleIdentifikator" schemaLocation="http://digitaliser.dk/resource/2357214/artefact/MyndighedUdbetalingNemKontoAftaleIdentifikator.xsd"/>
	</element>
	<element>
		<from namespace="http://skat.dk/begrebsmodel/2009/01/15/" name="TransportRettighedHaverEjer"/>
		<to namespace="urn:oio:skat:efi:1.0.0" name="TransportRettighedHaverEjerMarkering" schemaLocation="http://digitaliser.dk/resource/2357223/artefact/TransportRettighedHaverEjerMarkering.xsd"/>
	</element>
	<element>
		<from namespace="http://skat.dk/begrebsmodel/2009/01/15/" name="LæsDatoTid"/>
		<to namespace="urn:oio:skat:efi:1.0.0" name="OplysningDatoTid" schemaLocation="http://digitaliser.dk/resource/1980180/artefact/OplysningDatoTid.xsd"/>
	</element>
	<element>
		<from namespace="http://skat.dk/begrebsmodel/2009/01/15/" name="DMIIndbetalingID"/>
		<to namespace="urn:oio:skat:efi:1.0.0" name="InddrivelseIndbetalingIdentifikator" schemaLocation="http://digitaliser.dk/resource/2385581/artefact/InddrivelseIndbetalingIdentifikator.xsd"/>
	</element>
	<element>
		<from namespace="http://skat.dk/begrebsmodel/2009/01/15/" name="DMIIndbetalingAktivitetTekst"/>
		<to namespace="urn:oio:skat:efi:1.0.0" name="InddrivelseIndbetalingAktivitetTekst" schemaLocation="http://digitaliser.dk/resource/2385574/artefact/InddrivelseIndbetalingAktivitetTekst.xsd"/>
	</element>
	<element>
		<from namespace="http://skat.dk/begrebsmodel/2009/01/15/" name="MyndighedUdbetalingTypeNavn"/>
		<to namespace="urn:oio:skat:efi:1.0.0" name="MyndighedUdbetalingTypeNavn" schemaLocation="http://digitaliser.dk/resource/2385588/artefact/MyndighedUdbetalingTypeNavn.xsd"/>
	</element>
	<element>
		<from namespace="http://skat.dk/begrebsmodel/2009/01/15/" name="DMIIndbetalingAktivitetType"/>
		<to namespace="urn:oio:skat:efi:1.0.0" name="IndbetalingAktivitetTypeKode" schemaLocation="http://digitaliser.dk/resource/2419924/artefact/IndbetalingAktivitetTypeKode.xsd"/>
	</element>
	<element>
		<from namespace="http://skat.dk/begrebsmodel/2009/01/15/" name="DMIFordringAfskrivID"/>
		<to namespace="urn:oio:skat:efi:1.0.0" name="FordringAfskrivIdentifikator" schemaLocation="http://digitaliser.dk/resource/2419908/artefact/FordringAfskrivIdentifikator.xsd"/>
	</element>
	<element>
		<from namespace="http://skat.dk/begrebsmodel/2009/01/15/" name="DMIFordringAfskrivTilbagekald"/>
		<to namespace="urn:oio:skat:efi:1.0.0" name="FordringAfskrivTilbagekaldIndikator" schemaLocation="http://digitaliser.dk/resource/2419916/artefact/FordringAfskrivTilbagekaldIndikator.xsd"/>
	</element>
	<element>
		<from namespace="http://skat.dk/begrebsmodel/2009/01/15/" name="TransaktionHæftelseFordringValg"/>
		<to namespace="urn:oio:skat:efi:1.0.0" name="TransaktionHaeftelseFordringValgKode" schemaLocation="http://digitaliser.dk/resource/2419940/artefact/TransaktionHaeftelseFordringValgKode.xsd"/>
	</element>
	<element>
		<from namespace="http://skat.dk/begrebsmodel/2009/01/15/" name="DMIReduceretBeløb"/>
		<to namespace="urn:oio:skat:efi:1.0.0" name="InddrivelseReduceretBeloeb" schemaLocation="http://digitaliser.dk/resource/2419932/artefact/InddrivelseReduceretBeloeb.xsd"/>
	</element>
	<element>
		<from namespace="http://skat.dk/begrebsmodel/2009/01/15/" name="DMIFordringRenteSatsAnvendt"/>
		<to namespace="urn:oio:skat:efi:1.0.0" name="FordringRenteSatsAnvendt" schemaLocation="http://digitaliser.dk/resource/2423679/artefact/FordringRenteSatsAnvendt.xsd"/>
	</element>
	<element>
		<from namespace="http://skat.dk/begrebsmodel/2009/01/15/" name="SaldoPerDato"/>
		<to namespace="urn:oio:skat:efi:1.0.0" name="FordringSaldoPerDato" schemaLocation="http://digitaliser.dk/resource/2495757/artefact/FordringSaldoPerDato.xsd"/>
	</element>
	<element>
		<from namespace="http://skat.dk/begrebsmodel/2009/01/15/" name="KundeSamletGældBeløbDKK"/>
		<to namespace="urn:oio:skat:efi:1.0.0" name="KundeSamletGaeldDKKBeloeb" schemaLocation="http://digitaliser.dk/resource/2495796/artefact/KundeSamletGaeldDKKBeloeb.xsd"/>
	</element>
	<element>
		<from namespace="http://skat.dk/begrebsmodel/2009/01/15/" name="KundeSamletGældÆldsteModtegelseDato"/>
		<to namespace="urn:oio:skat:efi:1.0.0" name="KundeSamletGaeldAeldsteModtagelseDato" schemaLocation="http://digitaliser.dk/resource/2495780/artefact/KundeSamletGaeldAeldsteModtagelseDato.xsd"/>
	</element>
	<element>
		<from namespace="http://skat.dk/begrebsmodel/2009/01/15/" name="KundeSamletGældAntalHovedfordringer"/>
		<to namespace="urn:oio:skat:efi:1.0.0" name="KundeSamletGaeldAntalHovedfordringerKvantitet" schemaLocation="http://digitaliser.dk/resource/2495788/artefact/KundeSamletGaeldAntalHovedfordringerKvantitet.xsd"/>
	</element>
	<element>
		<from namespace="http://skat.dk/begrebsmodel/2009/01/15/" name="KundeHarIkkeGæld"/>
		<to namespace="urn:oio:skat:efi:1.0.0" name="KundeIkkeGaeldIndikator" schemaLocation="http://digitaliser.dk/resource/2495772/artefact/KundeIkkeGaeldIndikator.xsd"/>
	</element>
	<element>
		<from namespace="http://skat.dk/begrebsmodel/2009/01/15/" name="TilknyttetOpkrævningRenteBeløbDKK"/>
		<to namespace="urn:oio:skat:efi:1.0.0" name="TilknyttetOpkraevningRenteDKKBeloeb" schemaLocation="http://digitaliser.dk/resource/2495828/artefact/TilknyttetOpkraevningRenteDKKBeloeb.xsd"/>
	</element>
	<element>
		<from namespace="http://skat.dk/begrebsmodel/2009/01/15/" name="TilknyttetOpkrævningGebyrBeløbDKK"/>
		<to namespace="urn:oio:skat:efi:1.0.0" name="TilknyttetOpkraevningGebyrDKKBeloeb" schemaLocation="http://digitaliser.dk/resource/2495820/artefact/TilknyttetOpkraevningGebyrDKKBeloeb.xsd"/>
	</element>
	<element>
		<from namespace="http://skat.dk/begrebsmodel/2009/01/15/" name="TilknyttetInddrivelseRenteBeløbDKK"/>
		<to namespace="urn:oio:skat:efi:1.0.0" name="TilknyttetInddrivelseRenteDKKBeloeb" schemaLocation="http://digitaliser.dk/resource/2495812/artefact/TilknyttetInddrivelseRenteDKKBeloeb.xsd"/>
	</element>
	<element>
		<from namespace="http://skat.dk/begrebsmodel/2009/01/15/" name="TilknyttetInddrivelseGebyrBeløbDKK"/>
		<to namespace="urn:oio:skat:efi:1.0.0" name="TilknyttetInddrivelseGebyrDKKBeloeb" schemaLocation="http://digitaliser.dk/resource/2495804/artefact/TilknyttetInddrivelseGebyrDKKBeloeb.xsd"/>
	</element>
	<element>
		<from namespace="http://skat.dk/begrebsmodel/2009/01/15/" name="DMIFordringHaverNavn"/>
		<to namespace="urn:oio:skat:efi:1.0.0" name="InddrivelseFordringHaverNavn" schemaLocation="http://digitaliser.dk/resource/2495765/artefact/InddrivelseFordringHaverNavn.xsd"/>
	</element>
</conversion>