{
  "$schema": "http://json-schema.org/draft-04/schema#",
  "id": "http://bfg.skat.dk/katalog/v2.0.9",
  "description": "Version 2.0.9, Tilføjet fejltekster til indgange og spørgsmålstyper. Tekst til forside og oversigte tilføjet.",
  "type": "object",
  "properties": {
    "version": {
      "id": "http://jsonschema.net/version",
      "type": "string",
      "description": "versionsnummer følger formatet YYYY-MM-DD"
    },
    "loebenr": {
      "id": "http://jsonschema.net/loebenr",
      "type":  ["integer", "null"]
    },
    "katalogschema": {
      "id": "http://jsonschema.net/katalogschema",
      "type": "string"
    },
    "titel": {
      "id": "http://jsonschema.net/titel",
      "type": "string"
    },
    "medtagTitel": {
      "id": "http://jsonschema.net/medtagTitel",
      "type": "boolean"
    },
    "beskrivelse": {
      "id": "http://jsonschema.net/beskrivelse",
      "type": ["string", "null"]
    },
    "bilagsdatoFra": {
      "id": "http://jsonschema.net/bilagsdatoFra",
      "type": "string",
      "description": "ISO 8601 dato format"
    },
    "bilagsdatoTil": {
      "id": "http://jsonschema.net/bilagsdatoTil",
      "type": "string",
      "description": "ISO 8601 dato format"
    },
    "pengestroemmeUdgifter": {
      "id": "http://jsonschema.net/pengestroemmeUdgifter",
      "description": "Denne liste af pengestrømme indeholder Udgifter.",
      "type": "array",
      "items": {
        "id": "http://jsonschema.net/pengestroemme/0",
        "type": "object",
        "properties": {
          "id": {
            "id": "http://jsonschema.net/pengestroemme/0/id",
            "type": "string"
          },
          "titel": {
            "id": "http://jsonschema.net/pengestroemme/0/titel",
            "type": "string"
          },
          "pengestroemsType": {
            "id": "http://jsonschema.net/pengestroemme/0/pengestroemsType",
            "enum": [ "INDTAEGT", "UDGIFT" ],
            "description": "Genkendte pengestrøms typer, motoren forstår i denne version"
          },
          "konto": {
            "id": "http://jsonschema.net/pengestroemme/0/konto",
            "type": "string"
          },
          "kontotekst": {
            "id": "http://jsonschema.net/pengestroemme/0/kontotekst",
            "type": "string"
          },
          "variabel": {
            "id": "http://jsonschema.net/pengestroemme/0/variabel",
            "description" : "Variablen er den værdi som pengestroemmen får hvis man vælger denne Udgift/Indtægt",
            "type": "string"
          },
          "sortering": {
            "id": "http://jsonschema.net/pengestroemme/0/sortering",
            "description" : "sorteringsrækkefølge for pengestrømme",
            "type": "integer"
          }
        }
      }
    },
    "pengestroemmeIndtaegter": {
      "id": "http://jsonschema.net/pengestroemmeIndtaegter",
      "description": "Denne liste af pengestrømme indeholder Indtægter.",
      "type": "array",
      "items": {
        "id": "http://jsonschema.net/pengestroemme/0",
        "type": "object",
        "properties": {
          "id": {
            "id": "http://jsonschema.net/pengestroemme/0/id",
            "type": "string"
          },
          "titel": {
            "id": "http://jsonschema.net/pengestroemme/0/titel",
            "type": "string"
          },
          "pengestroemsType": {
            "id": "http://jsonschema.net/pengestroemme/0/pengestroemsType",
            "enum": [ "INDTAEGT", "UDGIFT" ],
            "description": "Genkendte pengestrøms typer, motoren forstår i denne version"
          },
          "konto": {
            "id": "http://jsonschema.net/pengestroemme/0/konto",
            "type": "string"
          },
          "kontotekst": {
            "id": "http://jsonschema.net/pengestroemme/0/kontotekst",
            "type": "string"
          },
          "variabel": {
            "id": "http://jsonschema.net/pengestroemme/0/variabel",
            "description" : "Variablen er den værdi som pengestroemmen får hvis man vælger denne Udgift/Indtægt",
            "type": "string"
          },
          "sortering": {
            "id": "http://jsonschema.net/pengestroemme/0/sortering",
            "description" : "sorteringsrækkefølge for pengestrømme",
            "type": "integer"
          }
        }
      }
    },
    "emner": {
      "id": "http://jsonschema.net/emner",
      "type": "array",
      "items": {
        "id": "http://jsonschema.net/emner/0",
        "type": "object",
        "properties": {
          "id": {
            "id": "http://jsonschema.net/emner/0/id",
            "type": "string"
          },
          "titel": {
            "id": "http://jsonschema.net/emner/0/titel",
            "type": "string"
          },
          "undertitel": {
            "id": "http://jsonschema.net/emner/0/undertitel",
            "type": ["string", "null"]
          },
          "beskrivelse": {
            "id": "http://jsonschema.net/emner/0/beskrivelse",
            "type": ["string", "null"]
          },
          "ikon": {
            "id": "http://jsonschema.net/emner/0/ikon",
            "type": ["string", "null"],
            "description": "base64 encoded svg image"
          }
        }
      }
    },
    "underemner": {
      "id": "http://jsonschema.net/underemner",
      "type": "array",
      "items": {
        "id": "http://jsonschema.net/underemner/0",
        "type": "object",
        "properties": {
          "id": {
            "id": "http://jsonschema.net/underemner/0/id",
            "type": "string"
          },
          "emne_ref": {
            "id": "http://jsonschema.net/underemner/0/emne_ref",
            "type": "string"
          },
          "titel": {
            "id": "http://jsonschema.net/underemner/0/titel",
            "type": "string"
          },
          "undertitel": {
            "id": "http://jsonschema.net/underemner/0/undertitel",
            "type": ["string", "null"]
          },
          "pengestroemsType": {
            "id": "http://jsonschema.net/underemner/0/pengestroemsType",
            "enum": [ "INDTAEGT", "UDGIFT" ],
            "description": "Benyttes til at fortælle om dette Underemne/Spørgetræ er Indtægts eller Udgifts baseret."
          },
          "spoergetrae_ref": {
            "id": "http://jsonschema.net/underemner/0/spoergetrae_ref",
            "type": ["string", "null"]
          }
        }
      }
    },
    "kontoplan": {
      "id": "http://bfg.skat.dk/katalog/kontoplan",
      "type": ["object", "null"],
      "properties": {
        "kontogruppeoverskrifter": {
          "id": "http://jsonschema.net/katalog/kontoplan/kontogrupperoverskrifter",
          "type": "array",
          "items": {
            "id": "http://jsonschema.net/katalog/kontoplan/kontogruppeoverskrift",
            "type": "object",
            "properties": {
              "navn": {
                "id": "http://jsonschema.net/katalog/kontoplan/kontogruppeoverskrift/navn",
                "type": "string"
              },
              "sortering": {
                "id": "http://jsonschema.net/katalog/kontoplan/kontogruppeoverskrift/sortering",
                "type":  ["integer", "null"]
              },
              "kontogrupper": {
                "id": "http://jsonschema.net/katalog/kontoplan/kontogrupper",
                "type": "array",
                "items": {
                  "id": "http://jsonschema.net/katalog/kontoplan/kontogruppe",
                  "type": "object",
                  "properties": {
                    "navn": {
                      "id": "http://jsonschema.net/katalog/kontoplan/kontogruppe/sortering",
                      "type": "string"
                    },
                    "sortering": {
                      "id": "http://jsonschema.net/katalog/kontoplan/kontogruppeoverskrift/sortering",
                      "type":  ["integer", "null"]
                    },
                    "konti": {
                      "id": "http://jsonschema.net/katalog/kontoplan/konti",
                      "type": "array",
                      "items": {
                        "id": "http://jsonschema.net/katalog/kontoplan/konto",
                        "type": "object",
                        "properties": {
                          "kontonummer": {
                            "id": "http://jsonschema.net/katalog/kontoplan/konto/kontonummer",
                            "type": "string"
                          },
                          "tekst": {
                            "id": "http://jsonschema.net/katalog/kontoplan/konto/tekst",
                            "type": "string"
                          }
                        }
                      }
                    }
                  }
                }
              }
            }
          }
        }
      }
    },
    "katalogtekster": {
      "id": "http://bfg.skat.dk/katalogtekster",
      "type": ["object", "null"],
      "required": [
        "afstemningsfejl",
        "flowbarNiveau1Tekst",
        "flowbarNiveau2Tekst",
        "flowbarNiveau3Tekst",
        "flowbarNiveau4Tekst",
        "flowbarNiveau5Tekst"
      ],
      "properties": {
        "afstemningsfejl" : {
          "id": "http://bfg.skat.dk/katalogtekster/afstemningsfejl",
          "type": "string"
        },
        "flowbarNiveau1Tekst" : {
          "id": "http://bfg.skat.dk/katalogtekster/flowbarniveau1Tekst",
          "type": "string"
        },
        "flowbarNiveau2Tekst" : {
          "id": "http://bfg.skat.dk/katalogtekster/flowbarniveau2Tekst",
          "type": "string"
        },
        "flowbarNiveau3Tekst" : {
          "id": "http://bfg.skat.dk/katalogtekster/flowbarniveau3Tekst",
          "type": "string"
        },
        "flowbarNiveau4Tekst" : {
          "id": "http://bfg.skat.dk/katalogtekster/flowbarniveau4Tekst",
          "type": "string"
        },
        "flowbarNiveau5Tekst" : {
          "id": "http://bfg.skat.dk/katalogtekster/flowbarniveau5Tekst",
          "type": "string"
        },
        "kategoriEmne" : {
          "id": "http://bfg.skat.dk/katalogtekster/kategoriEmne",
          "type":  ["string", "null"]
        },
        "kategoriUnderemne" : {
          "id": "http://bfg.skat.dk/katalogtekster/kategoriUnderemne",
          "type":  ["string", "null"]
        },
        "forsideTitel1" : {
          "id": "http://bfg.skat.dk/katalogtekster/forsideTitel1",
          "type":  ["string", "null"]
        },
        "forsideTitel2" : {
          "id": "http://bfg.skat.dk/katalogtekster/forsideTitel2",
          "type":  ["string", "null"]
        },
        "forsideTitel3" : {
          "id": "http://bfg.skat.dk/katalogtekster/forsideTitel3",
          "type":  ["string", "null"]
        },
        "forsideTekst1" : {
          "id": "http://bfg.skat.dk/katalogtekster/forsideTekst1",
          "type":  ["string", "null"]
        },
        "forsideTekst2" : {
          "id": "http://bfg.skat.dk/katalogtekster/forsideTekst2",
          "type":  ["string", "null"]
        },
        "forsideTekst3" : {
          "id": "http://bfg.skat.dk/katalogtekster/forsideTekst3",
          "type":  ["string", "null"]
        },
        "oversigtTekst1" : {
          "id": "http://bfg.skat.dk/katalogtekster/oversigtTekst1",
          "type":  ["string", "null"]
        },
        "bogfoeringsforslagSidetitel" : {
          "id": "http://bfg.skat.dk/katalogtekster/bogfoeringsforslagSidetitel",
          "type":  ["string", "null"]
        },
        "bogfoeringsforslagSidetekst" : {
          "id": "http://bfg.skat.dk/katalogtekster/bogfoeringsforslagSidetekst",
          "type":  ["string", "null"]
        },
        "bogfoeringsforslagTekst1" : {
          "id": "http://bfg.skat.dk/katalogtekster/bogfoeringsforslagTekst1",
          "type":  ["string", "null"]
        },
        "bogfoeringsforslagTekst2" : {
          "id": "http://bfg.skat.dk/katalogtekster/bogfoeringsforslagTekst2",
          "type":  ["string", "null"]
        },
        "bogfoeringsforslagTekst3" : {
          "id": "http://bfg.skat.dk/katalogtekster/bogfoeringsforslagTekst3",
          "type":  ["string", "null"]
        },
        "bogfoeringsforslagTekst4" : {
          "id": "http://bfg.skat.dk/katalogtekster/bogfoeringsforslagTekst4",
          "type":  ["string", "null"]
        },
        "bogfoeringsforslagLoveOgReglerTitel" : {
          "id": "http://bfg.skat.dk/katalogtekster/bogfoeringsforslagLoveOgReglerTitel",
          "type":  ["string", "null"]
        },
        "basisoplysningerIndtaegterTitel" : {
          "id": "http://bfg.skat.dk/katalogtekster/basisoplysningerIndtaegterTitel",
          "type":  ["string", "null"]
        },
        "basisoplysningerIndtaegterTekst" : {
          "id": "http://bfg.skat.dk/katalogtekster/basisoplysningerIndtaegterTekst",
          "type":  ["string", "null"]
        },
        "basisoplysningerUdgifterTitel" : {
          "id": "http://bfg.skat.dk/katalogtekster/basisoplysningerUdgifterTitel",
          "type":  ["string", "null"]
        },
        "basisoplysningerUdgifterTekst" : {
          "id": "http://bfg.skat.dk/katalogtekster/basisoplysningerUdgifterTitel",
          "type":  ["string", "null"]
        },
        "indgangBasisFejltekstBeloebForkertFormat" : {
          "id": "http://bfg.skat.dk/katalogtekster/indgangBasisFejltekstBeloebForkertFormat",
          "type":  ["string", "null"]
        },
        "indgangBasisFejltekstForkertFormat" : {
          "id": "http://bfg.skat.dk/katalogtekster/indgangBasisFejltekstForkertFormat",
          "type":  ["string", "null"]
        },
        "indgangBasisFejltekstUdenforPerioden" : {
          "id": "http://bfg.skat.dk/katalogtekster/indgangBasisFejltekstUdenforPerioden",
          "type":  ["string", "null"]
        },
        "indgangAarFejltekstKunTalTilladt" : {
          "id": "http://bfg.skat.dk/katalogtekster/indgangAarFejltekstKunTalTilladt",
          "type":  ["string", "null"]
        },
        "indgangAarFejltekstPraecis4TalTilladt" : {
          "id": "http://bfg.skat.dk/katalogtekster/indgangAarFejltekstPraecis4TalTilladt",
          "type":  ["string", "null"]
        },
        "indgangAarFejltekstUdenforPerioden" : {
          "id": "http://bfg.skat.dk/katalogtekster/indgangAarFejltekstUdenforPerioden",
          "type":  ["string", "null"]
        },
        "indgangDatoFejltekstForkertFormat" : {
          "id": "http://bfg.skat.dk/katalogtekster/indgangDatoFejltekstForkertFormat",
          "type":  ["string", "null"]
        },
        "indgangDatoFejltekstUdenforPerioden" : {
          "id": "http://bfg.skat.dk/katalogtekster/indgangDatoFejltekstUdenforPerioden",
          "type":  ["string", "null"]
        },
        "spgtypeAngivFejltekstForkertFormat" : {
          "id": "http://bfg.skat.dk/katalogtekster/spgtypeAngivFejltekstForkertFormat",
          "type":  ["string", "null"]
        },
        "spgtypeAngivFejltekstStoerreEndBilagsbeloeb" : {
          "id": "http://bfg.skat.dk/katalogtekster/spgtypeAngivFejltekstStoerreEndBilagsbeloeb",
          "type":  ["string", "null"]
        },
        "spgtypeAngivFejltekstStoerreEndMaxMomsAndel" : {
          "id": "http://bfg.skat.dk/katalogtekster/spgtypeAngivFejltekstStoerreEndMaxMomsAndel",
          "type":  ["string", "null"]
        },
        "spgtypeAntalFejltekstForkertFormat" : {
          "id": "http://bfg.skat.dk/katalogtekster/spgtypeAntalFejltekstForkertFormat",
          "type":  ["string", "null"]
        },
        "spgtypeGrundlagFejltekstSumStoerreEndBilagsbeloeb" : {
          "id": "http://bfg.skat.dk/katalogtekster/spgtypeGrundlagFejltekstSumStoerreEndBilagsbeloeb",
          "type":  ["string", "null"]
        },
        "spgtypeGrundlagFejltekstNegativIkkeTilladt" : {
          "id": "http://bfg.skat.dk/katalogtekster/spgtypeGrundlagFejltekstNegativIkkeTilladt",
          "type":  ["string", "null"]
        },
        "spgtypeGrundlagFejltekstNegatiTilladt" : {
          "id": "http://bfg.skat.dk/katalogtekster/spgtypeGrundlagFejltekstNegatiTilladt",
          "type":  ["string", "null"]
        },
        "spgtypeUdspecificerFejltekstForkertFormat" : {
          "id": "http://bfg.skat.dk/katalogtekster/spgtypeUdspecificerFejltekstForkertFormat",
          "type":  ["string", "null"]
        },
        "spgtypeUdspecificerFejltekstSumStoerreEndBilagsbeloeb" : {
          "id": "http://bfg.skat.dk/katalogtekster/spgtypeUdspecificerFejltekstSumStoerreEndBilagsbeloeb",
          "type":  ["string", "null"]
        }
      }
    },
    "spoergetrae": {
      "id": "http://jsonschema.net/spoergetrae",
      "type": "object"
    }
  },
  "additionalItems": false,
  "required": [
    "version",
    "katalogschema",
    "titel",
    "medtagTitel",
    "bilagsdatoFra",
    "bilagsdatoTil",
    "emner",
    "pengestroemmeIndtaegter",
    "pengestroemmeUdgifter",
    "underemner",
    "spoergetrae"
  ]
}
