{
  "$schema": "http://json-schema.org/draft-04/schema#",
  "id": "http://bfg.skat.dk/katalog/v2.0.4",
  "description": "Version 2.0.4, Indeholder nu også kontoplan for katalog",
  "type": "object",
  "properties": {
    "version": {
      "id": "http://jsonschema.net/version",
      "type": "string",
      "description": "versionsnummer følger formatet YYYY-MM-DD"
    },
    "katalogschema": {
      "id": "http://jsonschema.net/katalogschema",
      "type": "string"
    },
    "titel": {
      "id": "http://jsonschema.net/titel",
      "type": "string"
    },
    "beskrivelse": {
      "id": "http://jsonschema.net/beskrivelse",
      "type": ["string", "null"]
    },
    "bilagsdatoFra": {
      "id": "http://jsonschema.net/bilagsdatoFra",
      "type": "string",
      "description": "ISO 8601 dato format"
    },
    "bilagsdatoTil": {
      "id": "http://jsonschema.net/bilagsdatoTil",
      "type": "string",
      "description": "ISO 8601 dato format"
    },
    "emner": {
      "id": "http://jsonschema.net/emner",
      "type": "array",
      "items": {
        "id": "http://jsonschema.net/emner/0",
        "type": "object",
        "properties": {
          "id": {
            "id": "http://jsonschema.net/emner/0/id",
            "type": "string"
          },
          "titel": {
            "id": "http://jsonschema.net/emner/0/titel",
            "type": "string"
          },
          "undertitel": {
            "id": "http://jsonschema.net/emner/0/undertitel",
            "type": ["string", "null"]
          },
          "beskrivelse": {
            "id": "http://jsonschema.net/emner/0/beskrivelse",
            "type": ["string", "null"]
          },
          "ikon": {
            "id": "http://jsonschema.net/emner/0/ikon",
            "type": ["string", "null"],
            "description": "base64 encoded svg image"
          }
        }
      }
    },
    "underemner": {
      "id": "http://jsonschema.net/underemner",
      "type": "array",
      "items": {
        "id": "http://jsonschema.net/underemner/0",
        "type": "object",
        "properties": {
          "id": {
            "id": "http://jsonschema.net/underemner/0/id",
            "type": "string"
          },
          "emne_ref": {
            "id": "http://jsonschema.net/underemner/0/emne_ref",
            "type": "string"
          },
          "titel": {
            "id": "http://jsonschema.net/underemner/0/titel",
            "type": "string"
          },
          "undertitel": {
            "id": "http://jsonschema.net/underemner/0/undertitel",
            "type": ["string", "null"]
          },
          "spoergetrae_ref": {
            "id": "http://jsonschema.net/underemner/0/spoergetrae_ref",
            "type": ["string", "null"]
          }
        }
      }
    },
    "kontoplan": {
      "id": "http://bfg.skat.dk/katalog/kontoplan",
      "type": ["object", "null"],
      "properties": {
        "kontogruppeoverskrifter": {
          "id": "http://jsonschema.net/katalog/kontoplan/kontogrupperoverskrifter",
          "type": "array",
          "items": {
            "id": "http://jsonschema.net/katalog/kontoplan/kontogruppeoverskrift",
            "type": "object",
            "properties": {
              "navn": {
                "id": "http://jsonschema.net/katalog/kontoplan/kontogruppeoverskrift/navn",
                "type": "string"
              },
              "sortering": {
                "id": "http://jsonschema.net/katalog/kontoplan/kontogruppeoverskrift/sortering",
                "type":  ["integer", "null"]
              },
              "kontogrupper": {
                "id": "http://jsonschema.net/katalog/kontoplan/kontogrupper",
                "type": "array",
                "items": {
                  "id": "http://jsonschema.net/katalog/kontoplan/kontogruppe",
                  "type": "object",
                  "properties": {
                    "navn": {
                      "id": "http://jsonschema.net/katalog/kontoplan/kontogruppe/sortering",
                      "type": "string"
                    },
                    "sortering": {
                      "id": "http://jsonschema.net/katalog/kontoplan/kontogruppeoverskrift/sortering",
                      "type":  ["integer", "null"]
                    },
                    "konti": {
                      "id": "http://jsonschema.net/katalog/kontoplan/konti",
                      "type": "array",
                      "items": {
                        "id": "http://jsonschema.net/katalog/kontoplan/konto",
                        "type": "object",
                        "properties": {
                          "kontonummer": {
                            "id": "http://jsonschema.net/katalog/kontoplan/konto/kontonummer",
                            "type": "string"
                          },
                          "tekst": {
                            "id": "http://jsonschema.net/katalog/kontoplan/konto/tekst",
                            "type": "string"
                          }
                        }
                      }
                    }
                  }
                }
              }
            }
          }
        }
      }
    },
    "katalogtekster": {
      "id": "http://bfg.skat.dk/katalogtekster",
      "type": ["object", "null"],
      "required": [
        "bilagdatoUdenforBilagsperiodeTekst",
        "flowbarNiveau1Tekst",
        "flowbarNiveau2Tekst",
        "flowbarNiveau3Tekst",
        "flowbarNiveau4Tekst",
        "flowbarNiveau5Tekst"
      ],
      "properties": {
        "bilagdatoUdenforBilagsperiodeTekst" : {
          "id": "http://bfg.skat.dk/basisoplysninger/bilagdatoudenforbilagsperiodetekst",
          "type": "string"
        },
        "flowbarNiveau1Tekst" : {
          "id": "http://bfg.skat.dk/basisoplysninger/flowbarniveau1Tekst",
          "type": "string"
        },
        "flowbarNiveau2Tekst" : {
          "id": "http://bfg.skat.dk/basisoplysninger/flowbarniveau2Tekst",
          "type": "string"
        },
        "flowbarNiveau3Tekst" : {
          "id": "http://bfg.skat.dk/basisoplysninger/flowbarniveau3Tekst",
          "type": "string"
        },
        "flowbarNiveau4Tekst" : {
          "id": "http://bfg.skat.dk/basisoplysninger/flowbarniveau4Tekst",
          "type": "string"
        },
        "flowbarNiveau5Tekst" : {
          "id": "http://bfg.skat.dk/basisoplysninger/flowbarniveau5Tekst",
          "type": "string"
        }
      }
    },
    "spoergetrae": {
      "id": "http://jsonschema.net/spoergetrae",
      "type": "object"
    }
  },
  "additionalItems": false,
  "required": [
    "version",
    "katalogschema",
    "titel",
    "bilagsdatoFra",
    "bilagsdatoTil",
    "emner",
    "underemner",
    "spoergetrae"
  ]
}
