{
  "$schema": "http://json-schema.org/draft-04/schema#",
  "id": "http://bfg.skat.dk/v2.2.12",
  "type": "object",
  "description": "Version 2.2.12, Tilføjet felter til spørgsmålstypen Beregningsgrundlag.",
  "required": [
    "emne",
    "emneID",
    "underemne",
    "underemneID",
    "version",
    "motorversion",
    "spoergsmaal",
    "bogfoeringsforslag"
  ],
  "properties": {
    "emne": {
      "id": "http://bfg.skat.dk/emne",
      "type": "string"
    },
    "emneID": {
      "id": "http://bfg.skat.dk/emneID",
      "type": "string"
    },
    "underemne": {
      "id": "http://bfg.skat.dk/underemne",
      "type": "string"
    },
    "underemneID": {
      "id": "http://bfg.skat.dk/underemneID",
      "type": "string"
    },
    "version": {
      "id": "http://bfg.skat.dk/version",
      "type": "string"
    },
    "motorversion": {
      "id": "http://bfg.skat.dk/motorversion",
      "type": "string"
    },
    "basisoplysninger": {
      "id": "http://bfg.skat.dk/basisoplysninger",
      "type": "object",
      "required": [
        "titel",
        "bilagsdatoTitel",
        "bilagsdatoTekst",
        "bilagsbeloebTitel",
        "bilagsbeloebTekst",
        "spoergetraeType"
      ],
      "properties": {
        "titel" : {
          "id": "http://bfg.skat.dk/basisoplysninger/titel",
          "type": "string"
        },
        "tekst" : {
          "id": "http://bfg.skat.dk/basisoplysninger/tekst",
          "type":  ["string", "null"]
        },
        "bilagsdatoTitel" : {
          "id": "http://bfg.skat.dk/basisoplysninger/bilagsdato/titel",
          "type": "string"
        },
        "bilagsdatoTekst" : {
          "id": "http://bfg.skat.dk/basisoplysninger/bilagsdato/tekst",
          "type": "string"
        },
        "bilagsbeloebTitel" : {
          "id": "http://bfg.skat.dk/basisoplysninger/bilagsbeloeb/titel",
          "type": "string"
        },
        "bilagsbeloebTekst" : {
          "id": "http://bfg.skat.dk/basisoplysninger/bilagsbeloeb/tekst",
          "type": "string"
        },
        "spoergetraeType": {
          "id": "http://bfg.skat.dk/basisoplysninger/spoergetraeType",
          "enum": [ "BASIS", "DATO", "INDKOMSTAAR" ],
          "description": "Genkendte typer af spørgetræer"
        }
      }
    },
    "spoergsmaal": {
      "id": "http://bfg.skat.dk/spoergsmaal",
      "type": "array",
      "minItems": 1,
      "items": {
        "id": "http://bfg.skat.dk/spoergsmaal",
        "type": "object",
        "required": [
          "id",
          "titel",
          "niveau",
          "spoergsmaalstype",
          "betingelser"
        ],
        "properties": {
          "id": {
            "id": "http://bfg.skat.dk/spoergsmaal/id",
            "type": "string"
          },
          "titel": {
            "id": "http://bfg.skat.dk/spoergsmaal/titel",
            "type": "string"
          },
          "tekst": {
            "id": "http://bfg.skat.dk/spoergsmaal/tekst",
            "type": ["string","null"]
          },
          "niveau": {
            "id": "http://bfg.skat.dk/spoergsmaal/niveau",
            "type": "integer"
          },
          "variabel": {
            "id": "http://bfg.skat.dk/spoergsmaal/variabel",
            "type": ["string","null"]
          },
          "spoergsmaalstype": {
            "id": "http://bfg.skat.dk/spoergsmaal/spoergsmaalstype",
            "enum": [ "PROCENT", "JA_NEJ", "ROD", "EN_SVARMULIGHED", "FLERE_SVARMULIGHEDER","ANTAL", "BELOEB_ANGIV", "BELOEB_UDSPECIFICER", "BELOEB_BEREGNINGSGRUNDLAG", "UKENDT" ],
            "description": "Genkendte spørgsmålstyper, motoren forstår i denne version"
          },
          "betingelser": {
            "id": "http://bfg.skat.dk/spoergsmaal/betingelser",
            "description": "betingelser for visning af spørgsmålet",
            "type": "array",
            "minItems": 0,
            "items": {
              "id": "http://bfg.skat.dk/spoergsmaal/betingelse",
              "type": "object",
              "required": [
                "type",
                "udtryk"
              ],
              "properties": {
                "type": {
                  "id": "http://bfg.skat.dk/spoergsmaal/betingelse/type",
                  "type": "string"
                },
                "udtryk": {
                  "id": "http://bfg.skat.dk/spoergsmaal/betingelse/udtryk",
                  "type": "string"
                }
              }
            }
          },
          "svarmuligheder": {
            "id": "http://bfg.skat.dk/spoergsmaal/svarmuligheder",
            "description": "list af svarmulighed elementer for EN_SVARMULIGHED eller FLERE_SVARMULIGHEDER typen",
            "type": "array",
            "minItems": 0,
            "items": {
              "id": "http://bfg.skat.dk/spoergsmaal/svarmulighed",
              "type": "object",
              "required": [
                "titel",
                "variabel",
                "sortering"
              ],
              "properties": {
                "titel": {
                  "id": "http://bfg.skat.dk/spoergsmaal/svarmulighed/titel",
                  "type": "string"
                },
                "tekst": {
                  "id": "http://bfg.skat.dk/spoergsmaal/svarmulighed/tekst",
                  "type": ["string","null"]
                },
                "variabel": {
                  "id": "http://bfg.skat.dk/spoergsmaal/svarmulighed/variabel",
                  "description" : "Variablen er den værdi som spørgsmålets svar får, hvis man vælger denne svarmulighed",
                  "type": "string"
                },
                "sortering": {
                  "id": "http://bfg.skat.dk/spoergsmaal/svarmulighed/sortering",
                  "description" : "sorteringsrækkefølge for svarmuligheden",
                  "type": "integer"
                }
              }
            }
          },
          "beloebSvarmuligheder": {
            "id": "http://bfg.skat.dk/spoergsmaal/beloebSvarmuligheder",
            "description": "liste af Beløb-svarmulighed elementer for BELOEB_ANGIV eller BELOEB_UDSPECIFICER typen",
            "type": "array",
            "minItems": 0,
            "items": {
              "id": "http://bfg.skat.dk/spoergsmaal/beloebSvarmulighed",
              "type": "object",
              "required": [
                "id",
                "titel",
                "variabel",
                "sortering",
                "fortegnType"
              ],
              "properties": {
                "id": {
                  "id": "http://bfg.skat.dk/spoergsmaal/beloebSvarmulighed/id",
                  "type": "string"
                },
                "titel": {
                  "id": "http://bfg.skat.dk/spoergsmaal/beloebSvarmulighed/titel",
                  "type": "string"
                },
                "tekst": {
                  "id": "http://bfg.skat.dk/spoergsmaal/beloebSvarmulighed/tekst",
                  "type": ["string","null"]
                },
                "anvendMomsvalidering" : {
                  "id": "http://bfg.skat.dk/spoergsmaal/beloebSvarmulighed/anvendMomsvalidering",
                  "type": "boolean"
                },
                "erSum" : {
                  "id": "http://bfg.skat.dk/spoergsmaal/beloebSvarmulighed/erSum",
                  "type": "boolean"
                },
                "fortegnType": {
                  "id": "http://bfg.skat.dk/spoergsmaal/beloebSvarmulighed/",
                  "enum": [ "POSITIV", "NEGATIV", "POSITIV_NEGATIV", "UKENDT" ],
                  "description": "Genkendte fortegnstyper, motoren forstår i denne version"
                },
                "variabel": {
                  "id": "http://bfg.skat.dk/spoergsmaal/beloebSvarmulighed/variabel",
                  "description" : "VariablefortegnTypen er den værdi som spørgsmålets svar får, hvis man vælger denne svarmulighed",
                  "type": "string"
                },
                "sortering": {
                  "id": "http://bfg.skat.dk/spoergsmaal/beloebSvarmulighed/sortering",
                  "description" : "sorteringsrækkefølge for svarmuligheden",
                  "type": "integer"
                }
              }
            }
          },
          "antalSvarmuligheder": {
            "id": "http://bfg.skat.dk/spoergsmaal/antalSvarmuligheder",
            "description": "liste af Antal-svarmulighed elementer for ANTAL typen",
            "type": "array",
            "minItems": 0,
            "items": {
              "id": "http://bfg.skat.dk/spoergsmaal/antalSvarmulighed",
              "type": "object",
              "required": [
                "id",
                "tekst",
                "variabel",
                "antalType",
                "sortering"
              ],
              "properties": {
                "id": {
                  "id": "http://bfg.skat.dk/spoergsmaal/antalSvarmulighed/id",
                  "type": "string"
                },
                "tekst": {
                  "id": "http://bfg.skat.dk/spoergsmaal/antalSvarmulighed/tekst",
                  "type": "string"
                },
                "undertekst": {
                  "id": "http://bfg.skat.dk/spoergsmaal/antalSvarmulighed/undertekst",
                  "type":  ["string", "null"]
                },
                "fejltekst": {
                  "id": "http://bfg.skat.dk/spoergsmaal/antalSvarmulighed/fejltekst",
                  "type":  ["string", "null"]
                },
                "minimum": {
                  "id": "http://bfg.skat.dk/spoergsmaal/antalSvarmulighed/minimum",
                  "type":  ["integer", "null"]
                },
                "maksimum": {
                  "id": "http://bfg.skat.dk/spoergsmaal/antalSvarmulighed/maksimum",
                  "type":  ["integer", "null"]
                },
                "antalType": {
                  "id": "http://bfg.skat.dk/spoergsmaal/antalType",
                  "enum": [ "KM", "DOEGN", "TIMER", "MAANEDER", "DELTAGERE", "BELOEB", "ANDET" ],
                  "description": "Genkendte Antal-svarmuligheds typer, motoren forstår i denne version"
                },
                "variabel": {
                  "id": "http://bfg.skat.dk/spoergsmaal/antalSvarmulighed/variabel",
                  "description" : "Variablen er den værdi som spørgsmålets svar får, hvis man vælger denne Antal-svarmulighed",
                  "type": "string"
                },
                "sortering": {
                  "id": "http://bfg.skat.dk/spoergsmaal/antalSvarmulighed/sortering",
                  "description" : "sorteringsrækkefølge for svarmuligheden",
                  "type": "integer"
                }
              }
            }
          }
        }
      }
    },
    "bogfoeringsforslag": {
      "id": "http://bfg.skat.dk/bogfoeringsforslag",
      "type": "array",
      "minItems": 0,
      "items": {
        "id": "http://bfg.skat.dk/bogfoeringsforslag",
        "type": "object",
        "required": [
          "betingelser",
          "titel"
        ],
        "properties": {
          "titel": {
            "id": "http://bfg.skat.dk/bogfoeringsforslag/titel",
            "type": "string"
          },
          "tekst": {
            "id": "http://bfg.skat.dk/bogfoeringsforslag/tekst",
            "type": ["string", "null"]
          },
          "loveOgReglerIndhold": {
            "id": "http://bfg.skat.dk/bogfoeringsforslag/loveOgReglerIndhold",
            "type": ["string", "null"]
          },
          "betingelser": {
            "id": "http://bfg.skat.dk/bogfoeringsforslag/betingelser",
            "type": "array",
            "minItems": 1,
            "items": {
              "id": "http://bfg.skat.dk/bogfoeringsforslag/betingelser",
              "type": "object",
              "properties": {
                "type": {
                  "id": "http://bfg.skat.dk/bogfoeringsforslag/betingelser/type",
                  "type": "string"
                },
                "udtryk": {
                  "id": "http://bfg.skat.dk/bogfoeringsforslag/betingelser/udtryk",
                  "type": "string"
                }
              }
            }
          },
          "regelsaetVariable": {
            "id": "http://bfg.skat.dk/bogfoeringsforslag/regelsaetVariable",
            "type": "array",
            "minItems": 0,
            "items": {
              "id": "http://bfg.skat.dk/bogfoeringsforslag/regelsaetVariable",
              "type": "object",
              "properties": {
                "navn": {
                  "id": "http://bfg.skat.dk/bogfoeringsforslag/regelsaetVariable/navn",
                  "type": "string"
                },
                "udtryk": {
                  "id": "http://bfg.skat.dk/bogfoeringsforslag/regelsaetVariable/udtryk",
                  "type": "string"
                }
              }
            }
          },
          "posteringsforslag": {
            "id": "http://bfg.skat.dk/bogfoeringsforslag/posteringsforslag",
            "type": "array",
            "minItems": 0,
            "items": {
              "id": "http://bfg.skat.dk/bogfoeringsforslag/posteringsforslag",
              "type": "object",
              "properties": {
                "tekst": {
                  "id": "http://bfg.skat.dk/bogfoeringsforslag/posteringsforslag/titel",
                  "type": "string"
                },
                "formel": {
                  "id": "http://bfg.skat.dk/bogfoeringsforslag/posteringsforslag/formel",
                  "type": ["string", "null"]
                },
                "posteringsside": {
                  "id": "http://bfg.skat.dk/bogfoeringsforslag/posteringsforslag/posteringsside",
                  "type": ["string", "null"]
                },
                "konto": {
                  "id": "http://bfg.skat.dk/bogfoeringsforslag/posteringsforslag/konto",
                  "type": ["string", "null"]
                },
                "kontotekst": {
                  "id": "http://bfg.skat.dk/bogfoeringsforslag/posteringsforslag/kontotekst",
                  "type": ["string", "null"]
                },
                "sortering": {
                  "id": "http://bfg.skat.dk/bogfoeringsforslag/posteringsforslag/sortering",
                  "description" : "sorteringsrækkefølge for posteringsforslager",
                  "type": "integer"
                },
                "betingelser": {
                  "id": "http://bfg.skat.dk/bogfoeringsforslag/posteringsforslag/betingelser",
                  "type": "array",
                  "minItems": 0,
                  "items": {
                    "id": "http://bfg.skat.dk/bogfoeringsforslag/posteringsforslag/betingelser/betingelse",
                    "type": "object",
                    "properties": {
                      "type": {
                        "id": "http://bfg.skat.dk/bogfoeringsforslag/posteringsforslag/betingelser/betingelse/type",
                        "type": "string"
                      },
                      "udtryk": {
                        "id": "http://bfg.skat.dk/bogfoeringsforslag/posteringsforslag/betingelser/betingelse/udtryk",
                        "type": "string"
                      }
                    }
                  }
                }
              }
            }
          }
        }
      }
    }
  }
}
