﻿<?xml version="1.0" encoding="utf-8" standalone="yes"?>
<conversion>
	<element>
		<from namespace="http://skat.dk/begrebsmodel/2008/01/01/" name="AbonnentTypeKode"/>
		<to namespace="http://rep.oio.dk/skat.dk/eindkomst/class/abonnenttype/xml/schemas/20071202/" name="AbonnentTypeKode" schemaLocation="http://digitaliser.dk/resource/4790/artefact/SKAT_AbonnentTypeKode.xsd"/>
	</element>
	<element>
		<from namespace="http://skat.dk/begrebsmodel/2008/01/01/" name="AbonnementTypeKode"/>
		<to namespace="http://rep.oio.dk/skat.dk/eindkomst/class/abonnementtype/xml/schemas/20071202/" name="AbonnementTypeKode" schemaLocation="http://digitaliser.dk/resource/513/artefact/SKAT_AbonnementTypeKode.xsd"/>
	</element>
	<element>
		<from namespace="http://skat.dk/begrebsmodel/2008/01/01/" name="AdgangFormålTypeKode"/>
		<to namespace="http://rep.oio.dk/skat.dk/eindkomst/class/adgangformaaltype/xml/schemas/20071202/" name="AdgangFormaalTypeKode" schemaLocation="http://digitaliser.dk/resource/4392/artefact/SKAT_AdgangFormaalTypeKode.xsd"/>
	</element>
	<element>
		<from namespace="http://skat.dk/begrebsmodel/2008/01/01/" name="VirksomhedSENummer"/>
		<to namespace="http://rep.oio.dk/skat.dk/motor/class/virksomhed/xml/schemas/20080401/" name="VirksomhedSENummerIdentifikator" schemaLocation="http://digitaliser.dk/resource/2665/artefact/SKAT_VirksomhedSENummerIdentifikator.xsd"/>
	</element>
	<element>
		<from namespace="http://skat.dk/begrebsmodel/2008/01/01/" name="BlanketNummer"/>
		<to namespace="http://rep.oio.dk/skat.dk/eindkomst/class/blanket/xml/schemas/20071202/" name="BlanketNummerIdentifikator" schemaLocation="http://digitaliser.dk/resource/5378/artefact/SKAT_BlanketNummerIdentifikator.xsd"/>
	</element>
	<element>
		<from namespace="http://skat.dk/begrebsmodel/2008/01/01/" name="BlanketFeltNummer"/>
		<to namespace="http://rep.oio.dk/skat.dk/eindkomst/class/blanketfelt/xml/schemas/20071202/" name="BlanketFeltNummerIdentifikator" schemaLocation="http://digitaliser.dk/resource/2307/artefact/SKAT_BlanketFeltNummerIdentifikator.xsd"/>
	</element>
	<element>
		<from namespace="http://skat.dk/begrebsmodel/2008/01/01/" name="FeltEnhedTypeKode"/>
		<to namespace="http://rep.oio.dk/skat.dk/eindkomst/class/feltenhedtype/xml/schemas/20071202/" name="FeltEnhedTypeKode" schemaLocation="http://digitaliser.dk/resource/3750/artefact/SKAT_FeltEnhedTypeKode.xsd"/>
	</element>
	<element>
		<from namespace="http://skat.dk/begrebsmodel/2008/01/01/" name="AngivelseFeltIndhold"/>
		<to namespace="http://rep.oio.dk/skat.dk/eindkomst/class/angivelsefelt/xml/schemas/20071202/" name="AngivelseFeltIndholdTekst" schemaLocation="http://digitaliser.dk/resource/4455/artefact/SKAT_AngivelseFeltIndholdTekst.xsd"/>
	</element>
	<element>
		<from namespace="http://skat.dk/begrebsmodel/2008/01/01/" name="BasisÅrMånedFra"/>
		<to namespace="urn:oio:skat:eindkomst:1.0.0" name="IndkomstBasisAarMaanedFraKode" schemaLocation="http://digitaliser.dk/resource/1572547/artefact/IndkomstBasisAarMaanedFraKode.xsd"/>
	</element>
	<element>
		<from namespace="http://skat.dk/begrebsmodel/2008/01/01/" name="BasisÅrMånedTil"/>
		<to namespace="urn:oio:skat:eindkomst:1.0.0" name="IndkomstBasisAarMaanedTilKode" schemaLocation="http://digitaliser.dk/resource/1572555/artefact/IndkomstBasisAarMaanedTilKode.xsd"/>
	</element>
	<element>
		<from namespace="http://skat.dk/begrebsmodel/2008/01/01/" name="AbonnentBestillingIdentifikator"/>
		<to namespace="http://rep.oio.dk/skat.dk/eindkomst/class/abonnentbestillingidentifikator/xml/schemas/20071202/" name="AbonnentBestillingIdentifikator" schemaLocation="http://digitaliser.dk/resource/375586/artefact/SKAT_AbonnentBestillingIdentifikator.xsd"/>
	</element>
	<element>
		<from namespace="http://skat.dk/begrebsmodel/2008/01/01/" name="SøgeÅrMånedFra"/>
		<to namespace="urn:oio:skat:eindkomst:1.0.0" name="SoegeAarMaanedFraKode" schemaLocation="http://digitaliser.dk/resource/1572564/artefact/SoegeAarMaanedFraKode.xsd"/>
	</element>
	<element>
		<from namespace="http://skat.dk/begrebsmodel/2008/01/01/" name="SøgeÅrMånedTil"/>
		<to namespace="urn:oio:skat:eindkomst:1.0.0" name="SoegeAarMaanedTilKode" schemaLocation="http://digitaliser.dk/resource/1572636/artefact/SoegeAarMaanedTilKode.xsd"/>
	</element>
	<element>
		<from namespace="http://skat.dk/begrebsmodel/2008/01/01/" name="IndkomstOplysningAdgangMedarbejderIdentifikation"/>
		<to namespace="http://rep.oio.dk/skat.dk/eindkomst/class/indkomstoplysningadgangmedarbejderidentifikator/xml/schemas/20071202/" name="IndkomstOplysningAdgangMedarbejderIdentifikator" schemaLocation="http://digitaliser.dk/resource/6267/artefact/SKAT_IndkomstOplysningAdgangMedarbejderIdentifikator.xsd"/>
	</element>
	<element>
		<from namespace="http://skat.dk/begrebsmodel/2008/01/01/" name="PersonCPRNummer"/>
		<to namespace="http://rep.oio.dk/cpr.dk/xml/schemas/core/2005/03/18/" name="PersonCivilRegistrationIdentifier" schemaLocation="http://digitaliser.dk/resource/3541/artefact/CPR_PersonCivilRegistrationIdentifier.xsd"/>
	</element>
	<element>
		<from namespace="http://skat.dk/begrebsmodel/2008/01/01/" name="AbonnentAdgangStruktur"/>
		<to namespace="http://rep.oio.dk/skat.dk/eindkomst/" name="AbonnentAdgangStruktur" schemaLocation="http://digitaliser.dk/resource/375841/artefact/AbonnentAdgangStrukturType.xsd"/>
	</element>
	<element>
		<from namespace="http://skat.dk/begrebsmodel/2008/01/01/" name="AjourføringTidspunkt"/>
		<to namespace="urn:oio:skat:eindkomst:1.0.0" name="OplysningAjourfoeringDatoTid" schemaLocation="http://digitaliser.dk/resource/1980172/artefact/OplysningAjourfoeringDatoTid.xsd"/>
	</element>
	<element>
		<from namespace="http://skat.dk/begrebsmodel/2008/01/01/" name="AngivHistorikMarkering"/>
		<to namespace="urn:oio:skat:eindkomst:1.0.0" name="HistorikIndikator" schemaLocation="http://digitaliser.dk/resource/2000382/artefact/HistorikIndikator.xsd"/>
	</element>
	<element>
		<from namespace="http://skat.dk/begrebsmodel/2008/01/01/" name="InkluderKunOptjeningProcentMarkering"/>
		<to namespace="urn:oio:skat:eindkomst:1.0.0" name="OptjeningProcentIndikator" schemaLocation="http://digitaliser.dk/resource/2000546/artefact/OptjeningProcentIndikator.xsd"/>
	</element>
	<element>
		<from namespace="http://skat.dk/begrebsmodel/2008/01/01/" name="UdtrækForetagetDatoTid"/>
		<to namespace="urn:oio:skat:efi:1.0.0" name="OplysningDatoTid" schemaLocation="http://digitaliser.dk/resource/1980180/artefact/OplysningDatoTid.xsd"/>
	</element>
	<element>
		<from namespace="http://skat.dk/begrebsmodel/2008/01/01/" name="ØkonomiskYdelseBerettigetProcentBasisMåned"/>
		<to namespace="urn:oio:skat:eindkomst:1.0.0" name="OekonomiskYdelseBerettigetProcentBasisMaanedIdentifikator" schemaLocation="http://digitaliser.dk/resource/2000503/artefact/OekonomiskYdelseBerettigetProcentBasisMaanedIdentifikator.xsd"/>
	</element>
	<element>
		<from namespace="http://skat.dk/begrebsmodel/2008/01/01/" name="ØkonomiskYdelseBerettigetProcent"/>
		<to namespace="urn:oio:skat:eindkomst:1.0.0" name="OekonomiskYdelseBerettigetProcent" schemaLocation="http://digitaliser.dk/resource/2000484/artefact/OekonomiskYdelseBerettigetProcent.xsd"/>
	</element>
	<element>
		<from namespace="http://skat.dk/begrebsmodel/2008/01/01/" name="ØkonomiskYdelseBeregningGrundlagRegelID"/>
		<to namespace="urn:oio:skat:eindkomst:1.0.0" name="OekonomiskYdelseBeregningGrundlagRegelIdentifikator" schemaLocation="http://digitaliser.dk/resource/2000443/artefact/OekonomiskYdelseBeregningGrundlagRegelIdentifikator.xsd"/>
	</element>
	<element>
		<from namespace="http://skat.dk/begrebsmodel/2008/01/01/" name="ØkonomiskYdelseBeregningGrundlagPoint"/>
		<to namespace="urn:oio:skat:eindkomst:1.0.0" name="OekonomiskYdelseBeregningGrundlagPointMaal" schemaLocation="http://digitaliser.dk/resource/2000398/artefact/OekonomiskYdelseBeregningGrundlagPointMaal.xsd"/>
	</element>
	<element>
		<from namespace="http://skat.dk/begrebsmodel/2008/01/01/" name="ØkonomiskYdelseBeregningGrundlagTidspunkt"/>
		<to namespace="urn:oio:skat:eindkomst:1.0.0" name="OekonomiskYdelseBeregningGrundlagDatoTid" schemaLocation="http://digitaliser.dk/resource/2000390/artefact/OekonomiskYdelseBeregningGrundlagDatoTid.xsd"/>
	</element>
	<element>
		<from namespace="http://skat.dk/begrebsmodel/2008/01/01/" name="ØkonomiskYdelseBeregningGrundlagTekst"/>
		<to namespace="urn:oio:skat:eindkomst:1.0.0" name="OekonomiskYdelseBeregningGrundlagTekst" schemaLocation="http://digitaliser.dk/resource/2000474/artefact/OekonomiskYdelseBeregningGrundlagTekst.xsd"/>
	</element>
	<element>
		<from namespace="http://skat.dk/begrebsmodel/2008/01/01/" name="AbonnentStruktur"/>
		<to namespace="urn:oio:skat:eindkomst:ws:1.0.0" name="AbonnentStruktur" schemaLocation="http://digitaliser.dk/resource/1981777/artefact/AbonnentStrukturType.xsd"/>
	</element>
	<element>
		<from namespace="http://skat.dk/begrebsmodel/2008/01/01/" name="AbonnentVirksomhedStruktur"/>
		<to namespace="urn:oio:skat:eindkomst:ws:1.0.0" name="AbonnentVirksomhedStruktur" schemaLocation="http://digitaliser.dk/resource/1981741/artefact/AbonnentVirksomhedStrukturType.xsd"/>
	</element>
</conversion>