<SOAP-ENV:Envelope xmlns:SOAP-ENV="http://schemas.xmlsoap.org/soap/envelope/" xmlns:SOAP-ENC="http://schemas.xmlsoap.org/soap/encoding/" xmlns:xsi="http://www.w3.org/2001/XMLSchema-instance" xmlns:xsd="http://www.w3.org/2001/XMLSchema" xmlns:m0="http://toldskat.dk/xml/schemas/raplet/kontekst/2006/09/01/">
	<SOAP-ENV:Body>
		<m:DapMedStiHent xmlns:m="http://skat.dk/xml/schemas/dap/2007/10/10/">
			<m:Kontekst>
				<m0:HovedOplysninger>
					<m0:TransaktionsID>Test1</m0:TransaktionsID>
					<m0:TransaktionsTid>2007-01-12T09:30:47.0Z</m0:TransaktionsTid>
					<m0:BrugerKode>B1</m0:BrugerKode>
					<m0:RolleKode>R1</m0:RolleKode>
					<m0:StedKode>S1</m0:StedKode>
				</m0:HovedOplysninger>
			</m:Kontekst>
			<m:StiAngivelse>/dap/published/internet/dokumenter/130730/0</m:StiAngivelse>
		</m:DapMedStiHent>
	</SOAP-ENV:Body>
</SOAP-ENV:Envelope>
