<?xml version="1.0" encoding="UTF-8" standalone="yes"?><ns3:MFKvitteringHent_O xmlns:ns16="urn:oio:oib:pension:1.0.0" xmlns="http://rep.oio.dk/xkom.dk/xml/schemas/2005/03/15/" xmlns:ns17="http://rep.oio.dk/ebxml/xml/schemas/dkcc/2006/01/23/" xmlns:ns14="http://rep.oio.dk/skat.dk/basis/kontekst/xml/schemas/2006/09/01/" xmlns:ns15="urn:oio:dkal:1.0.0" xmlns:ns18="http://rep.oio.dk/cpr.dk/xml/schemas/2008/05/01/" xmlns:ns19="http://rep.oio.dk/uvm.dk/studieadm/common/xml/schemas/2006/02/20/" xmlns:ns21="http://rep.oio.dk/cpr.dk/xml/schemas/core/2005/05/19/" xmlns:ns9="http://rep.oio.dk/xkom.dk/xml/schemas/2007/09/01/" xmlns:ns5="http://rep.oio.dk/cvr.dk/xml/schemas/2005/03/22/" xmlns:ns12="http://rep.oio.dk/ebxml/xml/schemas/dkcc/2003/02/13/" xmlns:ns6="http://rep.oio.dk/skat.dk/motor/class/driftform/xml/schemas/20080401/" xmlns:ns13="http://rep.oio.dk/skat.dk/motor/class/virksomhed/xml/schemas/20080401/" xmlns:ns7="http://rep.oio.dk/cpr.dk/xml/schemas/core/2005/03/18/" xmlns:ns10="http://rep.oio.dk/xkom.dk/xml/schemas/2007/04/15/" xmlns:ns20="http://rep.oio.dk/ebxml/xml/schemas/dkcc/2005/05/19/" xmlns:ns8="http://rep.oio.dk/xkom.dk/xml/schemas/2006/09/01/" xmlns:ns11="urn:oio:skat:ntse:1.0.0" xmlns:ns2="urn:oio:skat:efi:1.0.0" xmlns:ns4="urn:oio:skat:dmi:1.0.0" xmlns:ns3="urn:oio:skat:efi:ws:1.0.1"><ns14:HovedOplysningerSvar><ns14:TransaktionIdentifikator>my</ns14:TransaktionIdentifikator><ns14:ServiceIdentifikator>MFKvitteringHent</ns14:ServiceIdentifikator><ns14:TransaktionTid>2012-11-06T17:36:28.197+01:00</ns14:TransaktionTid><ns14:SvarStruktur/></ns14:HovedOplysningerSvar><ns3:FordringhaverSystemIDStruktur><ns13:VirksomhedSENummerIdentifikator>12345678</ns13:VirksomhedSENummerIdentifikator></ns3:FordringhaverSystemIDStruktur><ns2:ModtagFordringLeveranceIdentifikator>1937278830</ns2:ModtagFordringLeveranceIdentifikator><ns2:FordringHaverIdentifikator>1234</ns2:FordringHaverIdentifikator><ns3:KvitteringSamling><ns3:Kvittering><ns3:MFAktionStruktur><ns2:FordringInddrivelseFordringIdentifikator>40880</ns2:FordringInddrivelseFordringIdentifikator><ns2:FordringInddrivelseHovedFordringIdentifikator>40879</ns2:FordringInddrivelseHovedFordringIdentifikator><ns2:FordringFordringHaverReference>ABC36</ns2:FordringFordringHaverReference><ns2:ModtagFordringAktionIdentifikator>41322</ns2:ModtagFordringAktionIdentifikator><ns2:ModtagFordringAktionKode>OPRETFORDRING</ns2:ModtagFordringAktionKode><ns2:FordringHaverIdentifikator>1234</ns2:FordringHaverIdentifikator><ns2:ModtagFordringAktionStatusKode>MODTAGET</ns2:ModtagFordringAktionStatusKode><ns2:ModtagFordringAktionStatusAendretDato>2012-11-06T17:36:27.486+01:00</ns2:ModtagFordringAktionStatusAendretDato><ns2:FordringModtagelseDatoTid>2012-11-06T17:36:27.486+01:00</ns2:FordringModtagelseDatoTid><ns3:AfvistAarsagSamling/></ns3:MFAktionStruktur><ns3:KundeSamling/></ns3:Kvittering><ns3:Kvittering><ns3:MFAktionStruktur><ns2:FordringInddrivelseFordringIdentifikator>40879</ns2:FordringInddrivelseFordringIdentifikator><ns2:FordringInddrivelseHovedFordringIdentifikator>40879</ns2:FordringInddrivelseHovedFordringIdentifikator><ns2:FordringFordringHaverReference>ABC36</ns2:FordringFordringHaverReference><ns2:ModtagFordringAktionIdentifikator>41321</ns2:ModtagFordringAktionIdentifikator><ns2:ModtagFordringAktionKode>OPRETFORDRING</ns2:ModtagFordringAktionKode><ns2:FordringHaverIdentifikator>1234</ns2:FordringHaverIdentifikator><ns2:ModtagFordringAktionStatusKode>MODTAGET</ns2:ModtagFordringAktionStatusKode><ns2:ModtagFordringAktionStatusAendretDato>2012-11-06T17:36:27.486+01:00</ns2:ModtagFordringAktionStatusAendretDato><ns2:FordringModtagelseDatoTid>2012-11-06T17:36:27.486+01:00</ns2:FordringModtagelseDatoTid><ns3:AfvistAarsagSamling/></ns3:MFAktionStruktur><ns3:KundeSamling/></ns3:Kvittering></ns3:KvitteringSamling></ns3:MFKvitteringHent_O>