{
  "$schema": "http://json-schema.org/draft-04/schema#",
  "id": "http://bfg.skat.dk/v2.2.6",
  "type": "object",
  "description": "Version 2.2.6, tekster til kontonumre kommer med på betalingsmetoder i basisoplysningerne.",
  "required": [
    "emne",
    "emneID",
    "underemne",
    "underemneID",
    "version",
    "motorversion",
    "spoergsmaal",
    "bogfoeringsforslag"
  ],
  "properties": {
    "emne": {
      "id": "http://bfg.skat.dk/emne",
      "type": "string"
    },
    "emneID": {
      "id": "http://bfg.skat.dk/emneID",
      "type": "string"
    },
    "underemne": {
      "id": "http://bfg.skat.dk/underemne",
      "type": "string"
    },
    "underemneID": {
      "id": "http://bfg.skat.dk/underemneID",
      "type": "string"
    },
    "version": {
      "id": "http://bfg.skat.dk/version",
      "type": "string"
    },
    "motorversion": {
      "id": "http://bfg.skat.dk/motorversion",
      "type": "string"
    },
    "basisoplysninger": {
      "id": "http://bfg.skat.dk/basisoplysninger",
      "type": "object",
      "required": [
        "titel",
        "bilagsdatoTitel",
        "bilagsdatoTekst",
        "bilagsbeloebTitel",
        "bilagsbeloebTekst",
        "bilagsbetalingsmetodeTitel",
        "bilagsbetalingsmetodeText",
        "bilagsbetalingsmetodeElektroniskText",
        "bilagsbetalingsmetodeElektroniskKontonummer",
        "bilagsbetalingsmetodeElektroniskKontotekst",
        "bilagsbetalingsmetodeKontantText",
        "bilagsbetalingsmetodeKontantKontonummer",
        "bilagsbetalingsmetodeKontantKontotekst",
        "bilagsbetalingsmetodePrivatUdlaegText",
        "bilagsbetalingsmetodePrivatUdlaegKontonummer",
        "bilagsbetalingsmetodePrivatUdlaegKontotekst",
        "bilagsbetalingsmetodeFakturaIkkeBetaltText",
        "bilagsbetalingsmetodeFakturaIkkeBetaltKontonummer",
        "bilagsbetalingsmetodeFakturaIkkeBetaltKontotekst"
      ],
      "properties": {
        "titel" : {
          "id": "http://bfg.skat.dk/basisoplysninger/titel",
          "type": "string"
        },
        "tekst" : {
          "id": "http://bfg.skat.dk/basisoplysninger/tekst",
          "type":  ["string", "null"]
        },
        "bilagsdatoTitel" : {
          "id": "http://bfg.skat.dk/basisoplysninger/bilagsdato/titel",
          "type": "string"
        },
        "bilagsdatoTekst" : {
          "id": "http://bfg.skat.dk/basisoplysninger/bilagsdato/tekst",
          "type": "string"
        },
        "bilagsbeloebTitel" : {
          "id": "http://bfg.skat.dk/basisoplysninger/bilagsbeloeb/titel",
          "type": "string"
        },
        "bilagsbeloebTekst" : {
          "id": "http://bfg.skat.dk/basisoplysninger/bilagsbeloeb/tekst",
          "type": "string"
        },
        "bilagsbetalingsmetodeTitel" : {
          "id": "http://bfg.skat.dk/basisoplysninger/bilagsbetalingsmetode/titel",
          "type": "string"
        },
        "bilagsbetalingsmetodeText" : {
          "id": "http://bfg.skat.dk/basisoplysninger/bilagsbetalingsmetode/tekst",
          "type": "string"
        },
        "bilagsbetalingsmetodeElektroniskText" : {
          "id": "http://bfg.skat.dk/basisoplysninger/bilagsbetalingsmetode/elektronisktekst",
          "type": "string"
        },
        "bilagsbetalingsmetodeElektroniskKontonummer" : {
          "id": "http://bfg.skat.dk/basisoplysninger/bilagsbetalingsmetode/elektroniskkontonummer",
          "type": "string"
        },
        "bilagsbetalingsmetodeElektroniskKontotekst" : {
          "id": "http://bfg.skat.dk/basisoplysninger/bilagsbetalingsmetode/elektroniskkontotekst",
          "type": "string"
        },
        "bilagsbetalingsmetodeKontantText" : {
          "id": "http://bfg.skat.dk/basisoplysninger/bilagsbetalingsmetode/kontanttekst",
          "type": "string"
        },
        "bilagsbetalingsmetodeKontantKontonummer" : {
          "id": "http://bfg.skat.dk/basisoplysninger/bilagsbetalingsmetode/kontantkontonummer",
          "type": "string"
        },
        "bilagsbetalingsmetodeKontantKontotekst" : {
          "id": "http://bfg.skat.dk/basisoplysninger/bilagsbetalingsmetode/kontantkontotekst",
          "type": "string"
        },
        "bilagsbetalingsmetodePrivatUdlaegText" : {
          "id": "http://bfg.skat.dk/basisoplysninger/bilagsbetalingsmetode/privatudlaegtekst",
          "type": "string"
        },
        "bilagsbetalingsmetodePrivatUdlaegKontonummer" : {
          "id": "http://bfg.skat.dk/basisoplysninger/bilagsbetalingsmetode/privatudlaegkontonummer",
          "type": "string"
        },
        "bilagsbetalingsmetodePrivatUdlaegKontotekst" : {
          "id": "http://bfg.skat.dk/basisoplysninger/bilagsbetalingsmetode/privatudlaegkontotekst",
          "type": "string"
        },
        "bilagsbetalingsmetodeFakturaIkkeBetaltText" : {
          "id": "http://bfg.skat.dk/basisoplysninger/bilagsbetalingsmetode/fakturaikkebetalttekst",
          "type": "string"
        },
        "bilagsbetalingsmetodeFakturaIkkeBetaltKontonummer" : {
          "id": "http://bfg.skat.dk/basisoplysninger/bilagsbetalingsmetode/fakturaikkebetaltkontonummer",
          "type": "string"
        },
        "bilagsbetalingsmetodeFakturaIkkeBetaltKontotekst" : {
          "id": "http://bfg.skat.dk/basisoplysninger/bilagsbetalingsmetode/fakturaikkebetaltkontotekst",
          "type": "string"
        },
        "vis" : {
          "id": "http://bfg.skat.dk/basisoplysninger/vis",
          "type": "boolean"
        }
      }
    },
    "spoergsmaal": {
      "id": "http://bfg.skat.dk/spoergsmaal",
      "type": "array",
      "minItems": 1,
      "items": {
        "id": "http://bfg.skat.dk/spoergsmaal",
        "type": "object",
        "required": [
          "id",
          "titel",
          "niveau",
          "spoergsmaalstype",
          "betingelser"
        ],
        "properties": {
          "id": {
            "id": "http://bfg.skat.dk/spoergsmaal/id",
            "type": "string"
          },
          "titel": {
            "id": "http://bfg.skat.dk/spoergsmaal/titel",
            "type": "string"
          },
          "tekst": {
            "id": "http://bfg.skat.dk/spoergsmaal/tekst",
            "type": "string"
          },
          "niveau": {
            "id": "http://bfg.skat.dk/spoergsmaal/niveau",
            "type": "integer"
          },
          "variabel": {
            "id": "http://bfg.skat.dk/spoergsmaal/variabel",
            "type": ["string","null"]
          },
          "spoergsmaalstype": {
            "id": "http://bfg.skat.dk/spoergsmaal/spoergsmaalstype",
            "enum": [ "PROCENT", "JA_NEJ", "ROD", "EN_SVARMULIGHED", "FLERE_SVARMULIGHEDER","ANTAL","KREDITPOSTERING","UKENDT" ],
            "description": "Genkendte spørgsmålstyper, motoren forstår i denne version"
          },
          "betingelser": {
            "id": "http://bfg.skat.dk/spoergsmaal/betingelser",
            "description": "betingelser for visning af spørgsmålet",
            "type": "array",
            "minItems": 0,
            "items": {
              "id": "http://bfg.skat.dk/spoergsmaal/betingelse",
              "type": "object",
              "required": [
                "type",
                "udtryk"
              ],
              "properties": {
                "type": {
                  "id": "http://bfg.skat.dk/spoergsmaal/betingelse/type",
                  "type": "string"
                },
                "udtryk": {
                  "id": "http://bfg.skat.dk/spoergsmaal/betingelse/udtryk",
                  "type": "string"
                }
              }
            }
          },
          "svarmuligheder": {
            "id": "http://bfg.skat.dk/spoergsmaal/svarmuligheder",
            "description": "list af svarmulighed elementer for EN_SVARMULIGHED eller FLERE_SVARMULIGHEDER typen",
            "type": "array",
            "minItems": 0,
            "items": {
              "id": "http://bfg.skat.dk/spoergsmaal/svarmulighed",
              "type": "object",
              "required": [
                "titel",
                "tekst",
                "variabel"
              ],
              "properties": {
                "titel": {
                  "id": "http://bfg.skat.dk/spoergsmaal/svarmulighed/titel",
                  "type": "string"
                },
                "tekst": {
                  "id": "http://bfg.skat.dk/spoergsmaal/svarmulighed/tekst",
                  "type": "string"
                },
                "variabel": {
                  "id": "http://bfg.skat.dk/spoergsmaal/svarmulighed/variabel",
                  "description" : "Variablen er den værdi som spørgsmålets svar får, hvis man vælger denne svarmulighed",
                  "type": "string"
                }
              }
            }
          },
          "antalSvarmuligheder": {
            "id": "http://bfg.skat.dk/spoergsmaal/antalSvarmuligheder",
            "description": "liste af Antal-svarmulighed elementer for ANTAL typen",
            "type": "array",
            "minItems": 0,
            "items": {
              "id": "http://bfg.skat.dk/spoergsmaal/antalSvarmulighed",
              "type": "object",
              "required": [
                "id",
                "tekst",
                "variabel",
                "antalType"
              ],
              "properties": {
                "id": {
                  "id": "http://bfg.skat.dk/spoergsmaal/antalSvarmulighed/id",
                  "type": "string"
                },
                "tekst": {
                  "id": "http://bfg.skat.dk/spoergsmaal/antalSvarmulighed/tekst",
                  "type": "string"
                },
                "undertekst": {
                  "id": "http://bfg.skat.dk/spoergsmaal/antalSvarmulighed/undertekst",
                  "type":  ["string", "null"]
                },
                "fejltekst": {
                  "id": "http://bfg.skat.dk/spoergsmaal/antalSvarmulighed/fejltekst",
                  "type":  ["string", "null"]
                },
                "minimum": {
                  "id": "http://bfg.skat.dk/spoergsmaal/antalSvarmulighed/minimum",
                  "type":  ["integer", "null"]
                },
                "maksimum": {
                  "id": "http://bfg.skat.dk/spoergsmaal/antalSvarmulighed/maksimum",
                  "type":  ["integer", "null"]
                },
                "antalType": {
                  "id": "http://bfg.skat.dk/spoergsmaal/antalType",
                  "enum": [ "KM", "DOEGN", "TIMER", "MAANEDER", "DELTAGERE","ANDET" ],
                  "description": "Genkendte Antal-svarmuligheds typer, motoren forstår i denne version"
                },
                "variabel": {
                  "id": "http://bfg.skat.dk/spoergsmaal/antalSvarmulighed/variabel",
                  "description" : "Variablen er den værdi som spørgsmålets svar får, hvis man vælger denne Antal-svarmulighed",
                  "type": "string"
                }
              }
            }
          }
        }
      }
    },
    "bogfoeringsforslag": {
      "id": "http://bfg.skat.dk/bogfoeringsforslag",
      "type": "array",
      "minItems": 0,
      "items": {
        "id": "http://bfg.skat.dk/bogfoeringsforslag",
        "type": "object",
        "required": [
          "betingelser",
          "titel"
        ],
        "properties": {
          "titel": {
            "id": "http://bfg.skat.dk/bogfoeringsforslag/titel",
            "type": "string"
          },
          "tekst": {
            "id": "http://bfg.skat.dk/bogfoeringsforslag/tekst",
            "type": [
              "string",
              "null"
            ]
          },
          "betingelser": {
            "id": "http://bfg.skat.dk/bogfoeringsforslag/betingelser",
            "type": "array",
            "minItems": 1,
            "items": {
              "id": "http://bfg.skat.dk/bogfoeringsforslag/betingelser",
              "type": "object",
              "properties": {
                "type": {
                  "id": "http://bfg.skat.dk/bogfoeringsforslag/betingelser/type",
                  "type": "string"
                },
                "udtryk": {
                  "id": "http://bfg.skat.dk/bogfoeringsforslag/betingelser/udtryk",
                  "type": "string"
                }
              }
            }
          },
          "posteringsforslag": {
            "id": "http://bfg.skat.dk/bogfoeringsforslag/posteringsforslag",
            "type": "array",
            "minItems": 0,
            "items": {
              "id": "http://bfg.skat.dk/bogfoeringsforslag/posteringsforslag",
              "type": "object",
              "properties": {
                "tekst": {
                  "id": "http://bfg.skat.dk/bogfoeringsforslag/posteringsforslag/titel",
                  "type": "string"
                },
                "formel": {
                  "id": "http://bfg.skat.dk/bogfoeringsforslag/posteringsforslag/formel",
                  "type": [
                    "string",
                    "null"
                  ]
                },
                "posteringsside": {
                  "id": "http://bfg.skat.dk/bogfoeringsforslag/posteringsforslag/posteringsside",
                  "type": [
                    "string",
                    "null"
                  ]
                },
                "konto": {
                  "id": "http://bfg.skat.dk/bogfoeringsforslag/posteringsforslag/konto",
                  "type": [
                    "string",
                    "null"
                  ]
                },
                "kontotekst": {
                  "id": "http://bfg.skat.dk/bogfoeringsforslag/posteringsforslag/kontotekst",
                  "type": [
                    "string",
                    "null"
                  ]
                },
                "betingelser": {
                  "id": "http://bfg.skat.dk/bogfoeringsforslag/posteringsforslag/betingelser",
                  "type": "array",
                  "minItems": 0,
                  "items": {
                    "id": "http://bfg.skat.dk/bogfoeringsforslag/posteringsforslag/betingelser/betingelse",
                    "type": "object",
                    "properties": {
                      "type": {
                        "id": "http://bfg.skat.dk/bogfoeringsforslag/posteringsforslag/betingelser/betingelse/type",
                        "type": "string"
                      },
                      "udtryk": {
                        "id": "http://bfg.skat.dk/bogfoeringsforslag/posteringsforslag/betingelser/betingelse/udtryk",
                        "type": "string"
                      }
                    }
                  }
                }
              }
            }
          }
        }
      }
    }
  }
}
