{
  "$schema": "http://json-schema.org/draft-04/schema#",
  "id": "http://bfg.skat.dk/v2.0.3",
  "type": "object",
  "description": "Version 2.0.3, betingelser for spoergsmaal med i schema",
  "required": [
    "emne",
    "emneID",
    "underemne",
    "underemneID",
    "version",
    "motorversion",
    "spoergsmaal",
    "konklusioner"
  ],
  "properties": {
    "emne": {
      "id": "http://bfg.skat.dk/emne",
      "type": "string"
    },
    "emneID": {
      "id": "http://bfg.skat.dk/emneID",
      "type": "string"
    },
    "underemne": {
      "id": "http://bfg.skat.dk/underemne",
      "type": "string"
    },
    "underemneID": {
      "id": "http://bfg.skat.dk/underemneID",
      "type": "string"
    },
    "version": {
      "id": "http://bfg.skat.dk/version",
      "type": "string"
    },
    "motorversion": {
      "id": "http://bfg.skat.dk/motorversion",
      "type": "string"
    },
    "basisoplysninger": {
      "id": "http://bfg.skat.dk/basisoplysninger",
      "type": "object",
      "required": [
        "titel",
        "bilagsdatoTitel",
        "bilagsdatoTekst",
        "bilagsbeloebTitel",
        "bilagsbeloebTekst"
      ],
      "properties": {
        "titel" : {
          "id": "http://bfg.skat.dk/basisoplysninger/titel",
          "type": "string"
        },
        "tekst" : {
          "id": "http://bfg.skat.dk/basisoplysninger/tekst",
          "type":  ["string", "null"]
        },
        "bilagsdatoTitel" : {
          "id": "http://bfg.skat.dk/basisoplysninger/bilagsdato/titel",
          "type": "string"
        },
        "bilagsdatoTekst" : {
          "id": "http://bfg.skat.dk/basisoplysninger/bilagsdato/tekst",
          "type": "string"
        },
        "bilagsbeloebTitel" : {
          "id": "http://bfg.skat.dk/basisoplysninger/bilagsbeloeb/titel",
          "type": "string"
        },
        "bilagsbeloebTekst" : {
          "id": "http://bfg.skat.dk/basisoplysninger/bilagsbeloeb/tekst",
          "type": "string"
        },
        "vis" : {
          "id": "http://bfg.skat.dk/basisoplysninger/vis",
          "type": "boolean"
        }
      }
    },
    "spoergsmaal": {
      "id": "http://bfg.skat.dk/spoergsmaal",
      "type": "array",
      "minItems": 1,
      "items": {
        "id": "http://bfg.skat.dk/spoergsmaal",
        "type": "object",
        "required": [
          "id",
          "titel",
          "niveau",
          "spoergsmaalstype",
          "betingelser"
        ],
        "properties": {
          "id": {
            "id": "http://bfg.skat.dk/spoergsmaal/id",
            "type": "string"
          },
          "titel": {
            "id": "http://bfg.skat.dk/spoergsmaal/titel",
            "type": "string"
          },
          "tekst": {
            "id": "http://bfg.skat.dk/spoergsmaal/tekst",
            "type": "string"
          },
          "niveau": {
            "id": "http://bfg.skat.dk/spoergsmaal/niveau",
            "type": "integer"
          },
          "variabel": {
            "id": "http://bfg.skat.dk/spoergsmaal/variabel",
            "type": ["string","null"]
          },
          "spoergsmaalstype": {
            "id": "http://bfg.skat.dk/spoergsmaal/spoergsmaalstype",
            "enum": [ "PROCENT", "JA_NEJ", "ROD", "EN_SVARMULIGHED", "FLERE_SVARMULIGHEDER","ANTAL","KREDITPOSTERING","UKENDT" ],
            "description": "Genkendte spørgsmålstyper, motoren forstår i denne version"
          },
          "betingelser": {
            "id": "http://bfg.skat.dk/spoergsmaal/betingelser",
            "description": "betingelser for visning af spørgsmålet",
            "type": "array",
            "minItems": 0,
            "items": {
              "id": "http://bfg.skat.dk/spoergsmaal/betingelse",
              "type": "object",
              "required": [
                "type",
                "udtryk"
              ],
              "properties": {
                "type": {
                  "id": "http://bfg.skat.dk/spoergsmaal/betingelse/type",
                  "type": "string"
                },
                "udtryk": {
                  "id": "http://bfg.skat.dk/spoergsmaal/betingelse/udtryk",
                  "type": "string"
                }
              }
            }
          },
          "svarmuligheder": {
            "id": "http://bfg.skat.dk/spoergsmaal/svarmuligheder",
            "description": "list af svarmulighed elementer for EN_SVARMULIGHED eller FLERE_SVARMULIGHEDER typen",
            "type": "array",
            "minItems": 0,
            "items": {
              "id": "http://bfg.skat.dk/spoergsmaal/svarmulighed",
              "type": "object",
              "required": [
                "titel",
                "tekst",
                "variabel"
              ],
              "properties": {
                "titel": {
                  "id": "http://bfg.skat.dk/spoergsmaal/svarmulighed/titel",
                  "type": "string"
                },
                "tekst": {
                  "id": "http://bfg.skat.dk/spoergsmaal/svarmulighed/tekst",
                  "type": "string"
                },
                "variabel": {
                  "id": "http://bfg.skat.dk/spoergsmaal/svarmulighed/variabel",
                  "description" : "Variablen er den værdi som spørgsmålets svar får, hvis man vælger denne svarmulighed",
                  "type": "string"
                }
              }
            }
          }
        }
      }
    },
    "konklusioner": {
      "id": "http://bfg.skat.dk/konklusioner",
      "type": "array",
      "minItems": 0,
      "items": {
        "id": "http://bfg.skat.dk/konklusioner",
        "type": "object",
        "required": [
          "betingelser",
          "forklaring"
        ],
        "properties": {
          "betingelser": {
            "id": "http://bfg.skat.dk/konklusioner/betingelser",
            "type": "array",
            "minItems": 1,
            "items": {
              "id": "http://bfg.skat.dk/konklusioner/betingelser",
              "type": "object",
              "properties": {
                "type": {
                  "id": "http://bfg.skat.dk/konklusioner/betingelser/type",
                  "type": "string"
                },
                "udtryk": {
                  "id": "http://bfg.skat.dk/konklusioner/betingelser/udtryk",
                  "type": "string"
                }
              }
            }
          },
          "forklaring": {
            "id": "http://bfg.skat.dk/konklusioner/forklaring",
            "type": "string"
          },
          "forslag": {
            "id": "http://bfg.skat.dk/konklusioner/forslag",
            "type": "array",
            "minItems": 0,
            "items": {
              "id": "http://bfg.skat.dk/konklusioner/forslag",
              "type": "object",
              "properties": {
                "titel": {
                  "id": "http://bfg.skat.dk/konklusioner/forslag/titel",
                  "type": "string"
                },
                "regler": {
                  "id": "http://bfg.skat.dk/konklusioner/forslag/regler",
                  "type": "array",
                  "items": {
                    "id": "http://bfg.skat.dk/konklusioner/forslag/regler",
                    "type": "object",
                    "properties": {
                      "kontonummer": {
                        "id": "http://bfg.skat.dk/konklusioner/forslag/regler/kontonummer",
                        "type": "string"
                      },
                      "beloebFormel": {
                        "id": "http://bfg.skat.dk/konklusioner/forslag/regler/beloebFormel",
                        "type": "string"
                      }
                    }
                  }
                }
              }
            }
          }
        }
      }
    }

  }
}
