{
  "targetNamespace" : "http://skat.dk/begrebsmodel/2022/01/01/",
  "elementFormDefault" : "qualified",
  "attributeFormDefault" : "unqualified",
  "version" : "1.0",
  "annotation" : {
    "documentation" : [ "", "r23692" ]
  },
  "include" : [ {
    "schemaLocation" : "../class/Indkomst.json"
  }, {
    "schemaLocation" : "../operational/Ajourfoeringshandling.json"
  }, {
    "schemaLocation" : "../class/Person.json"
  }, {
    "schemaLocation" : "../class/Kommune.json"
  }, {
    "schemaLocation" : "../class/Ejendom.json"
  }, {
    "schemaLocation" : "../class/Vurderingsejendom.json"
  }, {
    "schemaLocation" : "../class/Tofamilieenhed.json"
  }, {
    "schemaLocation" : "../class/BestemtFastEjendom.json"
  }, {
    "schemaLocation" : "../class/Adresse.json"
  }, {
    "schemaLocation" : "../operational/AdresseTypeKode.json"
  }, {
    "schemaLocation" : "../operational/AdresseTypeTekst.json"
  }, {
    "schemaLocation" : "../operational/AdresseTypeGyldigFra.json"
  }, {
    "schemaLocation" : "../operational/AdresseTypeGyldigTil.json"
  }, {
    "schemaLocation" : "../operational/LandKode.json"
  }, {
    "schemaLocation" : "../operational/LandNavn.json"
  }, {
    "schemaLocation" : "../class/Ejendomsvurdering.json"
  }, {
    "schemaLocation" : "../class/Grundvaerdi.json"
  }, {
    "schemaLocation" : "../class/Ejendomsgrundskyld.json"
  }, {
    "schemaLocation" : "../class/EjendomEjerskab.json"
  }, {
    "schemaLocation" : "../class/AArsejerperiode.json"
  }, {
    "schemaLocation" : "../class/EjerfordeltGrundskyld.json"
  } ],
  "element" : {
    "name" : "GrundskyldTilForskudStruktur",
    "type" : "skat2022:GrundskyldTilForskudStrukturType"
  },
  "complexType" : {
    "name" : "GrundskyldTilForskudStrukturType",
    "sequence" : {
      "element" : [ {
        "name" : "ListeOplysninger",
        "complexType" : {
          "sequence" : {
            "element" : {
              "ref" : "skat2022:IndkomstÅr"
            }
          }
        }
      }, {
        "name" : "EjerforholdListe",
        "complexType" : {
          "sequence" : {
            "element" : {
              "name" : "Ejerforhold",
              "minOccurs" : "1",
              "maxOccurs" : "unbounded",
              "complexType" : {
                "sequence" : {
                  "element" : [ {
                    "ref" : "skat2022:Ajourføringshandling"
                  }, {
                    "name" : "Ejer",
                    "complexType" : {
                      "sequence" : {
                        "element" : {
                          "ref" : "skat2022:PersonCPRNummer"
                        }
                      }
                    }
                  }, {
                    "name" : "Ejendom",
                    "complexType" : {
                      "sequence" : {
                        "element" : [ {
                          "ref" : "skat2022:KommuneNummer"
                        }, {
                          "ref" : "skat2022:EjendomNummer"
                        }, {
                          "ref" : "skat2022:VurderingsejendomID"
                        }, {
                          "ref" : "skat2022:TofamilieenhedLøbenummer"
                        }, {
                          "name" : "BFENummerListe",
                          "complexType" : {
                            "sequence" : {
                              "element" : {
                                "ref" : "skat2022:BestemtFastEjendomBFENummer",
                                "minOccurs" : "1",
                                "maxOccurs" : "unbounded"
                              }
                            }
                          }
                        }, {
                          "name" : "AdresseStruktur",
                          "complexType" : {
                            "sequence" : {
                              "element" : {
                                "name" : "Adresse",
                                "complexType" : {
                                  "sequence" : {
                                    "element" : [ {
                                      "ref" : "skat2022:AdresseFortløbendeNummer",
                                      "minOccurs" : "0"
                                    }, {
                                      "ref" : "skat2022:AdresseAnvendelseKode",
                                      "minOccurs" : "0"
                                    }, {
                                      "ref" : "skat2022:AdresseVejNavn",
                                      "minOccurs" : "0"
                                    }, {
                                      "ref" : "skat2022:AdresseVejKode",
                                      "minOccurs" : "0"
                                    }, {
                                      "ref" : "skat2022:AdresseFraHusNummer",
                                      "minOccurs" : "0"
                                    }, {
                                      "ref" : "skat2022:AdresseTilHusNummer",
                                      "minOccurs" : "0"
                                    }, {
                                      "ref" : "skat2022:AdresseFraHusBogstav",
                                      "minOccurs" : "0"
                                    }, {
                                      "ref" : "skat2022:AdresseTilHusBogstav",
                                      "minOccurs" : "0"
                                    }, {
                                      "ref" : "skat2022:AdresseLigeUlige",
                                      "minOccurs" : "0"
                                    }, {
                                      "ref" : "skat2022:AdresseEtageTekst",
                                      "minOccurs" : "0"
                                    }, {
                                      "ref" : "skat2022:AdresseSideDørTekst",
                                      "minOccurs" : "0"
                                    }, {
                                      "ref" : "skat2022:AdresseCONavn",
                                      "minOccurs" : "0"
                                    }, {
                                      "ref" : "skat2022:AdressePostNummer",
                                      "minOccurs" : "0"
                                    }, {
                                      "ref" : "skat2022:AdressePostDistrikt",
                                      "minOccurs" : "0"
                                    }, {
                                      "ref" : "skat2022:AdresseByNavn",
                                      "minOccurs" : "0"
                                    }, {
                                      "ref" : "skat2022:AdressePostBox",
                                      "minOccurs" : "0"
                                    }, {
                                      "ref" : "skat2022:AdresseGyldigFra",
                                      "minOccurs" : "0"
                                    }, {
                                      "ref" : "skat2022:AdresseGyldigTil",
                                      "minOccurs" : "0"
                                    }, {
                                      "ref" : "skat2022:AdresseTypeKode",
                                      "minOccurs" : "0"
                                    }, {
                                      "ref" : "skat2022:AdresseTypeTekst",
                                      "minOccurs" : "0"
                                    }, {
                                      "ref" : "skat2022:AdresseTypeGyldigFra",
                                      "minOccurs" : "0"
                                    }, {
                                      "ref" : "skat2022:AdresseTypeGyldigTil",
                                      "minOccurs" : "0"
                                    }, {
                                      "ref" : "skat2022:LandKode",
                                      "minOccurs" : "0"
                                    }, {
                                      "ref" : "skat2022:LandNavn",
                                      "minOccurs" : "0"
                                    } ]
                                  }
                                }
                              }
                            }
                          }
                        }, {
                          "name" : "Vurdering",
                          "complexType" : {
                            "sequence" : {
                              "element" : [ {
                                "ref" : "skat2022:EjendomsvurderingVurderingsID"
                              }, {
                                "ref" : "skat2022:EjendomsvurderingÆndringDato"
                              }, {
                                "ref" : "skat2022:EjendomsvurderingÅr"
                              }, {
                                "ref" : "skat2022:EjendomsvurderingOmvurderingGrund1",
                                "minOccurs" : "0"
                              }, {
                                "ref" : "skat2022:EjendomsvurderingOmvurderingGrund2",
                                "minOccurs" : "0"
                              }, {
                                "ref" : "skat2022:EjendomsvurderingBenyttelseKode"
                              }, {
                                "ref" : "skat2022:GrundværdiBeskatningsgrundlag"
                              } ]
                            }
                          }
                        }, {
                          "ref" : "skat2022:EjendomsgrundskyldBeløb"
                        } ]
                      }
                    }
                  }, {
                    "ref" : "skat2022:EjendomEjerskabEjerandel"
                  }, {
                    "name" : "Ejerperiode",
                    "complexType" : {
                      "sequence" : {
                        "element" : [ {
                          "ref" : "skat2022:ÅrsejerperiodeStartdato"
                        }, {
                          "ref" : "skat2022:ÅrsejerperiodeSlutDato"
                        }, {
                          "ref" : "skat2022:ÅrsejerperiodeAntalDage"
                        } ]
                      }
                    }
                  }, {
                    "name" : "Ejerforholdsgrundskyld",
                    "complexType" : {
                      "sequence" : {
                        "element" : [ {
                          "ref" : "skat2022:EjerfordeltGrundskyldBeløb"
                        }, {
                          "ref" : "skat2022:EjerfordeltGrundskyldRabatBeløb",
                          "minOccurs" : "0"
                        }, {
                          "ref" : "skat2022:EjerfordeltGrundskyldBeløbEfterRabat"
                        } ]
                      }
                    }
                  } ]
                }
              }
            }
          }
        }
      } ]
    }
  }
}