{
  "targetNamespace" : "http://skat.dk/begrebsmodel/2022/01/01/",
  "elementFormDefault" : "qualified",
  "attributeFormDefault" : "unqualified",
  "version" : "1.0",
  "annotation" : {
    "documentation" : "En superklasse i forhold til de specialiserede klasser: VirksomhedAdresse og PersonAdresse. Indeholder ordnede adresselagringer, hvor hvert adresseelement udfyldes særskilt. Fritekst-adresser benyttes i stedet for, klassen AlternativeAdresse."
  },
  "include" : [ {
    "schemaLocation" : "../types/VirksomhedAdresseLoebeNummerType.json"
  }, {
    "schemaLocation" : "../types/AdresseAnvendelseKodeType.json"
  }, {
    "schemaLocation" : "../types/TekstKortType.json"
  }, {
    "schemaLocation" : "../types/VejKodeType.json"
  }, {
    "schemaLocation" : "../types/HusNummerType.json"
  }, {
    "schemaLocation" : "../types/HusBogstavType.json"
  }, {
    "schemaLocation" : "../types/LigeUligeType.json"
  }, {
    "schemaLocation" : "../types/NavnType.json"
  }, {
    "schemaLocation" : "../types/EtageType.json"
  }, {
    "schemaLocation" : "../types/EtageTekstType.json"
  }, {
    "schemaLocation" : "../types/SideDoerTekstType.json"
  }, {
    "schemaLocation" : "../types/PostNummerType.json"
  }, {
    "schemaLocation" : "../types/PostDistriktType.json"
  }, {
    "schemaLocation" : "../types/LandsDelType.json"
  }, {
    "schemaLocation" : "../types/PostBoksNummerType.json"
  }, {
    "schemaLocation" : "../types/DatoType.json"
  } ],
  "element" : [ {
    "name" : "AdresseFortløbendeNummer",
    "type" : "skat2022:VirksomhedAdresseLøbeNummerType",
    "annotation" : {
      "documentation" : "Angiver fortløbende nummerering ved flere adresser af samme type og på samme tidspunkt."
    }
  }, {
    "name" : "AdresseAnvendelseKode",
    "type" : "skat2022:AdresseAnvendelseKodeType",
    "annotation" : {
      "documentation" : "Kode som angiver adresseringsmuligheder. 0 = Adressen kan anvendes til direkte adressering 1 = Adressen kan ikke anvendes til direkte adressering 8 = Adressen består kun af navn 9 = Ingen adresse pga. nyt personnummer"
    }
  }, {
    "name" : "AdresseVejNavn",
    "type" : "skat2022:TekstKortType",
    "annotation" : {
      "documentation" : "Angiver navnet  på en vej/gade  i Danmark"
    }
  }, {
    "name" : "AdresseVejKode",
    "type" : "skat2022:VejKodeType",
    "annotation" : {
      "documentation" : "Kode der sammen med kommunenummer entydigt identificerer en vej eller en del af en vej i Danmark."
    }
  }, {
    "name" : "AdresseFraHusNummer",
    "type" : "skat2022:HusNummerType",
    "annotation" : {
      "documentation" : "Angiver 1. husnummer i et vejafsnit i gaden eller på vejen."
    }
  }, {
    "name" : "AdresseFraHusBogstav",
    "type" : "skat2022:HusBogstavType",
    "annotation" : {
      "documentation" : "Angiver bogstav tilknyttet husnummeret.  Ifølge bekendtgørelse om vejnavne og adresser må kun værdierne A-Z benyttes. På grund af risikoen for forveksling bør bogstaverne I, J, O og Q dog ikke benyttes"
    }
  }, {
    "name" : "AdresseTilHusNummer",
    "type" : "skat2022:HusNummerType",
    "annotation" : {
      "documentation" : "Angiver sidste lige husnummer i et vejafsnit i gaden eller på vejen."
    }
  }, {
    "name" : "AdresseTilHusBogstav",
    "type" : "skat2022:HusBogstavType",
    "annotation" : {
      "documentation" : "Angiver bogstav tilknyttet husnummeret.  Ifølge bekendtgørelse om vejnavne og adresser må kun værdierne A-Z benyttes. På grund af risikoen for forveksling bør bogstaverne I, J, O og Q dog ikke benyttes"
    }
  }, {
    "name" : "AdresseLigeUlige",
    "type" : "skat2022:LigeUligeType",
    "annotation" : {
      "documentation" : "Angivelse om tal er lige eller ulige."
    }
  }, {
    "name" : "AdresseLejlighedNummer",
    "type" : "skat2022:HusNummerType",
    "annotation" : {
      "documentation" : "BØR IKKE ANVENDES! Dækkes af AdresseSIdeDørTekst"
    }
  }, {
    "name" : "AdresseHusNavn",
    "type" : "skat2022:NavnType",
    "annotation" : {
      "documentation" : "Navn på en bygning - fx Christiansborg, Sølyst osv."
    }
  }, {
    "name" : "AdresseEtage",
    "type" : "skat2022:EtageType",
    "annotation" : {
      "documentation" : "BØR IKKE ANVENDES! Dækker det samme som AdresseEtageTekst "
    }
  }, {
    "name" : "AdresseEtageTekst",
    "type" : "skat2022:EtageTekstType",
    "annotation" : {
      "documentation" : "Angiver etagen tilknyttet husnummer/husbogstav"
    }
  }, {
    "name" : "AdresseSideDørTekst",
    "type" : "skat2022:SideDørTekstType",
    "annotation" : {
      "documentation" : "Angiver side/dør tilknyttet husnummer/husbogstav"
    }
  }, {
    "name" : "AdresseCONavn",
    "type" : "skat2022:NavnType",
    "annotation" : {
      "documentation" : "Angiver navn for en CO-adresse (for virksomheder)"
    }
  }, {
    "name" : "AdressePostNummer",
    "type" : "skat2022:PostNummerType",
    "annotation" : {
      "documentation" : "Angiver postnummer (4-cifre)"
    }
  }, {
    "name" : "AdressePostDistrikt",
    "type" : "skat2022:PostDistriktType",
    "annotation" : {
      "documentation" : "Angiver postdistriktnavn for postnummer"
    }
  }, {
    "name" : "AdresseLandsBy",
    "type" : "skat2022:NavnType",
    "annotation" : {
      "documentation" : "BØR IKKE ANVENDES! Dækker det samme som ByNavn"
    }
  }, {
    "name" : "AdresseByNavn",
    "type" : "skat2022:NavnType",
    "annotation" : {
      "documentation" : "Angiver bynavn (lokalt stednavn)"
    }
  }, {
    "name" : "AdresseLandsDel",
    "type" : "skat2022:LandsDelType",
    "annotation" : {
      "documentation" : "del af et land, som i geografisk ell. administrativ henseende udgør en enhed"
    }
  }, {
    "name" : "AdressePostBox",
    "type" : "skat2022:PostBoksNummerType",
    "annotation" : {
      "documentation" : "Angiver postboksnummer"
    }
  }, {
    "name" : "AdresseGyldigFra",
    "type" : "skat2022:DatoType",
    "annotation" : {
      "documentation" : "Angiver startdato for adresse (år md dg)"
    }
  }, {
    "name" : "AdresseGyldigTil",
    "type" : "skat2022:DatoType",
    "annotation" : {
      "documentation" : "Angiver slutdato for adressen (år md dg)"
    }
  } ]
}