{
  "targetNamespace" : "http://skat.dk/begrebsmodel/2022/01/01/",
  "elementFormDefault" : "qualified",
  "attributeFormDefault" : "unqualified",
  "version" : "1.0",
  "annotation" : {
    "documentation" : "Beskatning af besiddelse af jordstykker (matrikler) hørende til en given ejendom i et givet IndkomstÅr. Opkræves af staten til kommunerne."
  },
  "include" : {
    "schemaLocation" : "../types/BeloebType.json"
  },
  "element" : [ {
    "name" : "EjendomsgrundskyldBeløb",
    "type" : "skat2022:BeløbType",
    "annotation" : {
      "documentation" : "Grundskyld der skal opkræves for hele ejendommen for et helt givet IndkomstÅr før der evt. fratrækkes rabat."
    }
  }, {
    "name" : "EjendomsgrundskyldBeløbEfterRabat",
    "type" : "skat2022:BeløbType",
    "annotation" : {
      "documentation" : "Grundskyld der skal opkræves for hele ejendommen for et helt givet IndkomstÅr efter at en evt. rabat er fratrukket."
    }
  } ]
}