{
  "targetNamespace" : "http://skat.dk/begrebsmodel/2022/01/01/",
  "elementFormDefault" : "qualified",
  "attributeFormDefault" : "unqualified",
  "version" : "1.0",
  "annotation" : {
    "documentation" : "I lovgivningen defineret som vurderingsejendom (Vurderingsloven). Kan bestå af samlet fast ejendom, umatrikuleret ejendom, ejerlejlighed, bygning på lejet grund, bygning på søterritoriet, fraskilt andel i fælleslod mv."
  },
  "include" : [ {
    "schemaLocation" : "../types/EjendomNummerType.json"
  }, {
    "schemaLocation" : "../types/TalHel2Type.json"
  }, {
    "schemaLocation" : "../types/MarkeringType.json"
  }, {
    "schemaLocation" : "../types/Tekst1Type.json"
  }, {
    "schemaLocation" : "../types/BeloebDanskType.json"
  } ],
  "element" : [ {
    "name" : "EjendomNummer",
    "type" : "skat2022:EjendomNummerType",
    "annotation" : {
      "documentation" : "6-cifret identifikation af en ejendom i BBR-registreret"
    }
  }, {
    "name" : "EjendomBenyttelseKode",
    "type" : "skat2022:TalHel2Type",
    "annotation" : {
      "documentation" : "To-cifret benyttelseskode for fast ejendom. (Som angivet i Vurderingsvejledningen afs. D)"
    }
  }, {
    "name" : "EjendomSletMarkering",
    "type" : "skat2022:MarkeringType",
    "annotation" : {
      "documentation" : "Angiver at det pågældende ejendomsnummer er blevet slettet (ja=true)."
    }
  }, {
    "name" : "EjendomTypeKode",
    "type" : "skat2022:Tekst1Type",
    "annotation" : {
      "documentation" : "Angiver ejendommens benyttelse (jfr. felt 705)"
    }
  }, {
    "name" : "EjendomRentekorrektion",
    "type" : "skat2022:BeløbDanskType",
    "annotation" : {
      "documentation" : "Rentekorrektion ved udlejning til nærtstående og en linje der henviser til felt 028"
    }
  }, {
    "name" : "EjendomRentekorrektionEfterAMBidrag",
    "type" : "skat2022:BeløbDanskType",
    "annotation" : {
      "documentation" : "Operationelt beregningsfelt, som indeholder rentekorrektion efter arbejdsmarkedsbidrag (AM-bidrag) er fratrukket. Rentekorrektion ved udlejning til nærtstående."
    }
  } ]
}