     <urn:MFFordringIndberet_I xmlns:urn="urn:oio:skat:efi:ws:1.0.1" xmlns:ns="http://rep.oio.dk/skat.dk/basis/kontekst/xml/schemas/2006/09/01/" 
     xmlns:urn3="urn:oio:dkal:1.0.0" 
     xmlns:ns1="http://rep.oio.dk/skat.dk/motor/class/virksomhed/xml/schemas/20080401/" xmlns:urn1="urn:oio:skat:efi:1.0.0">
        <ns:HovedOplysninger>
           <ns:TransaktionIdentifikator>20110715-0900000</ns:TransaktionIdentifikator>
           <ns:TransaktionTid>2011-07-15T09:01:14Z</ns:TransaktionTid>
        </ns:HovedOplysninger>
        <urn:FordringhaverSystemIDStruktur>
           <ns1:VirksomhedSENummerIdentifikator>87654522</ns1:VirksomhedSENummerIdentifikator>
        </urn:FordringhaverSystemIDStruktur>
        <urn1:ModtagFordringLeveranceIdentifikator>9</urn1:ModtagFordringLeveranceIdentifikator>
        <urn:FordringAktionSamling>
           <urn:FordringAktion>
              <urn1:ModtagFordringAktionKode>AENDRFORDRING</urn1:ModtagFordringAktionKode>
              <urn1:FordringHaverIdentifikator>201</urn1:FordringHaverIdentifikator>
              <urn:AktionValg>
                 <urn:MFAendrFordringStruktur>
                    <urn1:FordringInddrivelseFordringIdentifikator>1</urn1:FordringInddrivelseFordringIdentifikator>
                    <urn1:FordringFordringArtKode>OPKR</urn1:FordringFordringArtKode>
                    <urn1:FordringProduktionEnhedIdentifikator>1</urn1:FordringProduktionEnhedIdentifikator>
                    <urn1:FordringStiftelseDato>2011-08-10+02:00</urn1:FordringStiftelseDato>
                    <urn:NyFordringHaverStruktur>
                       <urn1:FordringHaverIdentifikator>202</urn1:FordringHaverIdentifikator>
                       <urn1:FordringFordringHaverReference>FordringRef</urn1:FordringFordringHaverReference>
                    </urn:NyFordringHaverStruktur>
                    <urn:SagsbemaerkningSamling>            
                       <urn:MFNoteStruktur>
                          <urn1:ModtagFordringNoteOprettetDatoTid>2011-08-10T00:00:00.000+02:00</urn1:ModtagFordringNoteOprettetDatoTid>
                          <urn1:ModtagFordringNoteOprettetReference>ref1</urn1:ModtagFordringNoteOprettetReference>
                          <urn1:ModtagFordringFordringEksternReference>ref2</urn1:ModtagFordringFordringEksternReference>
                          <urn1:ModtagFordringNoteTekst>NoteTekst</urn1:ModtagFordringNoteTekst>
                       </urn:MFNoteStruktur>
                    </urn:SagsbemaerkningSamling>
                    <urn:DokumentSamling>
                       <urn:MFDokumentStruktur>
                          <urn1:ModtagFordringDokumentArtKode>ANDET</urn1:ModtagFordringDokumentArtKode>
                          <urn1:ModtagFordringDokumentEksternReference>12345</urn1:ModtagFordringDokumentEksternReference>
                          <urn:DokumentFormatValg>
                             <urn:DokumentFil>
                                <urn3:FilformatNavn>Docx</urn3:FilformatNavn>
                                <urn3:MeddelelseIndholdData>1234</urn3:MeddelelseIndholdData>
                             </urn:DokumentFil>
                          </urn:DokumentFormatValg>
                       </urn:MFDokumentStruktur>
                    </urn:DokumentSamling>
                    <urn:RenteValgStruktur>                  
                          <urn1:RenteRegelIdentifikator>02</urn1:RenteRegelIdentifikator>
                          <urn1:RenteSatsKode>12</urn1:RenteSatsKode>
                    </urn:RenteValgStruktur>
                    <urn:HaeftelseSamling>
                       <urn:MFHaeftelseStruktur>
                          <urn:MFKundeStruktur>
                             <urn:Valg>
                                <ns1:VirksomhedSENummerIdentifikator>12323222</ns1:VirksomhedSENummerIdentifikator>
                             </urn:Valg>
                          </urn:MFKundeStruktur>
                          <urn1:HaeftelseFormKode>PRO</urn1:HaeftelseFormKode>
                          <urn1:HaeftelseStartDato>2011-08-10+02:00</urn1:HaeftelseStartDato>
                          <urn1:HaeftelseForaeldelseDato>2011-08-10+02:00</urn1:HaeftelseForaeldelseDato>
                          <urn1:HaeftelseRykkerFoersteDato>2011-08-11+02:00</urn1:HaeftelseRykkerFoersteDato>
                          <urn1:HaeftelseDomIndikator>true</urn1:HaeftelseDomIndikator>
                          <urn1:HaeftelseDomDato>2011-08-08+02:00</urn1:HaeftelseDomDato>
                          <urn1:HaeftelseForligIndikator>false</urn1:HaeftelseForligIndikator>
                       </urn:MFHaeftelseStruktur>
                    </urn:HaeftelseSamling>
                 </urn:MFAendrFordringStruktur>
              </urn:AktionValg>
           </urn:FordringAktion>
       </urn:FordringAktionSamling>
     </urn:MFFordringIndberet_I>