<urn:MFFordringIndberet_I xmlns:urn="urn:oio:skat:efi:ws:1.0.1" xmlns:ns="http://rep.oio.dk/skat.dk/basis/kontekst/xml/schemas/2006/09/01/" 
        xmlns:ns2="http://rep.oio.dk/xkom.dk/xml/schemas/2006/09/01/" 
        xmlns:ns3="http://rep.oio.dk/xkom.dk/xml/schemas/2007/04/15/"  
        xmlns:urn2="urn:oio:skat:ntse:1.0.0"  xmlns:urn3="urn:oio:dkal:1.0.0"              
      xmlns:ns1="http://rep.oio.dk/skat.dk/motor/class/virksomhed/xml/schemas/20080401/" xmlns:urn1="urn:oio:skat:efi:1.0.0">
         <ns:HovedOplysninger>
            <ns:TransaktionIdentifikator>1</ns:TransaktionIdentifikator>
            <ns:TransaktionTid>2011-03-08T12:34:38.255+01:00</ns:TransaktionTid>
         </ns:HovedOplysninger>
         <urn:FordringhaverSystemIDStruktur>
            <ns1:VirksomhedSENummerIdentifikator>87654522</ns1:VirksomhedSENummerIdentifikator>
         </urn:FordringhaverSystemIDStruktur>
         <urn1:ModtagFordringLeveranceIdentifikator>211</urn1:ModtagFordringLeveranceIdentifikator>
         <urn:FordringAktionSamling>
            <urn:FordringAktion>
               <urn1:ModtagFordringAktionKode>OPRETFORDRING</urn1:ModtagFordringAktionKode>
               <urn1:FordringHaverIdentifikator>102</urn1:FordringHaverIdentifikator>
               <urn:AktionValg>
                  <urn:OpretFordringAktion>
                     <urn:MFOpretFordringStruktur>
                        <urn1:FordringFordringArtKode>OPKR</urn1:FordringFordringArtKode>
                        <urn1:FordringTypeKode>PANNSMK</urn1:FordringTypeKode>
                        <urn1:FordringFordringHaverReference>Reference</urn1:FordringFordringHaverReference>
                        <urn1:FordringStiftelseDato>2011-08-10+02:00</urn1:FordringStiftelseDato>
                        <urn1:FordringForfaldDato>2011-08-10+02:00</urn1:FordringForfaldDato>
                        <urn1:FordringSidsteRettidigeBetalingDato>2011-08-11+02:00</urn1:FordringSidsteRettidigeBetalingDato>
                        <urn:FordringBeloebStruktur>
                           <urn2:ValutaKode>DKK</urn2:ValutaKode>
                           <urn1:FordringBeloeb>1000.00</urn1:FordringBeloeb>
                           <urn1:FordringDKKBeloeb>1000.00</urn1:FordringDKKBeloeb>
                        </urn:FordringBeloebStruktur>
                        <urn:FordringPeriodeStruktur>
                           <urn1:FordringPeriode>
                              <ns2:StartDate>2011-08-10+02:00</ns2:StartDate>
                              <ns3:EndDate>2011-08-12+02:00</ns3:EndDate>                              
                           </urn1:FordringPeriode>
                           <urn1:FordringPeriodeTypeTekst>PeriodeType</urn1:FordringPeriodeTypeTekst>
                        </urn:FordringPeriodeStruktur>
                        <urn1:ModtagFordringPaaklagetIndikator>true</urn1:ModtagFordringPaaklagetIndikator>
                        <urn:FordringOprindeligBeloebStruktur>
                           <urn2:ValutaKode>DKK</urn2:ValutaKode>
                           <urn1:InddrivelseFordringOprindeligBeloeb>1000.00</urn1:InddrivelseFordringOprindeligBeloeb>
                           <urn1:InddrivelseFordringOprindeligDKKBeloeb>1000.00</urn1:InddrivelseFordringOprindeligDKKBeloeb>
                        </urn:FordringOprindeligBeloebStruktur>
                        <urn:SagsbemaerkningSamling>
                           <urn:MFNoteStruktur>
                              <urn1:ModtagFordringNoteOprettetDatoTid>2011-08-10T00:00:00.000+02:00</urn1:ModtagFordringNoteOprettetDatoTid>
                              <urn1:ModtagFordringNoteOprettetReference>Test Michael</urn1:ModtagFordringNoteOprettetReference>
                              <urn1:ModtagFordringFordringEksternReference>Test Til Bent</urn1:ModtagFordringFordringEksternReference>
                              <urn1:ModtagFordringNoteTekst>Note Michael</urn1:ModtagFordringNoteTekst>
                           </urn:MFNoteStruktur>
                        </urn:SagsbemaerkningSamling>
                        <urn:DokumentSamling>
                           <urn:MFDokumentStruktur>
                              <urn1:ModtagFordringDokumentArtKode>DOM</urn1:ModtagFordringDokumentArtKode>
                              <urn1:ModtagFordringDokumentEksternReference>DokumentRef</urn1:ModtagFordringDokumentEksternReference>
                              <urn:DokumentFormatValg>
                                 <urn:DokumentFil>
                                    <urn3:FilformatNavn>Docx</urn3:FilformatNavn>
                                    <urn3:MeddelelseIndholdData>1234</urn3:MeddelelseIndholdData>
                                 </urn:DokumentFil>
                              </urn:DokumentFormatValg>
                           </urn:MFDokumentStruktur>
                        </urn:DokumentSamling>                      
                        <urn1:FordringHaverIdentifikator>201</urn1:FordringHaverIdentifikator>
                        <urn:FordringHaeftelseSamling>
                           <urn:MFHaeftelseStruktur>
                              <urn:MFKundeStruktur>
                                <urn:Valg>
                                    <ns1:VirksomhedSENummerIdentifikator>10201111</ns1:VirksomhedSENummerIdentifikator>
                                 </urn:Valg>
                              </urn:MFKundeStruktur>
                              <urn1:HaeftelseFormKode>SUB</urn1:HaeftelseFormKode>
                              <urn1:HaeftelseSubsidiaerKode>SAGS</urn1:HaeftelseSubsidiaerKode>
                              <urn1:HaeftelseStartDato>2011-08-10+02:00</urn1:HaeftelseStartDato>
                              <urn1:HaeftelseDomIndikator>true</urn1:HaeftelseDomIndikator>
                              <urn1:HaeftelseDomDato>2011-08-08+02:00</urn1:HaeftelseDomDato>
                              <urn1:HaeftelseForligIndikator>false</urn1:HaeftelseForligIndikator>
                           </urn:MFHaeftelseStruktur>
                        </urn:FordringHaeftelseSamling>                                                
                     </urn:MFOpretFordringStruktur>    
                     <urn:OpretUnderfordringSamling/>                 
                  </urn:OpretFordringAktion>
               </urn:AktionValg>
            </urn:FordringAktion>
         </urn:FordringAktionSamling>
      </urn:MFFordringIndberet_I>
