<?xml version="1.0" encoding="UTF-8"?>
<oefiws:MFFordringTypeHent_O xmlns:oefiws="urn:oio:skat:efi:ws:1.0.1">
  <ok:HovedOplysningerSvar xmlns:ok="http://rep.oio.dk/skat.dk/basis/kontekst/xml/schemas/2006/09/01/">
    <ok:TransaktionIdentifikator>656e79a0-641d-4586-b1c5-5970c7522c27</ok:TransaktionIdentifikator>
    <ok:ServiceIdentifikator>MFFordringTypeHent</ok:ServiceIdentifikator>
    <ok:TransaktionTid>2011-08-05T14:36:46.921+02:00</ok:TransaktionTid>
    <ok:SvarStruktur/>
  </ok:HovedOplysningerSvar>
  <oefiws:FordringTypeInfo>
    <oefiws:FordringhaverSystemIDStruktur>
      <ov:VirksomhedSENummerIdentifikator xmlns:ov="http://rep.oio.dk/skat.dk/motor/class/virksomhed/xml/schemas/20080401/">11111111</ov:VirksomhedSENummerIdentifikator>
    </oefiws:FordringhaverSystemIDStruktur>
    <oefiws:FordringTypeSamling>
      <oefiws:FordringType>
        <oefi:FordringTypeKode xmlns:oefi="urn:oio:skat:efi:1.0.0">DAAEOGS</oefi:FordringTypeKode>
        <oefi:FordringTypeNavn xmlns:oefi="urn:oio:skat:efi:1.0.0">DAAEOGS</oefi:FordringTypeNavn>
      </oefiws:FordringType>
      <oefiws:FordringType>
        <oefi:FordringTypeKode xmlns:oefi="urn:oio:skat:efi:1.0.0">DOADVOM</oefi:FordringTypeKode>
        <oefi:FordringTypeNavn xmlns:oefi="urn:oio:skat:efi:1.0.0">DOADVOM</oefi:FordringTypeNavn>
      </oefiws:FordringType>
      <oefiws:FordringType>
        <oefi:FordringTypeKode xmlns:oefi="urn:oio:skat:efi:1.0.0">MOMS</oefi:FordringTypeKode>
        <oefi:FordringTypeNavn xmlns:oefi="urn:oio:skat:efi:1.0.0">MOMS</oefi:FordringTypeNavn>
      </oefiws:FordringType>
      <oefiws:FordringType>
        <oefi:FordringTypeKode xmlns:oefi="urn:oio:skat:efi:1.0.0">PAAFFLD</oefi:FordringTypeKode>
        <oefi:FordringTypeNavn xmlns:oefi="urn:oio:skat:efi:1.0.0">PAAFFLD</oefi:FordringTypeNavn>
      </oefiws:FordringType>
      <oefiws:FordringType>
        <oefi:FordringTypeKode xmlns:oefi="urn:oio:skat:efi:1.0.0">PAANSMK</oefi:FordringTypeKode>
        <oefi:FordringTypeNavn xmlns:oefi="urn:oio:skat:efi:1.0.0">PAANSMK</oefi:FordringTypeNavn>
      </oefiws:FordringType>
      <oefiws:FordringType>
        <oefi:FordringTypeKode xmlns:oefi="urn:oio:skat:efi:1.0.0">PAANTIB</oefi:FordringTypeKode>
        <oefi:FordringTypeNavn xmlns:oefi="urn:oio:skat:efi:1.0.0">PAANTIB</oefi:FordringTypeNavn>
      </oefiws:FordringType>
      <oefiws:FordringType>
        <oefi:FordringTypeKode xmlns:oefi="urn:oio:skat:efi:1.0.0">PABKMDL</oefi:FordringTypeKode>
        <oefi:FordringTypeNavn xmlns:oefi="urn:oio:skat:efi:1.0.0">PABKMDL</oefi:FordringTypeNavn>
      </oefiws:FordringType>
      <oefiws:FordringType>
        <oefi:FordringTypeKode xmlns:oefi="urn:oio:skat:efi:1.0.0">PABRSTF</oefi:FordringTypeKode>
        <oefi:FordringTypeNavn xmlns:oefi="urn:oio:skat:efi:1.0.0">PABRSTF</oefi:FordringTypeNavn>
      </oefiws:FordringType>
      <oefiws:FordringType>
        <oefi:FordringTypeKode xmlns:oefi="urn:oio:skat:efi:1.0.0">PACFCHF</oefi:FordringTypeKode>
        <oefi:FordringTypeNavn xmlns:oefi="urn:oio:skat:efi:1.0.0">PACFCHF</oefi:FordringTypeNavn>
      </oefiws:FordringType>
      <oefiws:FordringType>
        <oefi:FordringTypeKode xmlns:oefi="urn:oio:skat:efi:1.0.0">PACHOKO</oefi:FordringTypeKode>
        <oefi:FordringTypeNavn xmlns:oefi="urn:oio:skat:efi:1.0.0">PACHOKO</oefi:FordringTypeNavn>
      </oefiws:FordringType>
      <oefiws:FordringType>
        <oefi:FordringTypeKode xmlns:oefi="urn:oio:skat:efi:1.0.0">TUTRAN</oefi:FordringTypeKode>
        <oefi:FordringTypeNavn xmlns:oefi="urn:oio:skat:efi:1.0.0">TRANSP</oefi:FordringTypeNavn>
      </oefiws:FordringType>
      <oefiws:FordringType>
        <oefi:FordringTypeKode xmlns:oefi="urn:oio:skat:efi:1.0.0">TUUDLÆG</oefi:FordringTypeKode>
        <oefi:FordringTypeNavn xmlns:oefi="urn:oio:skat:efi:1.0.0">UDLAEG</oefi:FordringTypeNavn>
      </oefiws:FordringType>
    </oefiws:FordringTypeSamling>
  </oefiws:FordringTypeInfo>
</oefiws:MFFordringTypeHent_O>