      <urn:MFFordringIndberet_I xmlns:urn="urn:oio:skat:efi:ws:1.0.1" xmlns:ns="http://rep.oio.dk/skat.dk/basis/kontekst/xml/schemas/2006/09/01/" xmlns:ns1="http://rep.oio.dk/skat.dk/motor/class/virksomhed/xml/schemas/20080401/" xmlns:urn1="urn:oio:skat:efi:1.0.0" xmlns:urn2="urn:oio:skat:ntse:1.0.0" xmlns:ns2="http://rep.oio.dk/xkom.dk/xml/schemas/2006/09/01/" xmlns:ns3="http://rep.oio.dk/xkom.dk/xml/schemas/2007/04/15/" xmlns:ns4="http://rep.oio.dk/xkom.dk/xml/schemas/2007/09/01/" xmlns:urn3="urn:oio:dkal:1.0.0" xmlns:ns5="http://rep.oio.dk/cpr.dk/xml/schemas/core/2005/03/18/" xmlns:ns6="http://rep.oio.dk/ebxml/xml/schemas/dkcc/2003/02/13/" xmlns:urn4="urn:oio:oib:pension:1.0.0" xmlns:ns7="http://rep.oio.dk/ebxml/xml/schemas/dkcc/2006/01/23/" xmlns:ns8="http://rep.oio.dk/cpr.dk/xml/schemas/2008/05/01/" xmlns:ns9="http://rep.oio.dk/xkom.dk/xml/schemas/2005/03/15/" xmlns:ns10="http://rep.oio.dk/uvm.dk/studieadm/common/xml/schemas/2006/02/20/" xmlns:ns11="http://rep.oio.dk/ebxml/xml/schemas/dkcc/2005/05/19/" xmlns:ns12="http://rep.oio.dk/cpr.dk/xml/schemas/core/2005/05/19/">
         <ns:HovedOplysninger>
            <ns:TransaktionIdentifikator>20110920</ns:TransaktionIdentifikator>
            <ns:TransaktionTid>2011-09-20T00:00:00.000+02:00</ns:TransaktionTid>
         </ns:HovedOplysninger>
         <urn:FordringhaverSystemIDStruktur>
            <ns1:VirksomhedSENummerIdentifikator>10000001</ns1:VirksomhedSENummerIdentifikator>
         </urn:FordringhaverSystemIDStruktur>
         <urn1:ModtagFordringLeveranceIdentifikator>547</urn1:ModtagFordringLeveranceIdentifikator>
         <urn:FordringAktionSamling>
            <urn:FordringAktion>
               <urn1:ModtagFordringAktionKode>OPRETFORDRING</urn1:ModtagFordringAktionKode>
               <urn1:FordringHaverIdentifikator>1030</urn1:FordringHaverIdentifikator>
               <urn:AktionValg>
                  <urn:OpretFordringAktion>
                     <urn:MFOpretFordringStruktur>
                        <urn1:FordringFordringArtKode>INDR</urn1:FordringFordringArtKode>
                        <urn1:FordringTypeKode>DFFMUDL</urn1:FordringTypeKode>
                        <urn1:FordringFordringHaverReference>ref</urn1:FordringFordringHaverReference>
                        <urn1:FordringProduktionEnhedIdentifikator>12323222</urn1:FordringProduktionEnhedIdentifikator>
                        <urn1:FordringFordringHaverBeskrivelseTekst>Beskrivelse</urn1:FordringFordringHaverBeskrivelseTekst>
                         <urn1:FordringStiftelseDato>2011-08-16+02:00</urn1:FordringStiftelseDato>
                        <urn1:FordringForfaldDato>2011-08-10+02:00</urn1:FordringForfaldDato>
                        <urn1:FordringSidsteRettidigeBetalingDato>2011-08-11+02:00</urn1:FordringSidsteRettidigeBetalingDato>
                        <urn:FordringBeloebStruktur>
                           <urn2:ValutaKode>DKK</urn2:ValutaKode>
                           <urn1:FordringBeloeb>2001.01</urn1:FordringBeloeb>
                        </urn:FordringBeloebStruktur>
                        <urn:FordringPeriodeStruktur>
                           <urn1:FordringPeriode>
                              <ns2:StartDate>2011-09-23+02:00</ns2:StartDate>
                              <ns3:EndDate>2011-09-23+02:00</ns3:EndDate>
                           </urn1:FordringPeriode>
                           <urn1:FordringPeriodeTypeTekst>TypeTekst</urn1:FordringPeriodeTypeTekst>
                        </urn:FordringPeriodeStruktur>
                        <urn:FordringOprindeligBeloebStruktur>
                           <urn2:ValutaKode>DKK</urn2:ValutaKode>
                           <urn1:InddrivelseFordringOprindeligBeloeb>2001.01</urn1:InddrivelseFordringOprindeligBeloeb>
                        </urn:FordringOprindeligBeloebStruktur>
                        <urn:SagsbemaerkningSamling>
                           <urn:MFNoteStruktur>
                              <urn1:ModtagFordringNoteOprettetDatoTid>2011-08-11T00:00:00.000+02:00</urn1:ModtagFordringNoteOprettetDatoTid>
                              <urn1:ModtagFordringNoteTekst>Michaels test</urn1:ModtagFordringNoteTekst>
                           </urn:MFNoteStruktur>
                        </urn:SagsbemaerkningSamling>
                        <urn:DokumentSamling/>
                        <urn1:FordringHaverIdentifikator>1030</urn1:FordringHaverIdentifikator>
                        <urn:FordringHaeftelseSamling>
                           <urn:MFHaeftelseStruktur>
                              <urn:MFKundeStruktur>
                                 <urn:Valg>
                                    <urn:EFIAlternativKontaktStruktur>
                                      <urn1:AlternativKontaktNavn>Andersen</urn1:AlternativKontaktNavn>
                                       <urn1:AlternativKontaktTypeKode>Person</urn1:AlternativKontaktTypeKode>
                                       <urn:Nationalitet>
                                          <ns6:CountryIdentificationCode scheme="iso3166-alpha2">UK</ns6:CountryIdentificationCode>
                                       </urn:Nationalitet>
                                       <urn1:AlternativKontaktBemaerkningTekst>Bemærkning</urn1:AlternativKontaktBemaerkningTekst>
                                       <urn:AlternativKontaktHenvisningNummer>
                                          <urn1:AlternativKontaktIdentifikator>123456789</urn1:AlternativKontaktIdentifikator>
                                       </urn:AlternativKontaktHenvisningNummer>
                                       <urn:PersonOplysninger>
                                          <urn4:CivilstandSamlivsforholdKode>married</urn4:CivilstandSamlivsforholdKode>
                                          <urn1:AlternativKontaktPersonFoedselDato>1973-09-26+02:00</urn1:AlternativKontaktPersonFoedselDato>
                                          <ns7:PersonGenderCode>female</ns7:PersonGenderCode>
                                          <urn1:AdresseBeskyttelseIndikator>false</urn1:AdresseBeskyttelseIndikator>
                                       </urn:PersonOplysninger>
                                       <urn:AlternativKontaktReferenceStrukturListe/>
                                       <urn:EmailListe>
                                          <urn:Email>
                                             <ns9:EmailAddressIdentifier>abc@kmd.dk</ns9:EmailAddressIdentifier>
                                             <urn1:AlternativEmailForholdPrimaerIndikator>false</urn1:AlternativEmailForholdPrimaerIndikator>
                                          </urn:Email>
                                       </urn:EmailListe>
                                       <urn:TelefonListe>
                                          <urn:Telefon>
                                             <ns10:TelefonNummerTekst>40902578</ns10:TelefonNummerTekst>
                                             <urn1:AlternativTelefonForholdPrimaerIndikator>true</urn1:AlternativTelefonForholdPrimaerIndikator>
                                          </urn:Telefon>
                                       </urn:TelefonListe>
                                       <urn:FaxListe/>
                                    </urn:EFIAlternativKontaktStruktur>
                                 </urn:Valg>
                              </urn:MFKundeStruktur>
                              <urn1:HaeftelseFormKode>ALM</urn1:HaeftelseFormKode>
                              <urn1:HaeftelseStartDato>2011-08-11+02:00</urn1:HaeftelseStartDato>
                              <urn1:HaeftelseDomIndikator>false</urn1:HaeftelseDomIndikator>
                              <urn1:HaeftelseForligIndikator>false</urn1:HaeftelseForligIndikator>
                           </urn:MFHaeftelseStruktur>
                        </urn:FordringHaeftelseSamling>
                     </urn:MFOpretFordringStruktur>
                     <urn:OpretUnderfordringSamling/>
                  </urn:OpretFordringAktion>
               </urn:AktionValg>
            </urn:FordringAktion>
         </urn:FordringAktionSamling>
      </urn:MFFordringIndberet_I>
