<urn:MFFordringIndberet_I xmlns:urn="urn:oio:skat:efi:ws:1.0.1" xmlns:ns="http://rep.oio.dk/skat.dk/basis/kontekst/xml/schemas/2006/09/01/"
      xmlns:ns3="http://rep.oio.dk/xkom.dk/xml/schemas/2007/04/15/" xmlns:ns5="http://rep.oio.dk/cpr.dk/xml/schemas/core/2005/03/18/" 
      xmlns:ns2="http://rep.oio.dk/xkom.dk/xml/schemas/2006/09/01/" 
      xmlns:ns1="http://rep.oio.dk/skat.dk/motor/class/virksomhed/xml/schemas/20080401/" xmlns:urn1="urn:oio:skat:efi:1.0.0">
         <ns:HovedOplysninger>
            <ns:TransaktionIdentifikator>20110715-0900000</ns:TransaktionIdentifikator>
            <ns:TransaktionTid>2011-08-10T00:00:00.000+02:00</ns:TransaktionTid>
         </ns:HovedOplysninger>
         <urn:FordringhaverSystemIDStruktur>
            <ns1:VirksomhedSENummerIdentifikator>12323222</ns1:VirksomhedSENummerIdentifikator>
         </urn:FordringhaverSystemIDStruktur>
         <urn1:ModtagFordringLeveranceIdentifikator>9</urn1:ModtagFordringLeveranceIdentifikator>
         <urn:FordringAktionSamling>
            <urn:FordringAktion>
               <urn1:ModtagFordringAktionKode>AENDRTRANSPORT</urn1:ModtagFordringAktionKode>
               <urn1:FordringHaverIdentifikator>201</urn1:FordringHaverIdentifikator>
               <urn:AktionValg>
                  <urn:MFAendrTransportStruktur>
                     <urn1:FordringInddrivelseFordringIdentifikator>1</urn1:FordringInddrivelseFordringIdentifikator>
                     <urn:MFNoteStruktur>
                        <urn1:ModtagFordringNoteOprettetDatoTid>2011-08-10T00:00:00.000+02:00</urn1:ModtagFordringNoteOprettetDatoTid>
                        <urn1:ModtagFordringNoteOprettetReference>Note Opret Ref</urn1:ModtagFordringNoteOprettetReference>
                        <urn1:ModtagFordringFordringEksternReference>Note Ekstern ref</urn1:ModtagFordringFordringEksternReference>
                        <urn1:ModtagFordringNoteTekst>Note Tekst</urn1:ModtagFordringNoteTekst>
                     </urn:MFNoteStruktur>
                     <urn1:TransportUdlaegAcceptDato>2011-08-10+02:00</urn1:TransportUdlaegAcceptDato>
                     <urn:TransportRettighedshaverListe>
                        <urn:MFTransportRettighedshaverStruktur>
                           <urn:EFIKundeIdentStruktur>
                              <urn:IdentValg>
                                 <urn1:AlternativKontaktIdentifikator>110412345</urn1:AlternativKontaktIdentifikator>
                              </urn:IdentValg>
                           </urn:EFIKundeIdentStruktur>
                           <urn1:FordringHaverIdentifikator>201</urn1:FordringHaverIdentifikator>
                           <urn:TransportUdlaegRettighedStruktur>
                              <urn1:TransportUdlaegRettighedPeriode>
                                 <ns2:StartDate>2011-08-24+02:00</ns2:StartDate>
                                 <ns3:EndDate>2011-08-24+02:00</ns3:EndDate>
                              </urn1:TransportUdlaegRettighedPeriode>
                           </urn:TransportUdlaegRettighedStruktur>
                           <urn1:TransportRettighedHaverBeskedIndikator>true</urn1:TransportRettighedHaverBeskedIndikator>
                           <urn1:TransportRettighedHaverEjerMarkering>false</urn1:TransportRettighedHaverEjerMarkering>
                           <urn1:TransportRettighedHaverModtagerIndikator>true</urn1:TransportRettighedHaverModtagerIndikator>
                           <urn1:TransportRettighedHaverPrioritetIdentifikator>1</urn1:TransportRettighedHaverPrioritetIdentifikator>
                        </urn:MFTransportRettighedshaverStruktur>
                        <urn:MFTransportRettighedshaverStruktur>
                           <urn:EFIKundeIdentStruktur>
                              <urn:IdentValg>
                                 <ns5:PersonCivilRegistrationIdentifier>0103800607</ns5:PersonCivilRegistrationIdentifier>
                              </urn:IdentValg>
                           </urn:EFIKundeIdentStruktur>
                           <urn1:FordringHaverIdentifikator>201</urn1:FordringHaverIdentifikator>
                           <urn1:TransportRettighedHaverBeskedIndikator>true</urn1:TransportRettighedHaverBeskedIndikator>
                           <urn1:TransportRettighedHaverEjerMarkering>false</urn1:TransportRettighedHaverEjerMarkering>
                           <urn1:TransportRettighedHaverModtagerIndikator>true</urn1:TransportRettighedHaverModtagerIndikator>
                           <urn1:TransportRettighedHaverPrioritetIdentifikator>2</urn1:TransportRettighedHaverPrioritetIdentifikator>
                        </urn:MFTransportRettighedshaverStruktur>
                     </urn:TransportRettighedshaverListe>
                  </urn:MFAendrTransportStruktur>
               </urn:AktionValg>
            </urn:FordringAktion>
         </urn:FordringAktionSamling>
      </urn:MFFordringIndberet_I>
