<?xml version="1.0" encoding="UTF-8"?>
<oefiws:MFFordringIndberet_O xmlns:oefiws="urn:oio:skat:efi:ws:1.0.1">
  <ok:HovedOplysningerSvar xmlns:ok="http://rep.oio.dk/skat.dk/basis/kontekst/xml/schemas/2006/09/01/">
    <ok:TransaktionIdentifikator>8732a02e-9dba-4ff2-bbcc-f3dcfc10cb66</ok:TransaktionIdentifikator>
    <ok:ServiceIdentifikator>MFFordringIndberet</ok:ServiceIdentifikator>
    <ok:TransaktionTid>2011-08-05T14:37:01.913+02:00</ok:TransaktionTid>
    <ok:SvarStruktur/>
  </ok:HovedOplysningerSvar>
  <oefiws:FordringInfo>
    <oefiws:FordringhaverSystemIDStruktur>
      <ns3:VirksomhedSENummerIdentifikator xmlns:ns3="http://rep.oio.dk/skat.dk/motor/class/virksomhed/xml/schemas/20080401/">10000010</ns3:VirksomhedSENummerIdentifikator>
    </oefiws:FordringhaverSystemIDStruktur>
    <oefi:ModtagFordringLeveranceIdentifikator xmlns:oefi="urn:oio:skat:efi:1.0.0">5031</oefi:ModtagFordringLeveranceIdentifikator>
    <oefiws:FordringAktionStatusSamling>
      <oefiws:MFAktionStruktur>
        <oefi:FordringInddrivelseFordringIdentifikator xmlns:oefi="urn:oio:skat:efi:1.0.0">7</oefi:FordringInddrivelseFordringIdentifikator>
        <oefi:FordringInddrivelseHovedFordringIdentifikator xmlns:oefi="urn:oio:skat:efi:1.0.0">7</oefi:FordringInddrivelseHovedFordringIdentifikator>
        <oefi:FordringFordringHaverReference xmlns:oefi="urn:oio:skat:efi:1.0.0">____This_string_is_36_chars_long____</oefi:FordringFordringHaverReference>
        <oefi:ModtagFordringAktionIdentifikator xmlns:oefi="urn:oio:skat:efi:1.0.0">14</oefi:ModtagFordringAktionIdentifikator>
        <oefi:ModtagFordringAktionKode xmlns:oefi="urn:oio:skat:efi:1.0.0">OPRETFORDRING</oefi:ModtagFordringAktionKode>
        <oefi:FordringHaverIdentifikator xmlns:oefi="urn:oio:skat:efi:1.0.0">25</oefi:FordringHaverIdentifikator>
        <oefi:ModtagFordringAktionStatusKode xmlns:oefi="urn:oio:skat:efi:1.0.0">MODTAGET</oefi:ModtagFordringAktionStatusKode>
        <oefi:ModtagFordringAktionStatusAendretDato xmlns:oefi="urn:oio:skat:efi:1.0.0">2011-08-05T14:37:01.729+02:00</oefi:ModtagFordringAktionStatusAendretDato>
        <oefiws:AfvistAarsagSamling/>
      </oefiws:MFAktionStruktur>
      <oefiws:MFAktionStruktur>
        <oefi:FordringInddrivelseFordringIdentifikator xmlns:oefi="urn:oio:skat:efi:1.0.0">8</oefi:FordringInddrivelseFordringIdentifikator>
        <oefi:FordringInddrivelseHovedFordringIdentifikator xmlns:oefi="urn:oio:skat:efi:1.0.0">8</oefi:FordringInddrivelseHovedFordringIdentifikator>
        <oefi:FordringFordringHaverReference xmlns:oefi="urn:oio:skat:efi:1.0.0">____This_string_is_36_chars_long____</oefi:FordringFordringHaverReference>
        <oefi:ModtagFordringAktionIdentifikator xmlns:oefi="urn:oio:skat:efi:1.0.0">15</oefi:ModtagFordringAktionIdentifikator>
        <oefi:ModtagFordringAktionKode xmlns:oefi="urn:oio:skat:efi:1.0.0">OPRETFORDRING</oefi:ModtagFordringAktionKode>
        <oefi:FordringHaverIdentifikator xmlns:oefi="urn:oio:skat:efi:1.0.0">25</oefi:FordringHaverIdentifikator>
        <oefi:ModtagFordringAktionStatusKode xmlns:oefi="urn:oio:skat:efi:1.0.0">MODTAGET</oefi:ModtagFordringAktionStatusKode>
        <oefi:ModtagFordringAktionStatusAendretDato xmlns:oefi="urn:oio:skat:efi:1.0.0">2011-08-05T14:37:01.729+02:00</oefi:ModtagFordringAktionStatusAendretDato>
        <oefiws:AfvistAarsagSamling/>
      </oefiws:MFAktionStruktur>
      <oefiws:MFAktionStruktur>
        <oefi:FordringInddrivelseFordringIdentifikator xmlns:oefi="urn:oio:skat:efi:1.0.0">9</oefi:FordringInddrivelseFordringIdentifikator>
        <oefi:FordringInddrivelseHovedFordringIdentifikator xmlns:oefi="urn:oio:skat:efi:1.0.0">9</oefi:FordringInddrivelseHovedFordringIdentifikator>
        <oefi:FordringFordringHaverReference xmlns:oefi="urn:oio:skat:efi:1.0.0">____This_string_is_36_chars_long____</oefi:FordringFordringHaverReference>
        <oefi:ModtagFordringAktionIdentifikator xmlns:oefi="urn:oio:skat:efi:1.0.0">16</oefi:ModtagFordringAktionIdentifikator>
        <oefi:ModtagFordringAktionKode xmlns:oefi="urn:oio:skat:efi:1.0.0">OPRETFORDRING</oefi:ModtagFordringAktionKode>
        <oefi:FordringHaverIdentifikator xmlns:oefi="urn:oio:skat:efi:1.0.0">25</oefi:FordringHaverIdentifikator>
        <oefi:ModtagFordringAktionStatusKode xmlns:oefi="urn:oio:skat:efi:1.0.0">MODTAGET</oefi:ModtagFordringAktionStatusKode>
        <oefi:ModtagFordringAktionStatusAendretDato xmlns:oefi="urn:oio:skat:efi:1.0.0">2011-08-05T14:37:01.729+02:00</oefi:ModtagFordringAktionStatusAendretDato>
        <oefiws:AfvistAarsagSamling/>
      </oefiws:MFAktionStruktur>
      <oefiws:MFAktionStruktur>
        <oefi:FordringInddrivelseFordringIdentifikator xmlns:oefi="urn:oio:skat:efi:1.0.0">10</oefi:FordringInddrivelseFordringIdentifikator>
        <oefi:FordringInddrivelseHovedFordringIdentifikator xmlns:oefi="urn:oio:skat:efi:1.0.0">10</oefi:FordringInddrivelseHovedFordringIdentifikator>
        <oefi:FordringFordringHaverReference xmlns:oefi="urn:oio:skat:efi:1.0.0">____This_string_is_36_chars_long____</oefi:FordringFordringHaverReference>
        <oefi:ModtagFordringAktionIdentifikator xmlns:oefi="urn:oio:skat:efi:1.0.0">17</oefi:ModtagFordringAktionIdentifikator>
        <oefi:ModtagFordringAktionKode xmlns:oefi="urn:oio:skat:efi:1.0.0">OPRETTRANSPORT</oefi:ModtagFordringAktionKode>
        <oefi:FordringHaverIdentifikator xmlns:oefi="urn:oio:skat:efi:1.0.0">26</oefi:FordringHaverIdentifikator>
        <oefi:ModtagFordringAktionStatusKode xmlns:oefi="urn:oio:skat:efi:1.0.0">AFVIST</oefi:ModtagFordringAktionStatusKode>
        <oefi:ModtagFordringAktionStatusAendretDato xmlns:oefi="urn:oio:skat:efi:1.0.0">2011-08-05T14:37:02.251+02:00</oefi:ModtagFordringAktionStatusAendretDato>
        <oefiws:AfvistAarsagSamling>
          <oefiws:MFAktionAfvistStruktur>
            <oefi:ModtagFordringAktionAfvistIdentifikator xmlns:oefi="urn:oio:skat:efi:1.0.0">185</oefi:ModtagFordringAktionAfvistIdentifikator>
            <oefi:ModtagFordringAktionAfvistTekst xmlns:oefi="urn:oio:skat:efi:1.0.0">Aftalen 26 skal enten være markeret som tilhørende en udbetalende myndighed eller være en rettighedshaveraftale, hvorrettighedshaver fra aftale findes i transportens rettighedshaverliste</oefi:ModtagFordringAktionAfvistTekst>
            <oefiws:MFAktionAfvistParamSamling>
              <oefi:ModtagFordringAktionAfvistParameterTekst xmlns:oefi="urn:oio:skat:efi:1.0.0">26</oefi:ModtagFordringAktionAfvistParameterTekst>
            </oefiws:MFAktionAfvistParamSamling>
          </oefiws:MFAktionAfvistStruktur>
        </oefiws:AfvistAarsagSamling>
      </oefiws:MFAktionStruktur>
    </oefiws:FordringAktionStatusSamling>
  </oefiws:FordringInfo>
</oefiws:MFFordringIndberet_O>