<urn:MFFordringIndberet_I xmlns:urn="urn:oio:skat:efi:ws:1.0.1" xmlns:ns="http://rep.oio.dk/skat.dk/basis/kontekst/xml/schemas/2006/09/01/" 
        xmlns:ns2="http://rep.oio.dk/xkom.dk/xml/schemas/2006/09/01/"  xmlns:urn2="urn:oio:skat:ntse:1.0.0"   
        xmlns:ns3="http://rep.oio.dk/xkom.dk/xml/schemas/2007/04/15/"       xmlns:urn3="urn:oio:dkal:1.0.0" 
xmlns:ns1="http://rep.oio.dk/skat.dk/motor/class/virksomhed/xml/schemas/20080401/" xmlns:urn1="urn:oio:skat:efi:1.0.0">
         <ns:HovedOplysninger>          
            <ns:TransaktionIdentifikator>20110715-0900000</ns:TransaktionIdentifikator>
            <ns:TransaktionTid>2011-08-10T00:00:00.000+02:00</ns:TransaktionTid>
         </ns:HovedOplysninger>
         <urn:FordringhaverSystemIDStruktur>
            <ns1:VirksomhedSENummerIdentifikator>12323222</ns1:VirksomhedSENummerIdentifikator>
         </urn:FordringhaverSystemIDStruktur>
         <urn1:ModtagFordringLeveranceIdentifikator>9</urn1:ModtagFordringLeveranceIdentifikator>
         <urn:FordringAktionSamling>
            <urn:FordringAktion>
               <urn1:ModtagFordringAktionKode>OPRETTRANSPORT</urn1:ModtagFordringAktionKode>
               <urn1:FordringHaverIdentifikator>201</urn1:FordringHaverIdentifikator>
               <urn:AktionValg>
                    <urn:MFOpretTransportStruktur>
                     <urn1:FordringFordringArtKode>MODR</urn1:FordringFordringArtKode>
                     <urn1:FordringTypeKode>Type</urn1:FordringTypeKode>
                     <urn1:FordringFordringHaverReference>reference</urn1:FordringFordringHaverReference>
                     <urn:EFIKundeIdentStruktur>
                        <urn:IdentValg>
                           <ns1:VirksomhedSENummerIdentifikator>87654522</ns1:VirksomhedSENummerIdentifikator>
                        </urn:IdentValg>
                     </urn:EFIKundeIdentStruktur>
                     <urn:FordringBeloebStruktur>
                        <urn2:ValutaKode>DKK</urn2:ValutaKode>
                        <urn1:FordringBeloeb>1001</urn1:FordringBeloeb>
                        <urn1:FordringDKKBeloeb>1001</urn1:FordringDKKBeloeb>
                     </urn:FordringBeloebStruktur>
                     <urn1:TransportUdlaegUbegraensetIndikator>true</urn1:TransportUdlaegUbegraensetIndikator>
                     <urn1:MyndighedUdbetalingNemKontoAftaleIdentifikator>1234</urn1:MyndighedUdbetalingNemKontoAftaleIdentifikator>
                     <urn1:MyndighedUdbetalingTypeKode>PENS</urn1:MyndighedUdbetalingTypeKode>
                     <urn:MyndighedUdbetalingPeriodeStruktur>
                        <urn1:MyndighedUdbetalingPeriode>                        
                           <ns2:StartDate>2011-08-17+02:00</ns2:StartDate>
                           <ns3:EndDate>2011-08-17+02:00</ns3:EndDate>
                        </urn1:MyndighedUdbetalingPeriode>
                        <urn1:MyndighedUdbetalingPeriodeTypeKode>PeriodeTypeKode</urn1:MyndighedUdbetalingPeriodeTypeKode>
                     </urn:MyndighedUdbetalingPeriodeStruktur>
                     <urn1:TransportUdlaegAcceptDato>2011-08-08+02:00</urn1:TransportUdlaegAcceptDato>
                     <urn:TransportDokument>
                        <urn:MFDokumentStruktur>
                           <urn1:ModtagFordringDokumentArtKode>TRANSPORT</urn1:ModtagFordringDokumentArtKode>
                           <urn1:ModtagFordringDokumentEksternReference>DokEksternRef</urn1:ModtagFordringDokumentEksternReference>
                           <urn:DokumentFormatValg>
                              <urn:DokumentFil>
                                 <urn3:FilformatNavn>Docx</urn3:FilformatNavn>
                                 <urn3:MeddelelseIndholdData>1234</urn3:MeddelelseIndholdData>
                              </urn:DokumentFil>
                           </urn:DokumentFormatValg>
                        </urn:MFDokumentStruktur>
                     </urn:TransportDokument>
                     <urn:TransportRettighedshaverListe>
                        <urn:MFTransportRettighedshaverStruktur>
                           
                           <urn:EFIKundeIdentStruktur>
                              <urn:IdentValg>
                                 <ns1:VirksomhedSENummerIdentifikator>87654522</ns1:VirksomhedSENummerIdentifikator>
                              </urn:IdentValg>
                           </urn:EFIKundeIdentStruktur>
                           <urn1:FordringHaverIdentifikator>201</urn1:FordringHaverIdentifikator>
                           <urn:TransportUdlaegRettighedStruktur>
                              <urn1:TransportUdlaegRettighedPeriode>
                                 <ns2:StartDate>2011-08-10+02:00</ns2:StartDate>
                                 <ns3:EndDate>2011-08-10+02:00</ns3:EndDate>                                 
                              </urn1:TransportUdlaegRettighedPeriode>
                           </urn:TransportUdlaegRettighedStruktur>
                           <urn1:TransportRettighedHaverBeskedIndikator>true</urn1:TransportRettighedHaverBeskedIndikator>
                           <urn1:TransportRettighedHaverEjerMarkering>true</urn1:TransportRettighedHaverEjerMarkering>
                           <urn1:TransportRettighedHaverModtagerIndikator>true</urn1:TransportRettighedHaverModtagerIndikator>
                           <urn1:TransportRettighedHaverPrioritetIdentifikator>1</urn1:TransportRettighedHaverPrioritetIdentifikator>
                        </urn:MFTransportRettighedshaverStruktur>
                     </urn:TransportRettighedshaverListe>
                  </urn:MFOpretTransportStruktur>
               </urn:AktionValg>
            </urn:FordringAktion>
         </urn:FordringAktionSamling>
      </urn:MFFordringIndberet_I>
