<urn:MFKvitteringHent_I xmlns:urn="urn:oio:skat:efi:ws:1.0.1" xmlns:ns="http://rep.oio.dk/skat.dk/basis/kontekst/xml/schemas/2006/09/01/" xmlns:ns1="http://rep.oio.dk/skat.dk/motor/class/virksomhed/xml/schemas/20080401/" xmlns:urn1="urn:oio:skat:efi:1.0.0">
         <ns:HovedOplysninger>
            <ns:TransaktionIdentifikator>01234567890</ns:TransaktionIdentifikator>
            <ns:TransaktionTid>2011-02-07T09:30:47Z</ns:TransaktionTid>
         </ns:HovedOplysninger>
         <urn:FordringhaverSystemIDStruktur>
            <ns1:VirksomhedSENummerIdentifikator>87654522</ns1:VirksomhedSENummerIdentifikator>
         </urn:FordringhaverSystemIDStruktur>
         <urn:SoegeDatoFra>
            <urn1:ModtagFordringAktionStatusAendretDato>2011-07-18T00:00:00.000+02:00</urn1:ModtagFordringAktionStatusAendretDato>
         </urn:SoegeDatoFra>
         <urn:FordringIDSamling>
            <urn1:FordringInddrivelseFordringIdentifikator>201</urn1:FordringInddrivelseFordringIdentifikator>
         </urn:FordringIDSamling>
      </urn:MFKvitteringHent_I>
      