<?xml version="1.0" encoding="UTF-8"?>
<oefiws:MFUnderretSamlingHent_O xmlns:oefiws="urn:oio:skat:efi:ws:1.0.1">
  <ok:HovedOplysningerSvar xmlns:ok="http://rep.oio.dk/skat.dk/basis/kontekst/xml/schemas/2006/09/01/">
    <ok:TransaktionIdentifikator>615b4787-9fc8-4b8d-aa83-d6db17086976</ok:TransaktionIdentifikator>
    <ok:ServiceIdentifikator>MFUnderrretSamlingHent</ok:ServiceIdentifikator>
    <ok:TransaktionTid>2011-08-05T14:37:58.859+02:00</ok:TransaktionTid>
    <ok:SvarStruktur/>
  </ok:HovedOplysningerSvar>
  <oefiws:UnderretSamling>
    <oefiws:MFUnderret>
      <oefi:ModtagFordringUnderretningIdentifikator xmlns:oefi="urn:oio:skat:efi:1.0.0">25</oefi:ModtagFordringUnderretningIdentifikator>
      <oefi:ModtagFordringUnderretningDatoTid xmlns:oefi="urn:oio:skat:efi:1.0.0">2011-08-05T14:37:58.669+02:00</oefi:ModtagFordringUnderretningDatoTid>
      <oefi:FordringHaverIdentifikator xmlns:oefi="urn:oio:skat:efi:1.0.0">106</oefi:FordringHaverIdentifikator>
      <oefiws:UnderretValg>
        <oefiws:MFUnderretReturnerStruktur>
          <oefi:FordringInddrivelseFordringIdentifikator xmlns:oefi="urn:oio:skat:efi:1.0.0">5215</oefi:FordringInddrivelseFordringIdentifikator>
          <oefi:FordringFordringArtKode xmlns:oefi="urn:oio:skat:efi:1.0.0">INDR</oefi:FordringFordringArtKode>
          <oefi:FordringTypeKode xmlns:oefi="urn:oio:skat:efi:1.0.0">QWERTY1</oefi:FordringTypeKode>
          <oefi:FordringTypeKategoriKode xmlns:oefi="urn:oio:skat:efi:1.0.0">HF</oefi:FordringTypeKategoriKode>
          <oefi:FordringInddrivelseHovedFordringIdentifikator xmlns:oefi="urn:oio:skat:efi:1.0.0">5215</oefi:FordringInddrivelseHovedFordringIdentifikator>
          <oefi:FordringFordringHaverReference xmlns:oefi="urn:oio:skat:efi:1.0.0">Oracle</oefi:FordringFordringHaverReference>
          <oefi:FordringProduktionEnhedIdentifikator xmlns:oefi="urn:oio:skat:efi:1.0.0">1</oefi:FordringProduktionEnhedIdentifikator>
          <oefiws:HovedFordringReturnerAarsagStruktur>
            <oefi:HovedFordringReturAarsagKode xmlns:oefi="urn:oio:skat:efi:1.0.0">AFTL</oefi:HovedFordringReturAarsagKode>
            <oefi:HovedFordringReturAarsagBegrundelseTekst xmlns:oefi="urn:oio:skat:efi:1.0.0">begr</oefi:HovedFordringReturAarsagBegrundelseTekst>
            <oefi:HovedFordringReturAarsagTekst xmlns:oefi="urn:oio:skat:efi:1.0.0">myText</oefi:HovedFordringReturAarsagTekst>
          </oefiws:HovedFordringReturnerAarsagStruktur>
          <oefi:HovedFordringReturDato xmlns:oefi="urn:oio:skat:efi:1.0.0">2011-08-05+02:00</oefi:HovedFordringReturDato>
          <oefi:FordringVirkningFraDato xmlns:oefi="urn:oio:skat:efi:1.0.0">2011-08-05+02:00</oefi:FordringVirkningFraDato>
        </oefiws:MFUnderretReturnerStruktur>
      </oefiws:UnderretValg>
    </oefiws:MFUnderret>
    <oefiws:MFUnderret>
      <oefi:ModtagFordringUnderretningIdentifikator xmlns:oefi="urn:oio:skat:efi:1.0.0">26</oefi:ModtagFordringUnderretningIdentifikator>
      <oefi:ModtagFordringUnderretningDatoTid xmlns:oefi="urn:oio:skat:efi:1.0.0">2011-08-05T14:37:59.046+02:00</oefi:ModtagFordringUnderretningDatoTid>
      <oefi:FordringHaverIdentifikator xmlns:oefi="urn:oio:skat:efi:1.0.0">107</oefi:FordringHaverIdentifikator>
      <oefiws:UnderretValg>
        <oefiws:MFUnderretAfskrivStruktur>
          <oefiws:FordringAfskrivningListe>
            <oefiws:FordringAfskrivning>
              <oefi:FordringInddrivelseFordringIdentifikator xmlns:oefi="urn:oio:skat:efi:1.0.0">5217</oefi:FordringInddrivelseFordringIdentifikator>
              <oefi:FordringInddrivelseHovedFordringIdentifikator xmlns:oefi="urn:oio:skat:efi:1.0.0">5217</oefi:FordringInddrivelseHovedFordringIdentifikator>
              <oefi:FordringFordringHaverReference xmlns:oefi="urn:oio:skat:efi:1.0.0">myRef</oefi:FordringFordringHaverReference>
              <oefi:FordringFordringArtKode xmlns:oefi="urn:oio:skat:efi:1.0.0">INDR</oefi:FordringFordringArtKode>
              <oefi:FordringTypeKode xmlns:oefi="urn:oio:skat:efi:1.0.0">minkode</oefi:FordringTypeKode>
              <oefi:FordringTypeKategoriKode xmlns:oefi="urn:oio:skat:efi:1.0.0">HF</oefi:FordringTypeKategoriKode>
              <oefi:FordringAfskrivningVirkningFraDato xmlns:oefi="urn:oio:skat:efi:1.0.0">2011-08-05+02:00</oefi:FordringAfskrivningVirkningFraDato>
              <oefiws:AfskrivningAarsagStruktur>
                <oefi:FordringAfskrivningAarsagKode xmlns:oefi="urn:oio:skat:efi:1.0.0">DODB</oefi:FordringAfskrivningAarsagKode>
                <oefi:FordringAfskrivningAarsagBegrundelseTekst xmlns:oefi="urn:oio:skat:efi:1.0.0">myFordringAfskrivningÅrsagBegr</oefi:FordringAfskrivningAarsagBegrundelseTekst>
                <oefi:FordringAfskrivningAarsagTekst xmlns:oefi="urn:oio:skat:efi:1.0.0">myFordringAfskrivningÅrsagTekst</oefi:FordringAfskrivningAarsagTekst>
              </oefiws:AfskrivningAarsagStruktur>
              <oefi:FordringAfskrivningDato xmlns:oefi="urn:oio:skat:efi:1.0.0">2011-08-05+02:00</oefi:FordringAfskrivningDato>
              <oefiws:AfskrivHaeftelse>
                <oefiws:KundeStruktur>
                  <ns8:SkatKundeIdentifikator xmlns:ns8="urn:oio:skat:dmi:1.0.0">12345678</ns8:SkatKundeIdentifikator>
                  <ns8:SkatKundeTypeKode xmlns:ns8="urn:oio:skat:dmi:1.0.0">SE-Virksomhed</ns8:SkatKundeTypeKode>
                  <ns7:CVRnumberIdentifier xmlns:ns7="http://rep.oio.dk/cvr.dk/xml/schemas/2005/03/22/">12345678</ns7:CVRnumberIdentifier>
                  <ns8:KundeNavn xmlns:ns8="urn:oio:skat:dmi:1.0.0">mykundenavn</ns8:KundeNavn>
                  <ns2:DriftFormKode xmlns:ns2="http://rep.oio.dk/skat.dk/motor/class/driftform/xml/schemas/20080401/">1</ns2:DriftFormKode>
                </oefiws:KundeStruktur>
                <oefi:HaeftelseFormKode xmlns:oefi="urn:oio:skat:efi:1.0.0">AND</oefi:HaeftelseFormKode>
                <oefi:HaeftelseSubsidiaerKode xmlns:oefi="urn:oio:skat:efi:1.0.0">POT</oefi:HaeftelseSubsidiaerKode>
              </oefiws:AfskrivHaeftelse>
              <oefiws:RestbeloebValg>
                <oefiws:FordringRestBeloeb>
                  <oefiws:FordringRestBeloebStruktur>
                    <ns1:ValutaKode xmlns:ns1="urn:oio:skat:ntse:1.0.0">DKK</ns1:ValutaKode>
                    <oefi:FordringRestBeloeb xmlns:oefi="urn:oio:skat:efi:1.0.0">1</oefi:FordringRestBeloeb>
                    <oefi:FordringRestDKKBeloeb xmlns:oefi="urn:oio:skat:efi:1.0.0">1</oefi:FordringRestDKKBeloeb>
                  </oefiws:FordringRestBeloebStruktur>
                </oefiws:FordringRestBeloeb>
              </oefiws:RestbeloebValg>
              <oefiws:AfskrevetBeloebStruktur>
                <ns1:ValutaKode xmlns:ns1="urn:oio:skat:ntse:1.0.0">DKK</ns1:ValutaKode>
                <oefi:FordringAfskrivningAfskrivningBeloeb xmlns:oefi="urn:oio:skat:efi:1.0.0">1</oefi:FordringAfskrivningAfskrivningBeloeb>
                <oefi:FordringAfskrivningAfskrivningDKKBeloeb xmlns:oefi="urn:oio:skat:efi:1.0.0">1</oefi:FordringAfskrivningAfskrivningDKKBeloeb>
              </oefiws:AfskrevetBeloebStruktur>
            </oefiws:FordringAfskrivning>
          </oefiws:FordringAfskrivningListe>
        </oefiws:MFUnderretAfskrivStruktur>
      </oefiws:UnderretValg>
    </oefiws:MFUnderret>
    <oefiws:MFUnderret>
      <oefi:ModtagFordringUnderretningIdentifikator xmlns:oefi="urn:oio:skat:efi:1.0.0">27</oefi:ModtagFordringUnderretningIdentifikator>
      <oefi:ModtagFordringUnderretningDatoTid xmlns:oefi="urn:oio:skat:efi:1.0.0">2011-08-05T14:37:59.368+02:00</oefi:ModtagFordringUnderretningDatoTid>
      <oefi:FordringHaverIdentifikator xmlns:oefi="urn:oio:skat:efi:1.0.0">108</oefi:FordringHaverIdentifikator>
      <oefiws:UnderretValg>
        <oefiws:MFUnderretAfregnStruktur>
          <oefi:FordringHaverAfregningUnderretKode xmlns:oefi="urn:oio:skat:efi:1.0.0">AFR</oefi:FordringHaverAfregningUnderretKode>
          <oefiws:UdligningAfregningListe>
            <oefiws:UdligningAfregning>
              <oefi:FordringHaverAfregningIdentifikator xmlns:oefi="urn:oio:skat:efi:1.0.0">123654</oefi:FordringHaverAfregningIdentifikator>
              <oefiws:FordringHaverAfregningBeloebStruktur>
                <oefi:FordringHaverAfregningBeloeb xmlns:oefi="urn:oio:skat:efi:1.0.0">11.5</oefi:FordringHaverAfregningBeloeb>
                <oefi:FordringHaverAfregningDKKBeloeb xmlns:oefi="urn:oio:skat:efi:1.0.0">10.5</oefi:FordringHaverAfregningDKKBeloeb>
                <ns1:ValutaKode xmlns:ns1="urn:oio:skat:ntse:1.0.0">DKK</ns1:ValutaKode>
              </oefiws:FordringHaverAfregningBeloebStruktur>
              <oefi:FordringHaverAfregningDato xmlns:oefi="urn:oio:skat:efi:1.0.0">2011-08-05+02:00</oefi:FordringHaverAfregningDato>
              <oefi:FordringHaverAfregningPeriode xmlns:oefi="urn:oio:skat:efi:1.0.0">
                <xkom2006:StartDate xmlns:xkom2006="http://rep.oio.dk/xkom.dk/xml/schemas/2006/09/01/">2011-08-05+02:00</xkom2006:StartDate>
                <xkom2:EndDate xmlns:xkom2="http://rep.oio.dk/xkom.dk/xml/schemas/2007/04/15/">2011-08-05+02:00</xkom2:EndDate>
              </oefi:FordringHaverAfregningPeriode>
              <oefiws:FordringHaverFordringListe>
                <oefiws:FordringerOmfattetAfUdligningenAfregningen>
                  <oefi:FordringInddrivelseFordringIdentifikator xmlns:oefi="urn:oio:skat:efi:1.0.0">5218</oefi:FordringInddrivelseFordringIdentifikator>
                  <oefi:FordringInddrivelseHovedFordringIdentifikator xmlns:oefi="urn:oio:skat:efi:1.0.0">5218</oefi:FordringInddrivelseHovedFordringIdentifikator>
                  <oefi:FordringFordringHaverReference xmlns:oefi="urn:oio:skat:efi:1.0.0">myDMIFordringFordringHaverRef</oefi:FordringFordringHaverReference>
                  <oefi:FordringFordringArtKode xmlns:oefi="urn:oio:skat:efi:1.0.0">INDR</oefi:FordringFordringArtKode>
                  <oefi:FordringTypeKode xmlns:oefi="urn:oio:skat:efi:1.0.0">7SEVEN7</oefi:FordringTypeKode>
                  <oefi:FordringTypeKategoriKode xmlns:oefi="urn:oio:skat:efi:1.0.0">HF</oefi:FordringTypeKategoriKode>
                  <oefi:TransaktionVirkningDato xmlns:oefi="urn:oio:skat:efi:1.0.0">2011-08-05+02:00</oefi:TransaktionVirkningDato>
                  <oefiws:HaeftelsesforholdListe>
                    <oefiws:Haeftelsesforhold>
                      <oefiws:KundeStruktur>
                        <ns8:SkatKundeIdentifikator xmlns:ns8="urn:oio:skat:dmi:1.0.0">12345678</ns8:SkatKundeIdentifikator>
                        <ns8:SkatKundeTypeKode xmlns:ns8="urn:oio:skat:dmi:1.0.0">SE-Virksomhed</ns8:SkatKundeTypeKode>
                        <ns7:CVRnumberIdentifier xmlns:ns7="http://rep.oio.dk/cvr.dk/xml/schemas/2005/03/22/">12345678</ns7:CVRnumberIdentifier>
                        <ns8:KundeNavn xmlns:ns8="urn:oio:skat:dmi:1.0.0">mykundenavn</ns8:KundeNavn>
                        <ns2:DriftFormKode xmlns:ns2="http://rep.oio.dk/skat.dk/motor/class/driftform/xml/schemas/20080401/">1</ns2:DriftFormKode>
                      </oefiws:KundeStruktur>
                      <oefi:HaeftelseFormKode xmlns:oefi="urn:oio:skat:efi:1.0.0">AND</oefi:HaeftelseFormKode>
                      <oefi:HaeftelseSubsidiaerKode xmlns:oefi="urn:oio:skat:efi:1.0.0">POT</oefi:HaeftelseSubsidiaerKode>
                    </oefiws:Haeftelsesforhold>
                  </oefiws:HaeftelsesforholdListe>
                  <oefiws:FordringAfregningBeloebStruktur>
                    <oefi:FordringAfregningBeloeb xmlns:oefi="urn:oio:skat:efi:1.0.0">9.5</oefi:FordringAfregningBeloeb>
                    <oefi:FordringAfregningDKKBeloeb xmlns:oefi="urn:oio:skat:efi:1.0.0">8.5</oefi:FordringAfregningDKKBeloeb>
                    <ns1:ValutaKode xmlns:ns1="urn:oio:skat:ntse:1.0.0">DKK</ns1:ValutaKode>
                  </oefiws:FordringAfregningBeloebStruktur>
                  <oefiws:FordringRestBeloebStruktur>
                    <ns1:ValutaKode xmlns:ns1="urn:oio:skat:ntse:1.0.0">DKK</ns1:ValutaKode>
                    <oefi:FordringRestBeloeb xmlns:oefi="urn:oio:skat:efi:1.0.0">7.5</oefi:FordringRestBeloeb>
                    <oefi:FordringRestDKKBeloeb xmlns:oefi="urn:oio:skat:efi:1.0.0">6.5</oefi:FordringRestDKKBeloeb>
                  </oefiws:FordringRestBeloebStruktur>
                </oefiws:FordringerOmfattetAfUdligningenAfregningen>
              </oefiws:FordringHaverFordringListe>
            </oefiws:UdligningAfregning>
          </oefiws:UdligningAfregningListe>
        </oefiws:MFUnderretAfregnStruktur>
      </oefiws:UnderretValg>
    </oefiws:MFUnderret>
    <oefiws:MFUnderret>
      <oefi:ModtagFordringUnderretningIdentifikator xmlns:oefi="urn:oio:skat:efi:1.0.0">28</oefi:ModtagFordringUnderretningIdentifikator>
      <oefi:ModtagFordringUnderretningDatoTid xmlns:oefi="urn:oio:skat:efi:1.0.0">2011-08-05T14:37:59.652+02:00</oefi:ModtagFordringUnderretningDatoTid>
      <oefi:FordringHaverIdentifikator xmlns:oefi="urn:oio:skat:efi:1.0.0">109</oefi:FordringHaverIdentifikator>
      <oefiws:UnderretValg>
        <oefiws:MFUnderretRenteTilskrivningStruktur>
          <oefiws:FordringListe>
            <oefiws:Fordring>
              <oefi:FordringFordringArtKode xmlns:oefi="urn:oio:skat:efi:1.0.0">INDR</oefi:FordringFordringArtKode>
              <oefi:FordringTypeKode xmlns:oefi="urn:oio:skat:efi:1.0.0">myDMI</oefi:FordringTypeKode>
              <oefi:FordringTypeKategoriKode xmlns:oefi="urn:oio:skat:efi:1.0.0">HF</oefi:FordringTypeKategoriKode>
              <oefi:FordringInddrivelseFordringIdentifikator xmlns:oefi="urn:oio:skat:efi:1.0.0">5219</oefi:FordringInddrivelseFordringIdentifikator>
              <oefi:FordringInddrivelseHovedFordringIdentifikator xmlns:oefi="urn:oio:skat:efi:1.0.0">5219</oefi:FordringInddrivelseHovedFordringIdentifikator>
              <oefi:FordringFordringHaverReference xmlns:oefi="urn:oio:skat:efi:1.0.0">myDMIFordringFordringHaverRef</oefi:FordringFordringHaverReference>
              <oefi:RentePeriodeTypeKode xmlns:oefi="urn:oio:skat:efi:1.0.0">Halvaar</oefi:RentePeriodeTypeKode>
              <oefi:RentePeriode xmlns:oefi="urn:oio:skat:efi:1.0.0">
                <xkom2006:StartDate xmlns:xkom2006="http://rep.oio.dk/xkom.dk/xml/schemas/2006/09/01/">2011-08-05+02:00</xkom2006:StartDate>
                <xkom2:EndDate xmlns:xkom2="http://rep.oio.dk/xkom.dk/xml/schemas/2007/04/15/">2011-08-05+02:00</xkom2:EndDate>
              </oefi:RentePeriode>
              <ns1:ValutaKode xmlns:ns1="urn:oio:skat:ntse:1.0.0">DKK</ns1:ValutaKode>
              <oefi:RentePeriodeBeloeb xmlns:oefi="urn:oio:skat:efi:1.0.0">1234561234.55</oefi:RentePeriodeBeloeb>
              <oefi:RentePeriodeDKKBeloeb xmlns:oefi="urn:oio:skat:efi:1.0.0">1237891234.55</oefi:RentePeriodeDKKBeloeb>
              <oefi:RenteAarTilDatoBeloeb xmlns:oefi="urn:oio:skat:efi:1.0.0">1234891234.55</oefi:RenteAarTilDatoBeloeb>
              <oefi:RenteAarTilDatoDKKBeloeb xmlns:oefi="urn:oio:skat:efi:1.0.0">1237891234.55</oefi:RenteAarTilDatoDKKBeloeb>
            </oefiws:Fordring>
          </oefiws:FordringListe>
        </oefiws:MFUnderretRenteTilskrivningStruktur>
      </oefiws:UnderretValg>
    </oefiws:MFUnderret>
    <oefiws:MFUnderret>
      <oefi:ModtagFordringUnderretningIdentifikator xmlns:oefi="urn:oio:skat:efi:1.0.0">29</oefi:ModtagFordringUnderretningIdentifikator>
      <oefi:ModtagFordringUnderretningDatoTid xmlns:oefi="urn:oio:skat:efi:1.0.0">2011-08-05T14:37:59.951+02:00</oefi:ModtagFordringUnderretningDatoTid>
      <oefi:FordringHaverIdentifikator xmlns:oefi="urn:oio:skat:efi:1.0.0">110</oefi:FordringHaverIdentifikator>
      <oefiws:UnderretValg>
        <oefiws:MFUnderretModregningStruktur>
          <ns8:SkatKundeIdentifikator xmlns:ns8="urn:oio:skat:dmi:1.0.0"/>
          <ns8:SkatKundeTypeKode xmlns:ns8="urn:oio:skat:dmi:1.0.0">CVR</ns8:SkatKundeTypeKode>
          <oefi:MyndighedUdbetalerNavn xmlns:oefi="urn:oio:skat:efi:1.0.0">Oracle</oefi:MyndighedUdbetalerNavn>
          <oefi:MyndighedUdbetalingDato xmlns:oefi="urn:oio:skat:efi:1.0.0">2011-08-05+02:00</oefi:MyndighedUdbetalingDato>
          <oefi:MyndighedUdbetalingBeloeb xmlns:oefi="urn:oio:skat:efi:1.0.0">1</oefi:MyndighedUdbetalingBeloeb>
          <oefiws:MyndighedUdbetalingPeriodeStruktur>
            <oefi:MyndighedUdbetalingPeriode xmlns:oefi="urn:oio:skat:efi:1.0.0">
              <xkom2006:StartDate xmlns:xkom2006="http://rep.oio.dk/xkom.dk/xml/schemas/2006/09/01/">2011-08-05+02:00</xkom2006:StartDate>
              <xkom2:EndDate xmlns:xkom2="http://rep.oio.dk/xkom.dk/xml/schemas/2007/04/15/">3000-08-05+02:00</xkom2:EndDate>
            </oefi:MyndighedUdbetalingPeriode>
            <oefi:MyndighedUdbetalingPeriodeTypeKode xmlns:oefi="urn:oio:skat:efi:1.0.0">Kvartal</oefi:MyndighedUdbetalingPeriodeTypeKode>
          </oefiws:MyndighedUdbetalingPeriodeStruktur>
          <oefi:MyndighedUdbetalingTypeKode xmlns:oefi="urn:oio:skat:efi:1.0.0">XXXX</oefi:MyndighedUdbetalingTypeKode>
          <oefi:MyndighedUdbetalingKontoReference xmlns:oefi="urn:oio:skat:efi:1.0.0">KVARTAL</oefi:MyndighedUdbetalingKontoReference>
          <oefiws:FordringListe>
            <oefiws:Fordring>
              <oefi:FordringInddrivelseFordringIdentifikator xmlns:oefi="urn:oio:skat:efi:1.0.0">5220</oefi:FordringInddrivelseFordringIdentifikator>
              <oefi:FordringFordringHaverReference xmlns:oefi="urn:oio:skat:efi:1.0.0">myRef</oefi:FordringFordringHaverReference>
              <oefi:FordringInddrivelseHovedFordringIdentifikator xmlns:oefi="urn:oio:skat:efi:1.0.0">5220</oefi:FordringInddrivelseHovedFordringIdentifikator>
              <oefi:FordringProduktionEnhedIdentifikator xmlns:oefi="urn:oio:skat:efi:1.0.0">1234</oefi:FordringProduktionEnhedIdentifikator>
              <oefi:FordringTypeKode xmlns:oefi="urn:oio:skat:efi:1.0.0">7seven7</oefi:FordringTypeKode>
              <oefi:FordringTypeKategoriKode xmlns:oefi="urn:oio:skat:efi:1.0.0">HF</oefi:FordringTypeKategoriKode>
              <oefi:FordringFordringArtKode xmlns:oefi="urn:oio:skat:efi:1.0.0">INDR</oefi:FordringFordringArtKode>
              <oefiws:InddrivelseRenteDelPeriode>
                <oefi:InddrivelseRenteDelPeriode xmlns:oefi="urn:oio:skat:efi:1.0.0">
                  <xkom2006:StartDate xmlns:xkom2006="http://rep.oio.dk/xkom.dk/xml/schemas/2006/09/01/">2011-08-05+02:00</xkom2006:StartDate>
                  <xkom2:EndDate xmlns:xkom2="http://rep.oio.dk/xkom.dk/xml/schemas/2007/04/15/">2011-08-05+02:00</xkom2:EndDate>
                </oefi:InddrivelseRenteDelPeriode>
              </oefiws:InddrivelseRenteDelPeriode>
              <oefiws:ModregningsBeloeb>
                <oefiws:FordringDaekningBeloebStruktur>
                  <ns1:ValutaKode xmlns:ns1="urn:oio:skat:ntse:1.0.0">DKK</ns1:ValutaKode>
                  <oefi:FordringDaekningBeloeb xmlns:oefi="urn:oio:skat:efi:1.0.0">150</oefi:FordringDaekningBeloeb>
                  <oefi:FordringDaekningDKKBeloeb xmlns:oefi="urn:oio:skat:efi:1.0.0">102</oefi:FordringDaekningDKKBeloeb>
                </oefiws:FordringDaekningBeloebStruktur>
                <oefi:FordringDaekningDato xmlns:oefi="urn:oio:skat:efi:1.0.0">2011-08-05+02:00</oefi:FordringDaekningDato>
              </oefiws:ModregningsBeloeb>
            </oefiws:Fordring>
          </oefiws:FordringListe>
        </oefiws:MFUnderretModregningStruktur>
      </oefiws:UnderretValg>
    </oefiws:MFUnderret>
  </oefiws:UnderretSamling>
</oefiws:MFUnderretSamlingHent_O>