<?xml version="1.0" encoding="UTF-8"?>
<!--Sample XML file generated by XMLSpy v2007 (http://www.altova.com)-->
<fase2.1:JackpotUdløsningStruktur xsi:schemaLocation="http://skat.dk/begrebsmodel/2009/01/15/ JackpotUdloesningStrukturType.xsd" xmlns:fase2.1="http://skat.dk/begrebsmodel/2009/01/15/" xmlns:xsi="http://www.w3.org/2001/XMLSchema-instance">
	<fase2.1:JackpotUdløsningStruktur>
		<fase2.1:FilInformation>
			<fase2.1:SpilFilVersion>v2</fase2.1:SpilFilVersion>
			<fase2.1:SpilFilIdentifikation/>
			<fase2.1:SpilFilErstatningIdentifikation/>
		</fase2.1:FilInformation>
		<fase2.1:TilladelsesindehaverOgSpil>
			<fase2.1:SpilCertifikatIdentifikation>aaaaaaaaaaaaaaaaaaaaaaaaaaaaaaaaaaaaaaaaaaaaa</fase2.1:SpilCertifikatIdentifikation>
			<fase2.1:SpilKategoriNavn>Managerspil</fase2.1:SpilKategoriNavn>
		</fase2.1:TilladelsesindehaverOgSpil>
		<fase2.1:Jackpot>
			<fase2.1:JackpotIdentifikation>aaaaaaaaaaaaaaaaaaaaaaaaaaaaaaaaaaaaaaaaaaaaa</fase2.1:JackpotIdentifikation>
			<fase2.1:JackpotDatoTid>2001-12-17T09:30:47.0Z</fase2.1:JackpotDatoTid>
			<fase2.1:JackpotTotalGevinst>-9999999999</fase2.1:JackpotTotalGevinst>
			<fase2.1:JackpotKommissionRake>-9999999999</fase2.1:JackpotKommissionRake>
			<fase2.1:ValutaOplysningKode>AA</fase2.1:ValutaOplysningKode>
			<fase2.1:SpillerListe>
				<fase2.1:Spiller>
					<fase2.1:SpillerInformationIdentifikation>aaaaaaaaaaaaaaaaaaaaaaaaaaaaaaaaaaaaaaaaaaaaa</fase2.1:SpillerInformationIdentifikation>
					<fase2.1:JackpotGevinst>-9999999999</fase2.1:JackpotGevinst>
				</fase2.1:Spiller>
				<fase2.1:Spiller>
					<fase2.1:SpillerInformationIdentifikation>aaaaaaaaaaaaaaaaaaaaaaaaaaaaaaaaaaaaaaaaaaaaa</fase2.1:SpillerInformationIdentifikation>
					<fase2.1:JackpotGevinst>-9999999999</fase2.1:JackpotGevinst>
				</fase2.1:Spiller>
			</fase2.1:SpillerListe>
		</fase2.1:Jackpot>
	</fase2.1:JackpotUdløsningStruktur>
</fase2.1:JackpotUdløsningStruktur>
