<?xml version="1.0" encoding="UTF-8"?>
<!--Sample XML file generated by XMLSpy v2007 (http://www.altova.com)-->
<fase2.1:PuljespilStartStruktur xsi:schemaLocation="http://skat.dk/begrebsmodel/2009/01/15/ PuljespilStartStrukturType.xsd" xmlns:fase2.1="http://skat.dk/begrebsmodel/2009/01/15/" xmlns:xsi="http://www.w3.org/2001/XMLSchema-instance">
	<fase2.1:PuljespilStartStruktur>
		<fase2.1:FilInformation>
			<fase2.1:SpilFilVersion>v2</fase2.1:SpilFilVersion>
			<fase2.1:SpilFilIdentifikation/>
			<fase2.1:SpilFilErstatningIdentifikation/>
		</fase2.1:FilInformation>
		<fase2.1:TilladelsesindehaverOgSpil>
			<fase2.1:SpilCertifikatIdentifikation>aaaaaaaaaaaaaaaaaaaaaaaaaaaaaaaaaaaaaaaaaaaaa</fase2.1:SpilCertifikatIdentifikation>
			<fase2.1:SpilKategoriNavn>Managerspil</fase2.1:SpilKategoriNavn>
			<fase2.1:SpilProduktNavn>aaaaaaaaaaaaaaaaaaaaaaaaaaaaaaaaaaaaaaaaaaaaa</fase2.1:SpilProduktNavn>
			<fase2.1:SpilProduktIdentifikation/>
		</fase2.1:TilladelsesindehaverOgSpil>
		<fase2.1:GenerelPuljeNøgleListe>
			<fase2.1:GenerelPuljeNøgle>
				<fase2.1:PuljespilNøgleKampNummer>0</fase2.1:PuljespilNøgleKampNummer>
				<fase2.1:PuljespilNøgleBeskrivelse>aaaaaaaaaaaaaaaaaaaaaaaaaaaaaaaaaaaaaaaaaaaaa</fase2.1:PuljespilNøgleBeskrivelse>
				<fase2.1:PuljespilNøgleGenerel>0</fase2.1:PuljespilNøgleGenerel>
			</fase2.1:GenerelPuljeNøgle>
			<fase2.1:GenerelPuljeNøgle>
				<fase2.1:PuljespilNøgleKampNummer>0</fase2.1:PuljespilNøgleKampNummer>
				<fase2.1:PuljespilNøgleBeskrivelse>aaaaaaaaaaaaaaaaaaaaaaaaaaaaaaaaaaaaaaaaaaaaa</fase2.1:PuljespilNøgleBeskrivelse>
				<fase2.1:PuljespilNøgleGenerel>0</fase2.1:PuljespilNøgleGenerel>
			</fase2.1:GenerelPuljeNøgle>
		</fase2.1:GenerelPuljeNøgleListe>
		<fase2.1:Pulje>
			<fase2.1:SpilProduktÅbentNetværk>1</fase2.1:SpilProduktÅbentNetværk>
			<fase2.1:PuljespilGevinstPuljeProcent>123456</fase2.1:PuljespilGevinstPuljeProcent>
			<fase2.1:PuljespilAntalResultatPuljer>0</fase2.1:PuljespilAntalResultatPuljer>
			<fase2.1:PuljespilAntalKampe>12</fase2.1:PuljespilAntalKampe>
			<fase2.1:PuljespilRækkePris>-9999999999</fase2.1:PuljespilRækkePris>
			<fase2.1:SpilForventetSlutDatoTid>2001-12-17T09:30:47.0Z</fase2.1:SpilForventetSlutDatoTid>
			<fase2.1:ValutaOplysningKode>AA</fase2.1:ValutaOplysningKode>
			<fase2.1:ResultatPuljeListe>
				<fase2.1:ResultatPulje>
					<fase2.1:GevinstPuljeIdentifikation>aaaaaaaaaaaaaaaaaaaaaaaaaaaaaaaaaaaaaaaaaaaaa</fase2.1:GevinstPuljeIdentifikation>
					<fase2.1:GevinstPuljeGevinstProcent>123456</fase2.1:GevinstPuljeGevinstProcent>
					<fase2.1:GevinstPuljeOverførselPrimo>-9999999999</fase2.1:GevinstPuljeOverførselPrimo>
				</fase2.1:ResultatPulje>
				<fase2.1:ResultatPulje>
					<fase2.1:GevinstPuljeIdentifikation>aaaaaaaaaaaaaaaaaaaaaaaaaaaaaaaaaaaaaaaaaaaaa</fase2.1:GevinstPuljeIdentifikation>
					<fase2.1:GevinstPuljeGevinstProcent>123456</fase2.1:GevinstPuljeGevinstProcent>
					<fase2.1:GevinstPuljeOverførselPrimo>-9999999999</fase2.1:GevinstPuljeOverførselPrimo>
				</fase2.1:ResultatPulje>
			</fase2.1:ResultatPuljeListe>
		</fase2.1:Pulje>
	</fase2.1:PuljespilStartStruktur>
</fase2.1:PuljespilStartStruktur>
