{
  "targetNamespace" : "http://skat.dk/begrebsmodel/2022/01/01/",
  "elementFormDefault" : "qualified",
  "attributeFormDefault" : "unqualified",
  "version" : "1.0",
  "annotation" : {
    "documentation" : "Den periode i et givet år hvor en grundejer har ejet sin grund. Hvis grunden er erhvervet før årets start, vil ejerperioden starte 1. januar, og hvis den ikke afhændes inden årets udgang, slutter ejerperioden 31. december. Ved køb i årets løb vil startdatoen for Årsejerperioden være den samme som overtagelsesdatoen, og ved salg i årets løb vil slutdatoen vil være som afståelsesdatoen."
  },
  "include" : [ {
    "schemaLocation" : "../types/DatoType.json"
  }, {
    "schemaLocation" : "../types/TalHel3Type.json"
  } ],
  "element" : [ {
    "name" : "ÅrsejerperiodeStartdato",
    "type" : "skat2022:DatoType",
    "annotation" : {
      "documentation" : "Den første dag i ejerperioden i et givet IndkomstÅr.  Hvis ejendommen er erhvervet før IndkomstÅrets begyndelse, er Startdatoen 1. januar i IndkomstÅret."
    }
  }, {
    "name" : "ÅrsejerperiodeSlutDato",
    "type" : "skat2022:DatoType",
    "annotation" : {
      "documentation" : "Den sidste dag i ejerperioden i et givet IndkomstÅr. Hvis ejendommen bliver afhændet før IndkomstÅrets afslutning, er Slutdatoen 31. december i IndkomstÅret."
    }
  }, {
    "name" : "ÅrsejerperiodeAntalDage",
    "type" : "skat2022:TalHel3Type",
    "annotation" : {
      "documentation" : "Antallet af dage i et givet år et ejendomsejerskab gælder. Beregnes ud fra et år på 360 dage, dvs. 30 dage pr. måned uanset månedens faktiske længde."
    }
  } ]
}