{
  "targetNamespace" : "http://skat.dk/begrebsmodel/2022/01/01/",
  "elementFormDefault" : "qualified",
  "attributeFormDefault" : "unqualified",
  "version" : "1.0",
  "annotation" : {
    "documentation" : "Grundskyld fordelt på ejerfohold, dvs på ejerandel og Årsejerperiode.  Med andre ord: den grundskyld, som en ejer skal betale for en given ejerandel i en ejendom i et givet IndkomstÅr."
  },
  "include" : {
    "schemaLocation" : "../types/BeloebType.json"
  },
  "element" : [ {
    "name" : "EjerfordeltGrundskyldBeløb",
    "type" : "skat2022:BeløbType",
    "annotation" : {
      "documentation" : "Den beregnede grundskyld for et givet ejerfohold i et givet IndkomstÅr, d.v.s. hvor der er indregnet ejerandel og Årsejerperiode, men ikke en evt. rabat."
    }
  }, {
    "name" : "EjerfordeltGrundskyldRabatBeløb",
    "type" : "skat2022:BeløbType",
    "annotation" : {
      "documentation" : "Den grundskyldsrabat, som gives til ejeren for et givet ejerforhold."
    }
  }, {
    "name" : "EjerfordeltGrundskyldBeløbEfterRabat",
    "type" : "skat2022:BeløbType",
    "annotation" : {
      "documentation" : "Det beløb som skal opkræves i grundskyld for et givet ejerfohold i et givet IndkomstÅr, d.v.s. hvor der er indregnet ejerandel og Årsejerperiode samt evt. rabat."
    }
  } ]
}