{
  "targetNamespace" : "http://skat.dk/begrebsmodel/2022/01/01/",
  "elementFormDefault" : "qualified",
  "version" : "1.0",
  "simpleType" : {
    "name" : "TekstKortType",
    "annotation" : {
      "documentation" : "En mindre tekst - typisk et eller få ord - som unikt giver mulighed for identifikationen af et givet begreb.  I nogle sammenhænge er det også brugt til mindre forklaringer (sætningsniveau)"
    },
    "restriction" : {
      "base" : "xs:string",
      "minLength" : {
        "value" : "0"
      },
      "maxLength" : {
        "value" : "100"
      },
      "whiteSpace" : {
        "value" : "preserve"
      }
    }
  }
}