<?xml version="1.0" encoding="utf-8"?>
<Metadata xmlns="http://rep.oio.dk/infostructurebase/schemas/2004/09/13/">
	<Title>AarligSkatteoplysningForskudSkatBeloeb</Title>
	<DescriptionStructure>
		<DescriptionEnglish/>
		<DescriptionDanish>Det beløb der reelt er indeholdt som forskudsskat for en person, som har lønindeholdelse.</DescriptionDanish>
	</DescriptionStructure>
	<LabelStructure><LabelDanish>AarligSkatteoplysningForskudSkatBeloeb</LabelDanish></LabelStructure>
	<Version>1.0.0</Version>
</Metadata>
