<?xml version="1.0" encoding="utf-8"?>
<Metadata xmlns="http://rep.oio.dk/infostructurebase/schemas/2004/09/13/">
	<Title>AktierSpecifikationUdbytteEjDkAktierEjMarkedBeloeb</Title>
	<DescriptionStructure>
		<DescriptionEnglish/>
		<DescriptionDanish>Beløb i rubrik 62 udgør udbytte fra danske aktier, der er optaget til handel på et reguleret marked og udlodning/udlodningsandele, der er aktieindkomst fra danske investeringsforeninger. Udbytte/udlodning med videre skal kun skrives i rubrik 62, når det ikke er medtaget i rubrik 61. Alle omsættelige investeringsforeningsbeviser anses for optaget til handel på et reguleret marked. Det gælder, uanset hvornår de er anskaffet. Udbytte af danske aktier optaget til handel på et reguleret marked, der ikke er i dansk depot. Udlodning/udlodningsandele, der er aktieindkomst fra danske minimumsudloddende og akkumulerende, omsættelige investeringsforeninger, der ikke er investeringsselskaber, og ikke er i dansk depot. Udbytter fra danske aktier optaget til handel på et reguleret marked og ovenstående typer af investeringsforeninger, når investeringsforeningsbeviset er omsætteligt, hvor der er flere end to ejere.</DescriptionDanish>
	</DescriptionStructure>
	<LabelStructure><LabelDanish>AktierSpecifikationUdbytteEjDkAktierEjMarkedBeloeb</LabelDanish></LabelStructure>
	<Version>1.0.0</Version>
</Metadata>
