<?xml version="1.0" encoding="utf-8"?>
<Metadata xmlns="http://rep.oio.dk/infostructurebase/schemas/2004/09/13/">
	<Title>EjendomAngivelseDelvisUdlejningsdageKvantitet</Title>
	<DescriptionStructure>
		<DescriptionEnglish/>
		<DescriptionDanish>Udleje af en del af boligen (værelsesudlejning) i antal dage.</DescriptionDanish>
	</DescriptionStructure>
	<LabelStructure><LabelDanish>EjendomAngivelseDelvisUdlejningsdageKvantitet</LabelDanish></LabelStructure>
	<Version>1.0.0</Version>
</Metadata>
