<?xml version="1.0" encoding="utf-8"?>
<Metadata xmlns="http://rep.oio.dk/infostructurebase/schemas/2004/09/13/">
	<Title>EjendomsavanceGenanbringelsePlaceringKode</Title>
	<DescriptionStructure>
		<DescriptionEnglish/>
		<DescriptionDanish>Placering af genanbragt ejendomsavance (ejendom i eller udenfor Danmark)  Felt 650</DescriptionDanish>
	</DescriptionStructure>
	<LabelStructure><LabelDanish>EjendomsavanceGenanbringelsePlaceringKode</LabelDanish></LabelStructure>
	<Version>1.0.0</Version>
</Metadata>
