<?xml version="1.0" encoding="utf-8"?>
<Metadata xmlns="http://rep.oio.dk/infostructurebase/schemas/2004/09/13/">
	<Title>KapitalindkomstGevinstTabObligationerMarkedBeloeb</Title>
	<DescriptionStructure>
		<DescriptionEnglish/>
		<DescriptionDanish>Beløbet i rubrikken skal omfatte:  - Gevinst og tab på obligationer i danske kroner, som du har købt efter den 26. januar 2010. Har du købt dem den 1. januar 2011 eller senere, kan du kun trække tab fra, hvis SKAT har fået oplysninger om købet. - Gevinst og tab på obligationer i fremmed valuta. Har du købt dem den 1. januar 2011 eller senere, kan du kun trække tab fra, hvis SKAT har fået oplysninger om købet. - Gevinst på obligationer i danske kroner købt inden 27. januar 2010, som ikke opfyldte mindsterentekravet på udstedelsestidspunktet. Du kan ikke trække tab fra. - Gevinst og tab på visse strukturerede obligationer i fremmed valuta, som ikke beskattes som finansielle kontrakter. - Gevinst og visse tab på visse strukturerede obligationer i danske kroner, der ikke beskattes som finansielle kontrakter. Du kan ikke trække tab fra, hvis du har købt obligationerne før den 27. januar 2010.</DescriptionDanish>
	</DescriptionStructure>
	<LabelStructure><LabelDanish>KapitalindkomstGevinstTabObligationerMarkedBeloeb</LabelDanish></LabelStructure>
	<Version>1.0.0</Version>
</Metadata>
