<?xml version="1.0" encoding="utf-8"?>
<Metadata xmlns="http://rep.oio.dk/infostructurebase/schemas/2004/09/13/">
	<Title>KapitalindkomstAndenGaeldSURenteudgiftBeloeb</Title>
	<DescriptionStructure>
		<DescriptionEnglish/>
		<DescriptionDanish>Beløbet i rubrikken skal omfatte:  - Renter af statsgaranterede studielån i et pengeinstitut - Renteudgifter af pantebreve, der ikke er i depot  - Renteudgifter af øvrig gæld til private   - Udgifter til stiftelsesprovisioner - Andre renteudgifter, som giver ret til fradrag, og som SKAT ikke automatisk får oplyst</DescriptionDanish>
	</DescriptionStructure>
	<LabelStructure><LabelDanish>KapitalindkomstAndenGaeldSURenteudgiftBeloeb</LabelDanish></LabelStructure>
	<Version>1.0.0</Version>
</Metadata>
