<?xml version="1.0" encoding="utf-8"?>
<Metadata xmlns="http://rep.oio.dk/infostructurebase/schemas/2004/09/13/">
	<Title>KapitalindkomstStudielaanRenteudgiftBeloeb</Title>
	<DescriptionStructure>
		<DescriptionEnglish/>
		<DescriptionDanish>Beløb der udgør renteudgifter af studielån fra Økonomistyrelsen</DescriptionDanish>
	</DescriptionStructure>
	<LabelStructure><LabelDanish>KapitalindkomstStudielaanRenteudgiftBeloeb</LabelDanish></LabelStructure>
	<Version>1.0.0</Version>
</Metadata>
