<?xml version="1.0" encoding="utf-8"?>
<Metadata xmlns="http://rep.oio.dk/infostructurebase/schemas/2004/09/13/">
	<Title>PersonligIndkomstOverfoertKonjunkturUdligningProcent</Title>
	<DescriptionStructure>
		<DescriptionEnglish/>
		<DescriptionDanish>Beløb der er overført fra konto for konjunkturudligning tillagt konkunkturudligningsskat med:  -  34% (Gældenden for indkomstårene 1993-1998). Beløbet skal omfatte det hævede beløb inklusiv den foreløbige betalte skat. -  32% (Gældenden for indkomstårene 1999-2000). Beløbet skal omfatte det hævede beløb inklusiv den foreløbige betalte skat. -  30% (Gældenden for indkomstårene 2001-2004). Beløbet skal omfatte det hævede beløb inklusiv den foreløbige betalte skat. -  28% (Gældenden for indkomstårene 2005-2006). Beløbet skal omfatte det hævede beløb inklusiv den foreløbige betalte skat. -  25% (Gældenden for indkomstårene 2007 og fremover). Beløbet skal omfatte det hævede beløb inklusiv den foreløbige betalte skat.</DescriptionDanish>
	</DescriptionStructure>
	<LabelStructure><LabelDanish>PersonligIndkomstOverfoertKonjunkturUdligningProcent</LabelDanish></LabelStructure>
	<Version>1.0.0</Version>
</Metadata>
