<?xml version="1.0" encoding="utf-8"?>
<Metadata xmlns="http://rep.oio.dk/infostructurebase/schemas/2004/09/13/">
	<Title>PersonligIndkomstFradragIndbetalingFoerPensionsordningBeloeb</Title>
	<DescriptionStructure>
		<DescriptionEnglish/>
		<DescriptionDanish>Beløbet i rubrikken skal omfatte:  - Den del af indbetalingen fra før 1, januar 2010, som du ifølge overgangsreglerne har fradragsret for i 2011.</DescriptionDanish>
	</DescriptionStructure>
	<LabelStructure><LabelDanish>PersonligIndkomstFradragIndbetalingFoerPensionsordningBeloeb</LabelDanish></LabelStructure>
	<Version>1.0.0</Version>
</Metadata>
