<?xml version="1.0" encoding="utf-8"?>
<Metadata xmlns="http://rep.oio.dk/infostructurebase/schemas/2004/09/13/">
	<Title>PersonligIndkomstRenteIndtaegtVirksomhedBeloeb</Title>
	<DescriptionStructure>
		<DescriptionEnglish/>
		<DescriptionDanish>Beløb der udgør virksomhedens samlede renteindtægter og virksomhedens skattepligtige kursgevinster.</DescriptionDanish>
	</DescriptionStructure>
	<LabelStructure><LabelDanish>PersonligIndkomstRenteIndtaegtVirksomhedBeloeb</LabelDanish></LabelStructure>
	<Version>1.0.0</Version>
</Metadata>
