<?xml version="1.0" encoding="utf-8"?>
<Metadata xmlns="http://rep.oio.dk/infostructurebase/schemas/2004/09/13/">
	<Title>UdenlandskEjendomBeskatningKode</Title>
	<DescriptionStructure>
		<DescriptionEnglish/>
		<DescriptionDanish>En kode som angiver en særregel for beskatning af en udenlandsk ejendom. Disse særregeler vil typisk knytte sig til en dobbeltbeskatningsaftaler. Koden anvendes ikke for danske ejendomme.
Koder:
0: ingen/blank
1: Fransk ejendom købt til og med 29.11.07
2: Fransk ejendom købt efter 29.11.07 </DescriptionDanish>
	</DescriptionStructure>
	<LabelStructure><LabelDanish>UdenlandskEjendomBeskatningKode</LabelDanish></LabelStructure>
	<Version>1.0.0</Version>
</Metadata>
