﻿<?xml version="1.0" encoding="utf-8" standalone="yes"?>
<conversion>
	<element>
		<from namespace="http://skat.dk/begrebsmodel/2012/01/01/" name="AktierSpecifikationGevinstTabAktierMarked"/>
		<to namespace="urn:oio:skat:selvangivelse:1.0.0" name="AktierSpecifikationGevinstTabAktierMarkedBeloeb" schemaLocation="http://digitaliser.dk/resource/2608580/artefact/AktierSpecifikationGevinstTabAktierMarkedBeloeb.xsd"/>
	</element>
	<element>
		<from namespace="http://skat.dk/begrebsmodel/2012/01/01/" name="AktierSpecifikationUdbytteDkAktierEjMarked"/>
		<to namespace="urn:oio:skat:selvangivelse:1.0.0" name="AktierSpecifikationUdbytteDkAktierEjMarkedBeloeb" schemaLocation="http://digitaliser.dk/resource/2608593/artefact/AktierSpecifikationUdbytteDkAktierEjMarkedBeloeb.xsd"/>
	</element>
	<element>
		<from namespace="http://skat.dk/begrebsmodel/2012/01/01/" name="AktierSpecifikationUdbytteDkAktierMarked"/>
		<to namespace="urn:oio:skat:selvangivelse:1.0.0" name="AktierSpecifikationUdbytteDkAktierMarkedBeloeb" schemaLocation="http://digitaliser.dk/resource/2608604/artefact/AktierSpecifikationUdbytteDkAktierMarkedBeloeb.xsd"/>
	</element>
	<element>
		<from namespace="http://skat.dk/begrebsmodel/2012/01/01/" name="AktierSpecifikationUdbytteEjDkAktierEjMarked"/>
		<to namespace="urn:oio:skat:selvangivelse:1.0.0" name="AktierSpecifikationUdbytteEjDkAktierEjMarkedBeloeb" schemaLocation="http://digitaliser.dk/resource/2608615/artefact/AktierSpecifikationUdbytteEjDkAktierEjMarkedBeloeb.xsd"/>
	</element>
	<element>
		<from namespace="http://skat.dk/begrebsmodel/2012/01/01/" name="AktierSpecifikationUdbytteEjDkAktierMarked"/>
		<to namespace="urn:oio:skat:selvangivelse:1.0.0" name="AktierSpecifikationUdbytteEjDkAktierMarkedBeloeb" schemaLocation="http://digitaliser.dk/resource/2608626/artefact/AktierSpecifikationUdbytteEjDkAktierMarkedBeloeb.xsd"/>
	</element>
	<element>
		<from namespace="http://skat.dk/begrebsmodel/2012/01/01/" name="AktierSpecifikationUdbytteEjUdbytteSkat"/>
		<to namespace="urn:oio:skat:selvangivelse:1.0.0" name="AktierSpecifikationUdbytteEjUdbytteSkatBeloeb" schemaLocation="http://digitaliser.dk/resource/2608638/artefact/AktierSpecifikationUdbytteEjUdbytteSkatBeloeb.xsd"/>
	</element>
	<element>
		<from namespace="http://skat.dk/begrebsmodel/2012/01/01/" name="AktierSpecifikationUdbytteUdenlandskAktierMarked"/>
		<to namespace="urn:oio:skat:selvangivelse:1.0.0" name="AktierSpecifikationUdbytteUdenlandskAktierMarkedBeloeb" schemaLocation="http://digitaliser.dk/resource/2608652/artefact/AktierSpecifikationUdbytteUdenlandskAktierMarkedBeloeb.xsd"/>
	</element>
	<element>
		<from namespace="http://skat.dk/begrebsmodel/2012/01/01/" name="AktierSpecifikationUdbytteUdlodningEjUdbytteSkat"/>
		<to namespace="urn:oio:skat:selvangivelse:1.0.0" name="AktierSpecifikationUdbytteUdlodningEjUdbytteSkatBeloeb" schemaLocation="http://digitaliser.dk/resource/2608668/artefact/AktierSpecifikationUdbytteUdlodningEjUdbytteSkatBeloeb.xsd"/>
	</element>
	<element>
		<from namespace="http://skat.dk/begrebsmodel/2012/01/01/" name="AlternativAdresseAdresseLinie1"/>
		<to namespace="http://rep.oio.dk/ebxml/xml/schemas/dkcc/2005/05/19/" name="PostalAddressFirstLineText" schemaLocation="http://digitaliser.dk/resource/6448/artefact/DKCC_PostalAddressFirstLineText.xsd"/>
	</element>
	<element>
		<from namespace="http://skat.dk/begrebsmodel/2012/01/01/" name="AlternativAdresseAdresseLinie2"/>
		<to namespace="http://rep.oio.dk/ebxml/xml/schemas/dkcc/2005/05/19/" name="PostalAddressSecondLineText" schemaLocation="http://digitaliser.dk/resource/5909/artefact/DKCC_PostalAddressSecondLineText.xsd"/>
	</element>
	<element>
		<from namespace="http://skat.dk/begrebsmodel/2012/01/01/" name="AlternativAdresseAdresseLinie3"/>
		<to namespace="http://rep.oio.dk/ebxml/xml/schemas/dkcc/2005/05/19/" name="PostalAddressThirdLineText" schemaLocation="http://digitaliser.dk/resource/1572/artefact/DKCC_PostalAddressThirdLineText.xsd"/>
	</element>
	<element>
		<from namespace="http://skat.dk/begrebsmodel/2012/01/01/" name="AlternativAdresseAdresseLinie4"/>
		<to namespace="http://rep.oio.dk/ebxml/xml/schemas/dkcc/2005/05/19/" name="PostalAddressFourthLineText" schemaLocation="http://digitaliser.dk/resource/4045/artefact/DKCC_PostalAddressFourthLineText.xsd"/>
	</element>
	<element>
		<from namespace="http://skat.dk/begrebsmodel/2012/01/01/" name="AlternativAdresseAdresseLinie5"/>
		<to namespace="http://rep.oio.dk/ebxml/xml/schemas/dkcc/2005/05/19/" name="PostalAddressFifthLineText" schemaLocation="http://digitaliser.dk/resource/6906/artefact/DKCC_PostalAddressFifthLineText.xsd"/>
	</element>
	<element>
		<from namespace="http://skat.dk/begrebsmodel/2012/01/01/" name="AlternativAdresseAdresseLinie6"/>
		<to namespace="http://rep.oio.dk/ebxml/xml/schemas/dkcc/2005/05/19/" name="PostalAddressSixthLineText" schemaLocation="http://digitaliser.dk/resource/4722/artefact/DKCC_PostalAddressSixthLineText.xsd"/>
	</element>
	<element>
		<from namespace="http://skat.dk/begrebsmodel/2012/01/01/" name="AlternativAdresseAdresseLinie7"/>
		<to namespace="urn:oio:skat:selvangivelse:1.0.0" name="AlternativAdresseAdresseLinie7Text" schemaLocation="http://digitaliser.dk/resource/2547941/artefact/AlternativAdresseAdresseLinie7Text.xsd"/>
	</element>
	<element>
		<from namespace="http://skat.dk/begrebsmodel/2012/01/01/" name="ArbejdsgiverAdministreretBidragIndskudPåAlderpension"/>
		<to namespace="urn:oio:skat:selvangivelse:1.0.0" name="ArbejdsgiverAdministreretBidragIndskudPaaAlderpensionBeloebTekst" schemaLocation="http://digitaliser.dk/resource/2606411/artefact/ArbejdsgiverAdministreretBidragIndskudPaaAlderpensionBeloebTekst.xsd"/>
	</element>
	<element>
		<from namespace="http://skat.dk/begrebsmodel/2012/01/01/" name="BefordringsFradragBeløb"/>
		<to namespace="urn:oio:skat:selvangivelse:1.0.0" name="BefordringsFradragBeloebTekst" schemaLocation="http://digitaliser.dk/resource/2547236/artefact/BefordringsFradragBeloebTekst.xsd"/>
	</element>
	<element>
		<from namespace="http://skat.dk/begrebsmodel/2012/01/01/" name="BeskæftigelsesFradragBeløb"/>
		<to namespace="urn:oio:skat:selvangivelse:1.0.0" name="BeskaeftigelsesFradragBeloebTekst" schemaLocation="http://digitaliser.dk/resource/2547245/artefact/BeskaeftigelsesFradragBeloebTekst.xsd"/>
	</element>
	<element>
		<from namespace="http://skat.dk/begrebsmodel/2012/01/01/" name="BlanketFeltNummer"/>
		<to namespace="http://rep.oio.dk/skat.dk/eindkomst/class/blanketfelt/xml/schemas/20071202/" name="BlanketFeltNummerIdentifikator" schemaLocation="http://digitaliser.dk/resource/2307/artefact/SKAT_BlanketFeltNummerIdentifikator.xsd"/>
	</element>
	<element>
		<from namespace="http://skat.dk/begrebsmodel/2012/01/01/" name="DelårSpecifikationBiblioteksAfgift"/>
		<to namespace="urn:oio:skat:selvangivelse:1.0.0" name="DelaarSpecifikationBiblioteksafgiftBeloeb" schemaLocation="http://digitaliser.dk/resource/2608706/artefact/DelaarSpecifikationBiblioteksafgiftBeloeb.xsd"/>
	</element>
	<element>
		<from namespace="http://skat.dk/begrebsmodel/2012/01/01/" name="DummyMarkering"/>
		<to namespace="urn:oio:skat:selvangivelse:1.0.0" name="DummyMarkeringIndikator" schemaLocation="http://digitaliser.dk/resource/2547546/artefact/DummyMarkeringIndikator.xsd"/>
	</element>
	<element>
		<from namespace="http://skat.dk/begrebsmodel/2012/01/01/" name="EjendomAngivelseDelvisUdlejningsandel"/>
		<to namespace="urn:oio:skat:selvangivelse:1.0.0" name="EjendomAngivelseDelvisUdlejningsandelProcent" schemaLocation="http://digitaliser.dk/resource/2608755/artefact/EjendomAngivelseDelvisUdlejningsandelProcent.xsd"/>
	</element>
	<element>
		<from namespace="http://skat.dk/begrebsmodel/2012/01/01/" name="EjendomAngivelseDelvisUdlejningsdage"/>
		<to namespace="urn:oio:skat:selvangivelse:1.0.0" name="EjendomAngivelseDelvisUdlejningsdageKvantitet" schemaLocation="http://digitaliser.dk/resource/2608954/artefact/EjendomAngivelseDelvisUdlejningsdageKvantitet.xsd"/>
	</element>
	<element>
		<from namespace="http://skat.dk/begrebsmodel/2012/01/01/" name="EjendomAngivelseEjendomstype"/>
		<to namespace="urn:oio:skat:selvangivelse:1.0.0" name="EjendomAngivelseEjendomstypeKode" schemaLocation="http://digitaliser.dk/resource/2608965/artefact/EjendomAngivelseEjendomstypeKode.xsd"/>
	</element>
	<element>
		<from namespace="http://skat.dk/begrebsmodel/2012/01/01/" name="EjendomAngivelseEjerandel"/>
		<to namespace="urn:oio:skat:selvangivelse:1.0.0" name="EjendomAngivelseEjerandelProcent" schemaLocation="http://digitaliser.dk/resource/2608976/artefact/EjendomAngivelseEjerandelProcent.xsd"/>
	</element>
	<element>
		<from namespace="http://skat.dk/begrebsmodel/2012/01/01/" name="EjendomAngivelseErhvervetFør1998"/>
		<to namespace="urn:oio:skat:selvangivelse:1.0.0" name="EjendomAngivelseErhvervetFoerOtteoghalvfemsIndikator" schemaLocation="http://digitaliser.dk/resource/2608987/artefact/EjendomAngivelseErhvervetFoerOtteoghalvfemsIndikator.xsd"/>
	</element>
	<element>
		<from namespace="http://skat.dk/begrebsmodel/2012/01/01/" name="EjendomAngivelseErhvervsanvendelsesandel"/>
		<to namespace="urn:oio:skat:selvangivelse:1.0.0" name="EjendomAngivelseErhvervsanvendelsesandelProcent" schemaLocation="http://digitaliser.dk/resource/2608998/artefact/EjendomAngivelseErhvervsanvendelsesandelProcent.xsd"/>
	</element>
	<element>
		<from namespace="http://skat.dk/begrebsmodel/2012/01/01/" name="EjendomAngivelseErhvervsanvendelsesdage"/>
		<to namespace="urn:oio:skat:selvangivelse:1.0.0" name="EjendomAngivelseErhvervsanvendelsesdageKvantitet" schemaLocation="http://digitaliser.dk/resource/2609009/artefact/EjendomAngivelseErhvervsanvendelsesdageKvantitet.xsd"/>
	</element>
	<element>
		<from namespace="http://skat.dk/begrebsmodel/2012/01/01/" name="EjendomAngivelseErhvervsudlejningsdage"/>
		<to namespace="urn:oio:skat:selvangivelse:1.0.0" name="EjendomAngivelseErhvervsudlejningsdageKvantitet" schemaLocation="http://digitaliser.dk/resource/2609020/artefact/EjendomAngivelseErhvervsudlejningsdageKvantitet.xsd"/>
	</element>
	<element>
		<from namespace="http://skat.dk/begrebsmodel/2012/01/01/" name="EjendomAngivelseHelUdlejningsdage"/>
		<to namespace="urn:oio:skat:selvangivelse:1.0.0" name="EjendomAngivelseHelUdlejningsdageKvantitet" schemaLocation="http://digitaliser.dk/resource/2609031/artefact/EjendomAngivelseHelUdlejningsdageKvantitet.xsd"/>
	</element>
	<element>
		<from namespace="http://skat.dk/begrebsmodel/2012/01/01/" name="EjendomAngivelseIndflytningEfterIndkomstår"/>
		<to namespace="urn:oio:skat:selvangivelse:1.0.0" name="EjendomAngivelseIndflytningEfterIndkomstaarIndikator" schemaLocation="http://digitaliser.dk/resource/2609041/artefact/EjendomAngivelseIndflytningEfterIndkomstaarIndikator.xsd"/>
	</element>
	<element>
		<from namespace="http://skat.dk/begrebsmodel/2012/01/01/" name="EjendomAngivelseIndflytningsdato"/>
		<to namespace="urn:oio:skat:selvangivelse:1.0.0" name="EjendomAngivelseIndflytningDato" schemaLocation="http://digitaliser.dk/resource/2609052/artefact/EjendomAngivelseIndflytningDato.xsd"/>
	</element>
	<element>
		<from namespace="http://skat.dk/begrebsmodel/2012/01/01/" name="EjendomAngivelseKøberOvertagelsesdato"/>
		<to namespace="urn:oio:skat:selvangivelse:1.0.0" name="EjendomAngivelseKoeberOvertagelseDato" schemaLocation="http://digitaliser.dk/resource/2609063/artefact/EjendomAngivelseKoeberOvertagelseDato.xsd"/>
	</element>
	<element>
		<from namespace="http://skat.dk/begrebsmodel/2012/01/01/" name="EjendomAngivelseOvertagelsesdato"/>
		<to namespace="urn:oio:skat:selvangivelse:1.0.0" name="EjendomAngivelseOvertagelseDato" schemaLocation="http://digitaliser.dk/resource/2609074/artefact/EjendomAngivelseOvertagelseDato.xsd"/>
	</element>
	<element>
		<from namespace="http://skat.dk/begrebsmodel/2012/01/01/" name="EjendomAngivelseUbeboeligdage"/>
		<to namespace="urn:oio:skat:selvangivelse:1.0.0" name="EjendomAngivelseUbeboeligdageKvantitet" schemaLocation="http://digitaliser.dk/resource/2609085/artefact/EjendomAngivelseUbeboeligdageKvantitet.xsd"/>
	</element>
	<element>
		<from namespace="http://skat.dk/begrebsmodel/2012/01/01/" name="EjendomAngivelseUdflytningsdato"/>
		<to namespace="urn:oio:skat:selvangivelse:1.0.0" name="EjendomAngivelseUdflytningDato" schemaLocation="http://digitaliser.dk/resource/2609096/artefact/EjendomAngivelseUdflytningDato.xsd"/>
	</element>
	<element>
		<from namespace="http://skat.dk/begrebsmodel/2012/01/01/" name="EjendomNummer"/>
		<to namespace="http://rep.oio.dk/bbr.dk/xml/schemas/2005/03/11/" name="MunicipalRealPropertyIdentifier" schemaLocation="http://digitaliser.dk/resource/5760/artefact/BBR_MunicipalRealPropertyIdentifier.xsd"/>
	</element>
	<element>
		<from namespace="http://skat.dk/begrebsmodel/2012/01/01/" name="EjendomsavanceAngivelseGenanbringelsePlacering"/>
		<to namespace="urn:oio:skat:selvangivelse:1.0.0" name="EjendomsavanceGenanbringelsePlaceringKode" schemaLocation="http://digitaliser.dk/resource/2608733/artefact/EjendomsavanceGenanbringelsePlaceringKode.xsd"/>
	</element>
	<element>
		<from namespace="http://skat.dk/begrebsmodel/2012/01/01/" name="FastEjendomTabBeløb"/>
		<to namespace="urn:oio:skat:selvangivelse:1.0.0" name="FastEjendomTabBeloebTekst" schemaLocation="http://digitaliser.dk/resource/2547200/artefact/FastEjendomTabBeloebTekst.xsd"/>
	</element>
	<element>
		<from namespace="http://skat.dk/begrebsmodel/2012/01/01/" name="KapitalIndkomstAndenGældSURenteudgift"/>
		<to namespace="urn:oio:skat:selvangivelse:1.0.0" name="KapitalindkomstAndenGaeldSURenteudgiftBeloeb" schemaLocation="http://digitaliser.dk/resource/2609107/artefact/KapitalindkomstAndenGaeldSURenteudgiftBeloeb.xsd"/>
	</element>
	<element>
		<from namespace="http://skat.dk/begrebsmodel/2012/01/01/" name="KapitalIndkomstAndenKapitalIndkomst"/>
		<to namespace="urn:oio:skat:selvangivelse:1.0.0" name="KapitalIndkomstAndenKapitalIndkomstBeloebTekst" schemaLocation="http://digitaliser.dk/resource/2609183/artefact/KapitalIndkomstAndenKapitalIndkomstBeloebTekst.xsd"/>
	</element>
	<element>
		<from namespace="http://skat.dk/begrebsmodel/2012/01/01/" name="KapitalIndkomstAndenKapitalIndkomstVirksomhed"/>
		<to namespace="urn:oio:skat:selvangivelse:1.0.0" name="KapitalindkomstAndenKapitalindkomstVirksomhedBeloeb" schemaLocation="http://digitaliser.dk/resource/2609194/artefact/KapitalindkomstAndenKapitalindkomstVirksomhedBeloeb.xsd"/>
	</element>
	<element>
		<from namespace="http://skat.dk/begrebsmodel/2012/01/01/" name="KapitalIndkomstEjendomsAvance"/>
		<to namespace="urn:oio:skat:selvangivelse:1.0.0" name="KapitalindkomstEjendomsavanceBeloeb" schemaLocation="http://digitaliser.dk/resource/2609205/artefact/KapitalindkomstEjendomsavanceBeloeb.xsd"/>
	</element>
	<element>
		<from namespace="http://skat.dk/begrebsmodel/2012/01/01/" name="KapitalIndkomstFinansielleKontrakter"/>
		<to namespace="urn:oio:skat:selvangivelse:1.0.0" name="KapitalIndkomstFinansielleKontrakterBeloebTekst" schemaLocation="http://digitaliser.dk/resource/2609216/artefact/KapitalIndkomstFinansielleKontrakterBeloebTekst.xsd"/>
	</element>
	<element>
		<from namespace="http://skat.dk/begrebsmodel/2012/01/01/" name="KapitalIndkomstGevinstTabAktierBevisInvesteringsSelskab"/>
		<to namespace="urn:oio:skat:selvangivelse:1.0.0" name="KapitalIndkomstGevinstTabAktierBevisInvesteringsSelskabBeloebTekst" schemaLocation="http://digitaliser.dk/resource/2609227/artefact/KapitalIndkomstGevinstTabAktierBevisInvesteringsSelskabBeloebTekst.xsd"/>
	</element>
	<element>
		<from namespace="http://skat.dk/begrebsmodel/2012/01/01/" name="KapitalIndkomstGevinstTabObligationerEjMarked"/>
		<to namespace="urn:oio:skat:selvangivelse:1.0.0" name="KapitalIndkomstGevinstTabObligationerEjMarkedBeloebTekst" schemaLocation="http://digitaliser.dk/resource/2609238/artefact/KapitalIndkomstGevinstTabObligationerEjMarkedBeloebTekst.xsd"/>
	</element>
	<element>
		<from namespace="http://skat.dk/begrebsmodel/2012/01/01/" name="KapitalIndkomstGevinstTabObligationerInvesteringForening"/>
		<to namespace="urn:oio:skat:selvangivelse:1.0.0" name="KapitalIndkomstGevinstTabObligationerInvesteringForeningBeloebTekst" schemaLocation="http://digitaliser.dk/resource/2609249/artefact/KapitalIndkomstGevinstTabObligationerInvesteringForeningBeloebTekst.xsd"/>
	</element>
	<element>
		<from namespace="http://skat.dk/begrebsmodel/2012/01/01/" name="KapitalIndkomstGevinstTabObligationerMarked"/>
		<to namespace="urn:oio:skat:selvangivelse:1.0.0" name="KapitalIndkomstGevinstTabObligationerMarkedBeloebTekst" schemaLocation="http://digitaliser.dk/resource/2609260/artefact/KapitalIndkomstGevinstTabObligationerMarkedBeloebTekst.xsd"/>
	</element>
	<element>
		<from namespace="http://skat.dk/begrebsmodel/2012/01/01/" name="KapitalIndkomstKapitalafkastOrdningen"/>
		<to namespace="urn:oio:skat:selvangivelse:1.0.0" name="KapitalindkomstKapitalafkastordningenBeloeb" schemaLocation="http://digitaliser.dk/resource/2609271/artefact/KapitalindkomstKapitalafkastordningenBeloeb.xsd"/>
	</element>
	<element>
		<from namespace="http://skat.dk/begrebsmodel/2012/01/01/" name="KapitalIndkomstKapitalafkastVirksomhedOrdningen"/>
		<to namespace="urn:oio:skat:selvangivelse:1.0.0" name="KapitalindkomstKapitalafkastVirksomhedordningenBeloeb" schemaLocation="http://digitaliser.dk/resource/2609281/artefact/KapitalindkomstKapitalafkastVirksomhedordningenBeloeb.xsd"/>
	</element>
	<element>
		<from namespace="http://skat.dk/begrebsmodel/2012/01/01/" name="KapitalIndkomstNettoLejeIndtægt"/>
		<to namespace="urn:oio:skat:selvangivelse:1.0.0" name="KapitalIndkomstNettoLejeIndtaegtBeloebTekst" schemaLocation="http://digitaliser.dk/resource/2609291/artefact/KapitalIndkomstNettoLejeIndtaegtBeloebTekst.xsd"/>
	</element>
	<element>
		<from namespace="http://skat.dk/begrebsmodel/2012/01/01/" name="KapitalIndkomstOverskudOphørSkibsVirksomhed"/>
		<to namespace="urn:oio:skat:selvangivelse:1.0.0" name="KapitalindkomstOverskudOphoerSkibsvirksomhedBeloeb" schemaLocation="http://digitaliser.dk/resource/2609302/artefact/KapitalindkomstOverskudOphoerSkibsvirksomhedBeloeb.xsd"/>
	</element>
	<element>
		<from namespace="http://skat.dk/begrebsmodel/2012/01/01/" name="KapitalIndkomstOverskudSkibsVirksomhed"/>
		<to namespace="urn:oio:skat:selvangivelse:1.0.0" name="KapitalindkomstOverskudSkibsvirksomhedBeloeb" schemaLocation="http://digitaliser.dk/resource/2609313/artefact/KapitalindkomstOverskudSkibsvirksomhedBeloeb.xsd"/>
	</element>
	<element>
		<from namespace="http://skat.dk/begrebsmodel/2012/01/01/" name="KapitalIndkomstPengeinstitutRenteudgift"/>
		<to namespace="urn:oio:skat:selvangivelse:1.0.0" name="KapitalindkomstPengeinstitutRenteudgiftBeloeb" schemaLocation="http://digitaliser.dk/resource/2609324/artefact/KapitalindkomstPengeinstitutRenteudgiftBeloeb.xsd"/>
	</element>
	<element>
		<from namespace="http://skat.dk/begrebsmodel/2012/01/01/" name="KapitalIndkomstRealkreditinstitutRenteudgift"/>
		<to namespace="urn:oio:skat:selvangivelse:1.0.0" name="KapitalindkomstRealkreditinstitutRenteudgiftBeloeb" schemaLocation="http://digitaliser.dk/resource/2609335/artefact/KapitalindkomstRealkreditinstitutRenteudgiftBeloeb.xsd"/>
	</element>
	<element>
		<from namespace="http://skat.dk/begrebsmodel/2012/01/01/" name="KapitalIndkomstRenteIndtægt"/>
		<to namespace="urn:oio:skat:selvangivelse:1.0.0" name="KapitalIndkomstRenteIndtaegtBeloebTekst" schemaLocation="http://digitaliser.dk/resource/2609346/artefact/KapitalIndkomstRenteIndtaegtBeloebTekst.xsd"/>
	</element>
	<element>
		<from namespace="http://skat.dk/begrebsmodel/2012/01/01/" name="KapitalIndkomstRentekorrektion"/>
		<to namespace="urn:oio:skat:selvangivelse:1.0.0" name="KapitalindkomstRentekorrektionBeloeb" schemaLocation="http://digitaliser.dk/resource/2609889/artefact/KapitalindkomstRentekorrektionBeloeb.xsd"/>
	</element>
	<element>
		<from namespace="http://skat.dk/begrebsmodel/2012/01/01/" name="KapitalIndkomstReserveFondsUdlodningVærdiStigning"/>
		<to namespace="urn:oio:skat:selvangivelse:1.0.0" name="KapitalIndkomstReserveFondsUdlodningVaerdiStigningBeloebTekst" schemaLocation="http://digitaliser.dk/resource/2609860/artefact/KapitalIndkomstReserveFondsUdlodningVaerdiStigningBeloebTekst.xsd"/>
	</element>
	<element>
		<from namespace="http://skat.dk/begrebsmodel/2012/01/01/" name="KapitalIndkomstStudielånRenteudgift"/>
		<to namespace="urn:oio:skat:selvangivelse:1.0.0" name="KapitalindkomstStudielaanRenteudgiftBeloeb" schemaLocation="http://digitaliser.dk/resource/2610459/artefact/KapitalindkomstStudielaanRenteudgiftBeloeb.xsd"/>
	</element>
	<element>
		<from namespace="http://skat.dk/begrebsmodel/2012/01/01/" name="KapitalIndkomstUdbytteUdlodningInvesteringsForening"/>
		<to namespace="urn:oio:skat:selvangivelse:1.0.0" name="KapitalIndkomstUdbytteUdlodningInvesteringsForeningBeloebTekst" schemaLocation="http://digitaliser.dk/resource/2609872/artefact/KapitalIndkomstUdbytteUdlodningInvesteringsForeningBeloebTekst.xsd"/>
	</element>
	<element>
		<from namespace="http://skat.dk/begrebsmodel/2012/01/01/" name="KapitalIndkomstUdlodningInvesteringsForeningVirksomhed"/>
		<to namespace="urn:oio:skat:selvangivelse:1.0.0" name="KapitalindkomstUdlodningInvesteringsforeningVirksomhedBeloeb" schemaLocation="http://digitaliser.dk/resource/2610470/artefact/KapitalindkomstUdlodningInvesteringsforeningVirksomhedBeloeb.xsd"/>
	</element>
	<element>
		<from namespace="http://skat.dk/begrebsmodel/2012/01/01/" name="KapitalIndkomstVirksomhedRenteudgift"/>
		<to namespace="urn:oio:skat:selvangivelse:1.0.0" name="KapitalindkomstVirksomhedRenteudgiftBeloeb" schemaLocation="http://digitaliser.dk/resource/2610481/artefact/KapitalindkomstVirksomhedRenteudgiftBeloeb.xsd"/>
	</element>
	<element>
		<from namespace="http://skat.dk/begrebsmodel/2012/01/01/" name="LandKode"/>
		<to namespace="http://rep.oio.dk/ebxml/xml/schemas/dkcc/2003/02/13/" name="CountryIdentificationCode" schemaLocation="http://digitaliser.dk/resource/3166/artefact/DKCC_CountryIdentificationCode.xsd"/>
	</element>
	<element>
		<from namespace="http://skat.dk/begrebsmodel/2012/01/01/" name="LigningsmæssigtFradragAkasse"/>
		<to namespace="urn:oio:skat:selvangivelse:1.0.0" name="LigningsmaessigtFradragAkasseBeloebTekst" schemaLocation="http://digitaliser.dk/resource/2547227/artefact/LigningsmaessigtFradragAkasseBeloebTekst.xsd"/>
	</element>
	<element>
		<from namespace="http://skat.dk/begrebsmodel/2012/01/01/" name="LigningsmæssigtFradragBørneDagplejereFiskere"/>
		<to namespace="urn:oio:skat:selvangivelse:1.0.0" name="LigningsmaessigtFradragBoerneDagplejereFiskereBeloebTekst" schemaLocation="http://digitaliser.dk/resource/2547254/artefact/LigningsmaessigtFradragBoerneDagplejereFiskereBeloebTekst.xsd"/>
	</element>
	<element>
		<from namespace="http://skat.dk/begrebsmodel/2012/01/01/" name="LigningsmæssigtFradragFagligtKontingent"/>
		<to namespace="urn:oio:skat:selvangivelse:1.0.0" name="LigningsmaessigtFradragFagligtKontingentBeloebTekst" schemaLocation="http://digitaliser.dk/resource/2547263/artefact/LigningsmaessigtFradragFagligtKontingentBeloebTekst.xsd"/>
	</element>
	<element>
		<from namespace="http://skat.dk/begrebsmodel/2012/01/01/" name="LigningsmæssigtFradragGaverForeninger"/>
		<to namespace="urn:oio:skat:selvangivelse:1.0.0" name="LigningsmaessigtFradragGaverForeningerBeloebTekst" schemaLocation="http://digitaliser.dk/resource/2547272/artefact/LigningsmaessigtFradragGaverForeningerBeloebTekst.xsd"/>
	</element>
	<element>
		<from namespace="http://skat.dk/begrebsmodel/2012/01/01/" name="LigningsmæssigtFradragGaverKulturForskning"/>
		<to namespace="urn:oio:skat:selvangivelse:1.0.0" name="LigningsmaessigtFradragGaverKulturForskningBeloebTekst" schemaLocation="http://digitaliser.dk/resource/2547281/artefact/LigningsmaessigtFradragGaverKulturForskningBeloebTekst.xsd"/>
	</element>
	<element>
		<from namespace="http://skat.dk/begrebsmodel/2012/01/01/" name="LigningsmæssigtFradragIndskudEtableringsKonto"/>
		<to namespace="urn:oio:skat:selvangivelse:1.0.0" name="LigningsmaessigtFradragIndskudEtableringsKontoBeloebTekst" schemaLocation="http://digitaliser.dk/resource/2547290/artefact/LigningsmaessigtFradragIndskudEtableringsKontoBeloebTekst.xsd"/>
	</element>
	<element>
		<from namespace="http://skat.dk/begrebsmodel/2012/01/01/" name="LigningsmæssigtFradragKontingentVirksomhed"/>
		<to namespace="urn:oio:skat:selvangivelse:1.0.0" name="LigningsmaessigtFradragKontingentVirksomhedBeloebTekst" schemaLocation="http://digitaliser.dk/resource/2547299/artefact/LigningsmaessigtFradragKontingentVirksomhedBeloebTekst.xsd"/>
	</element>
	<element>
		<from namespace="http://skat.dk/begrebsmodel/2012/01/01/" name="LigningsmæssigtFradragLøbendeYdelserForeninger"/>
		<to namespace="urn:oio:skat:selvangivelse:1.0.0" name="LigningsmaessigtFradragLoebendeYdelserForeningerBeloebTekst" schemaLocation="http://digitaliser.dk/resource/2547308/artefact/LigningsmaessigtFradragLoebendeYdelserForeningerBeloebTekst.xsd"/>
	</element>
	<element>
		<from namespace="http://skat.dk/begrebsmodel/2012/01/01/" name="LigningsmæssigtFradragRejseUdgifter"/>
		<to namespace="urn:oio:skat:selvangivelse:1.0.0" name="LigningsmaessigtFradragRejseUdgifterBeloebTekst" schemaLocation="http://digitaliser.dk/resource/2547317/artefact/LigningsmaessigtFradragRejseUdgifterBeloebTekst.xsd"/>
	</element>
	<element>
		<from namespace="http://skat.dk/begrebsmodel/2012/01/01/" name="LigningsmæssigtFradragUdgifterFrededeBygninger"/>
		<to namespace="urn:oio:skat:selvangivelse:1.0.0" name="LigningsmaessigtFradragUdgifterFrededeBygningerBeloebTekst" schemaLocation="http://digitaliser.dk/resource/2547378/artefact/LigningsmaessigtFradragUdgifterFrededeBygningerBeloebTekst.xsd"/>
	</element>
	<element>
		<from namespace="http://skat.dk/begrebsmodel/2012/01/01/" name="LigningsmæssigtFradragUdgifterServiceFradrag"/>
		<to namespace="urn:oio:skat:selvangivelse:1.0.0" name="LigningsmaessigtFradragUdgifterServiceFradragBeloebTekst" schemaLocation="http://digitaliser.dk/resource/2547387/artefact/LigningsmaessigtFradragUdgifterServiceFradragBeloebTekst.xsd"/>
	</element>
	<element>
		<from namespace="http://skat.dk/begrebsmodel/2012/01/01/" name="LigningsmæssigtFradragUnderholdsBidragBørneBidrag"/>
		<to namespace="urn:oio:skat:selvangivelse:1.0.0" name="LigningmaessigFradragUnderholdsbidragBoernebidragBeloeb" schemaLocation="http://digitaliser.dk/resource/2547396/artefact/LigningmaessigFradragUnderholdsbidragBoernebidragBeloeb.xsd"/>
	</element>
	<element>
		<from namespace="http://skat.dk/begrebsmodel/2012/01/01/" name="LigningsmæssigtFradragØvrigeLønmodtagerUdgifter"/>
		<to namespace="urn:oio:skat:selvangivelse:1.0.0" name="LigningsmaessigtFradragOEvrigeLoenmodtagerUdgifterBeloebTekst" schemaLocation="http://digitaliser.dk/resource/2547405/artefact/LigningsmaessigtFradragOEvrigeLoenmodtagerUdgifterBeloebTekst.xsd"/>
	</element>
	<element>
		<from namespace="http://skat.dk/begrebsmodel/2012/01/01/" name="MyndighedNummer"/>
		<to namespace="http://rep.oio.dk/cpr.dk/xml/schemas/core/2005/03/18/" name="AuthorityCode" schemaLocation="http://digitaliser.dk/resource/1042/artefact/CPR_AuthorityCode.xsd"/>
	</element>
	<element>
		<from namespace="http://skat.dk/begrebsmodel/2012/01/01/" name="PersonCPRNummer"/>
		<to namespace="http://rep.oio.dk/cpr.dk/xml/schemas/core/2005/03/18/" name="PersonCivilRegistrationIdentifier" schemaLocation="http://digitaliser.dk/resource/3541/artefact/CPR_PersonCivilRegistrationIdentifier.xsd"/>
	</element>
	<element>
		<from namespace="http://skat.dk/begrebsmodel/2012/01/01/" name="PersonFødselDato"/>
		<to namespace="http://rep.oio.dk/ebxml/xml/schemas/dkcc/2005/03/15/" name="BirthDate" schemaLocation="http://digitaliser.dk/resource/6189/artefact/DKCC_BirthDate.xsd"/>
	</element>
	<element>
		<from namespace="http://skat.dk/begrebsmodel/2012/01/01/" name="PersonligIndkomstAndenPersonligIndkomst"/>
		<to namespace="urn:oio:skat:selvangivelse:1.0.0" name="PersonligIndkomstAndenPersonligIndkomstBeloebTekst" schemaLocation="http://digitaliser.dk/resource/2609398/artefact/PersonligIndkomstAndenPersonligIndkomstBeloebTekst.xsd"/>
	</element>
	<element>
		<from namespace="http://skat.dk/begrebsmodel/2012/01/01/" name="PersonligIndkomstAndenPersonligIndkomstEfterAMBidrag"/>
		<to namespace="urn:oio:skat:selvangivelse:1.0.0" name="PersonligIndkomstAndenPersonligIndkomstEfterAMBidragBeloeb" schemaLocation="http://digitaliser.dk/resource/2609410/artefact/PersonligIndkomstAndenPersonligIndkomstEfterAMBidragBeloeb.xsd"/>
	</element>
	<element>
		<from namespace="http://skat.dk/begrebsmodel/2012/01/01/" name="PersonligIndkomstFradragGæsteStuderendeEfter"/>
		<to namespace="urn:oio:skat:selvangivelse:1.0.0" name="PersonligIndkomstFradragGaesteStuderendeEfterBeloeb" schemaLocation="http://digitaliser.dk/resource/2609421/artefact/PersonligIndkomstFradragGaesteStuderendeEfterBeloeb.xsd"/>
	</element>
	<element>
		<from namespace="http://skat.dk/begrebsmodel/2012/01/01/" name="PersonligIndkomstFradragGæsteStuderendeFør"/>
		<to namespace="urn:oio:skat:selvangivelse:1.0.0" name="PersonligIndkomstFradragGaesteStuderendeFoerBeloeb" schemaLocation="http://digitaliser.dk/resource/2609432/artefact/PersonligIndkomstFradragGaesteStuderendeFoerBeloeb.xsd"/>
	</element>
	<element>
		<from namespace="http://skat.dk/begrebsmodel/2012/01/01/" name="PersonligIndkomstFradragIndbetalingFørPensionsOrdning"/>
		<to namespace="urn:oio:skat:selvangivelse:1.0.0" name="PersonligIndkomstFradragIndbetalingFoerPensionsOrdningBeloeb" schemaLocation="http://digitaliser.dk/resource/2609443/artefact/PersonligIndkomstFradragIndbetalingFoerPensionsOrdningBeloeb.xsd"/>
	</element>
	<element>
		<from namespace="http://skat.dk/begrebsmodel/2012/01/01/" name="PersonligIndkomstFradragIndskudIværksætterKonto"/>
		<to namespace="urn:oio:skat:selvangivelse:1.0.0" name="PersonligIndkomstFradragIndskudIvaerksaetterKontoBeloeb" schemaLocation="http://digitaliser.dk/resource/2609519/artefact/PersonligIndkomstFradragIndskudIvaerksaetterKontoBeloeb.xsd"/>
	</element>
	<element>
		<from namespace="http://skat.dk/begrebsmodel/2012/01/01/" name="PersonligIndkomstFradragMedarbejdendeÆgtefælle"/>
		<to namespace="urn:oio:skat:selvangivelse:1.0.0" name="PersonligIndkomstFradragMedarbejdendeAegtefaelleBeloeb" schemaLocation="http://digitaliser.dk/resource/2609530/artefact/PersonligIndkomstFradragMedarbejdendeAegtefaelleBeloeb.xsd"/>
	</element>
	<element>
		<from namespace="http://skat.dk/begrebsmodel/2012/01/01/" name="PersonligIndkomstGruppeLivsForsikringLegatPersonaleGoder"/>
		<to namespace="urn:oio:skat:selvangivelse:1.0.0" name="PersonligIndkomstGruppeLivsForsikringLegatPersonaleGoderBeloebTekst" schemaLocation="http://digitaliser.dk/resource/2606422/artefact/PersonligIndkomstGruppeLivsForsikringLegatPersonaleGoderBeloebTekst.xsd"/>
	</element>
	<element>
		<from namespace="http://skat.dk/begrebsmodel/2012/01/01/" name="PersonligIndkomstHonorar"/>
		<to namespace="urn:oio:skat:selvangivelse:1.0.0" name="PersonligIndkomstHonorarBeloebTekst" schemaLocation="http://digitaliser.dk/resource/2608744/artefact/PersonligIndkomstHonorarBeloebTekst.xsd"/>
	</element>
	<element>
		<from namespace="http://skat.dk/begrebsmodel/2012/01/01/" name="PersonligIndkomstHonorarEfterAMBidrag"/>
		<to namespace="urn:oio:skat:selvangivelse:1.0.0" name="PersonligIndkomstHonorarEfterAMBidragBeloeb" schemaLocation="http://digitaliser.dk/resource/2548330/artefact/PersonligIndkomstHonorarEfterAMBidragBeloeb.xsd"/>
	</element>
	<element>
		<from namespace="http://skat.dk/begrebsmodel/2012/01/01/" name="PersonligIndkomstHædersGaver"/>
		<to namespace="urn:oio:skat:selvangivelse:1.0.0" name="PersonligIndkomstHaedersGaverBeloebTekst" schemaLocation="http://digitaliser.dk/resource/2609541/artefact/PersonligIndkomstHaedersGaverBeloebTekst.xsd"/>
	</element>
	<element>
		<from namespace="http://skat.dk/begrebsmodel/2012/01/01/" name="PersonligIndkomstHævningEtableringsKonto"/>
		<to namespace="urn:oio:skat:selvangivelse:1.0.0" name="PersonligIndkomstHaevningEtableringsKontoBeloebTekst" schemaLocation="http://digitaliser.dk/resource/2609553/artefact/PersonligIndkomstHaevningEtableringsKontoBeloebTekst.xsd"/>
	</element>
	<element>
		<from namespace="http://skat.dk/begrebsmodel/2012/01/01/" name="PersonligIndkomstHævningIværksætterKonto"/>
		<to namespace="urn:oio:skat:selvangivelse:1.0.0" name="PersonligIndkomstHaevningIvaerksaetterKontoBeloebTekst" schemaLocation="http://digitaliser.dk/resource/2609565/artefact/PersonligIndkomstHaevningIvaerksaetterKontoBeloebTekst.xsd"/>
	</element>
	<element>
		<from namespace="http://skat.dk/begrebsmodel/2012/01/01/" name="PersonligIndkomstIndkomstVirksomhedsBeskatning"/>
		<to namespace="urn:oio:skat:selvangivelse:1.0.0" name="PersonligIndkomstIndkomstVirksomhedsBeskatningBeloeb" schemaLocation="http://digitaliser.dk/resource/2609578/artefact/PersonligIndkomstIndkomstVirksomhedsBeskatningBeloeb.xsd"/>
	</element>
	<element>
		<from namespace="http://skat.dk/begrebsmodel/2012/01/01/" name="PersonligIndkomstIndkomstVirksomhedsBeskatningEfterAM"/>
		<to namespace="urn:oio:skat:selvangivelse:1.0.0" name="PersonligIndkomstIndkomstVirksomhedsBeskatningEfterAMBeloeb" schemaLocation="http://digitaliser.dk/resource/2609589/artefact/PersonligIndkomstIndkomstVirksomhedsBeskatningEfterAMBeloeb.xsd"/>
	</element>
	<element>
		<from namespace="http://skat.dk/begrebsmodel/2012/01/01/" name="PersonligIndkomstJubilæumsGratialeFratrædelsesGodtgørelse"/>
		<to namespace="urn:oio:skat:selvangivelse:1.0.0" name="PersonligIndkomstJubilaeumsGratialeFratraedelsesGodtgoerelseBeloebTekst" schemaLocation="http://digitaliser.dk/resource/2609600/artefact/PersonligIndkomstJubilaeumsGratialeFratraedelsesGodtgoerelseBeloebTekst.xsd"/>
	</element>
	<element>
		<from namespace="http://skat.dk/begrebsmodel/2012/01/01/" name="PersonligIndkomstJubilæumsGratialeFratrædelsesGodtgørelseEfterAMBidrag"/>
		<to namespace="urn:oio:skat:selvangivelse:1.0.0" name="PersonligIndkomstJubilaeumsGratialeFratraedelsesGodtgoerelseEfterAMBidragBeloebTekst" schemaLocation="http://digitaliser.dk/resource/2547423/artefact/PersonligIndkomstJubilaeumsGratialeFratraedelsesGodtgoerelseEfterAMBidragBeloebTekst.xsd"/>
	</element>
	<element>
		<from namespace="http://skat.dk/begrebsmodel/2012/01/01/" name="PersonligIndkomstKapitalafkastAktierAnparter"/>
		<to namespace="urn:oio:skat:selvangivelse:1.0.0" name="PersonligIndkomstKapitalafkastAktierAnparterBeloebTekst" schemaLocation="http://digitaliser.dk/resource/2609612/artefact/PersonligIndkomstKapitalafkastAktierAnparterBeloebTekst.xsd"/>
	</element>
	<element>
		<from namespace="http://skat.dk/begrebsmodel/2012/01/01/" name="PersonligIndkomstLønIndkomst"/>
		<to namespace="urn:oio:skat:selvangivelse:1.0.0" name="PersonligIndkomstLoenIndkomstBeloebTekst" schemaLocation="http://digitaliser.dk/resource/2609624/artefact/PersonligIndkomstLoenIndkomstBeloebTekst.xsd"/>
	</element>
	<element>
		<from namespace="http://skat.dk/begrebsmodel/2012/01/01/" name="PersonligIndkomstLønIndkomstEfterAM"/>
		<to namespace="urn:oio:skat:selvangivelse:1.0.0" name="PersonligIndkomstLoenIndkomstEfterAMBeloeb" schemaLocation="http://digitaliser.dk/resource/2609636/artefact/PersonligIndkomstLoenIndkomstEfterAMBeloeb.xsd"/>
	</element>
	<element>
		<from namespace="http://skat.dk/begrebsmodel/2012/01/01/" name="PersonligIndkomstOverførtKonjunkturUdligning"/>
		<to namespace="urn:oio:skat:selvangivelse:1.0.0" name="PersonligIndkomstOverfoertKonjunkturUdligningBeloeb" schemaLocation="http://digitaliser.dk/resource/2609748/artefact/PersonligIndkomstOverfoertKonjunkturUdligningBeloeb.xsd"/>
	</element>
	<element>
		<from namespace="http://skat.dk/begrebsmodel/2012/01/01/" name="PersonligIndkomstOverførtKonjunkturUdligningProcent"/>
		<to namespace="urn:oio:skat:selvangivelse:1.0.0" name="PersonligIndkomstOverfoertKonjunkturUdligningProcent" schemaLocation="http://digitaliser.dk/resource/2609760/artefact/PersonligIndkomstOverfoertKonjunkturUdligningProcent.xsd"/>
	</element>
	<element>
		<from namespace="http://skat.dk/begrebsmodel/2012/01/01/" name="PersonligIndkomstOverførtKonjunkturUdligningSum"/>
		<to namespace="urn:oio:skat:selvangivelse:1.0.0" name="PersonligIndkomstOverfoertKonjunkturUdligningSumBeloeb" schemaLocation="http://digitaliser.dk/resource/2609771/artefact/PersonligIndkomstOverfoertKonjunkturUdligningSumBeloeb.xsd"/>
	</element>
	<element>
		<from namespace="http://skat.dk/begrebsmodel/2012/01/01/" name="PersonligIndkomstOverførtOpsparetOverskud"/>
		<to namespace="urn:oio:skat:selvangivelse:1.0.0" name="PersonligIndkomstOverfoertOpsparetOverskudBeloeb" schemaLocation="http://digitaliser.dk/resource/2609782/artefact/PersonligIndkomstOverfoertOpsparetOverskudBeloeb.xsd"/>
	</element>
	<element>
		<from namespace="http://skat.dk/begrebsmodel/2012/01/01/" name="PersonligIndkomstOverførtOpsparetOverskudProcent"/>
		<to namespace="urn:oio:skat:selvangivelse:1.0.0" name="PersonligIndkomstOverfoertOpsparetOverskudProcent" schemaLocation="http://digitaliser.dk/resource/2609793/artefact/PersonligIndkomstOverfoertOpsparetOverskudProcent.xsd"/>
	</element>
	<element>
		<from namespace="http://skat.dk/begrebsmodel/2012/01/01/" name="PersonligIndkomstOverførtOpsparetOverskudSum"/>
		<to namespace="urn:oio:skat:selvangivelse:1.0.0" name="PersonligIndkomstOverfoertOpsparetOverskudSumBeloeb" schemaLocation="http://digitaliser.dk/resource/2609803/artefact/PersonligIndkomstOverfoertOpsparetOverskudSumBeloeb.xsd"/>
	</element>
	<element>
		<from namespace="http://skat.dk/begrebsmodel/2012/01/01/" name="PersonligIndkomstOverskudVirksomhedUdlejningEjendom"/>
		<to namespace="urn:oio:skat:selvangivelse:1.0.0" name="PersonligIndkomstOverskudVirksomhedUdlejningEjendomBeloeb" schemaLocation="http://digitaliser.dk/resource/2609647/artefact/PersonligIndkomstOverskudVirksomhedUdlejningEjendomBeloeb.xsd"/>
	</element>
	<element>
		<from namespace="http://skat.dk/begrebsmodel/2012/01/01/" name="PersonligIndkomstPensionDagpengeStipendie"/>
		<to namespace="urn:oio:skat:selvangivelse:1.0.0" name="PersonligIndkomstPensionDagpengeStipendieBeloebTekst" schemaLocation="http://digitaliser.dk/resource/2609658/artefact/PersonligIndkomstPensionDagpengeStipendieBeloebTekst.xsd"/>
	</element>
	<element>
		<from namespace="http://skat.dk/begrebsmodel/2012/01/01/" name="PersonligIndkomstPrivatDagplejeHushjælp"/>
		<to namespace="urn:oio:skat:selvangivelse:1.0.0" name="PersonligIndkomstPrivatDagplejeHushjaelpBeloebTekst" schemaLocation="http://digitaliser.dk/resource/2609670/artefact/PersonligIndkomstPrivatDagplejeHushjaelpBeloebTekst.xsd"/>
	</element>
	<element>
		<from namespace="http://skat.dk/begrebsmodel/2012/01/01/" name="PersonligIndkomstPrivatDagplejeHushjælpEfterAMBidrag"/>
		<to namespace="urn:oio:skat:selvangivelse:1.0.0" name="PersonligIndkomstPrivatDagplejeHushjaelpEfterAMBidragBeloebTekst" schemaLocation="http://digitaliser.dk/resource/2548339/artefact/PersonligIndkomstPrivatDagplejeHushjaelpEfterAMBidragBeloebTekst.xsd"/>
	</element>
	<element>
		<from namespace="http://skat.dk/begrebsmodel/2012/01/01/" name="PersonligIndkomstPrivatLivsvarigPensionsOrdning"/>
		<to namespace="urn:oio:skat:selvangivelse:1.0.0" name="PersonligIndkomstPrivatLivsvarigPensionsOrdningBeloeb" schemaLocation="http://digitaliser.dk/resource/2609681/artefact/PersonligIndkomstPrivatLivsvarigPensionsOrdningBeloeb.xsd"/>
	</element>
	<element>
		<from namespace="http://skat.dk/begrebsmodel/2012/01/01/" name="PersonligIndkomstRenteIndtægtVirksomhed"/>
		<to namespace="urn:oio:skat:selvangivelse:1.0.0" name="PersonligIndkomstRenteIndtaegtVirksomhedBeloeb" schemaLocation="http://digitaliser.dk/resource/2609692/artefact/PersonligIndkomstRenteIndtaegtVirksomhedBeloeb.xsd"/>
	</element>
	<element>
		<from namespace="http://skat.dk/begrebsmodel/2012/01/01/" name="PersonligIndkomstTilbageBetalingKontantHjælpIntroYdelse"/>
		<to namespace="urn:oio:skat:selvangivelse:1.0.0" name="PersonligIndkomstTilbageBetalingKontantHjaelpIntroYdelseBeloeb" schemaLocation="http://digitaliser.dk/resource/2609703/artefact/PersonligIndkomstTilbageBetalingKontantHjaelpIntroYdelseBeloeb.xsd"/>
	</element>
	<element>
		<from namespace="http://skat.dk/begrebsmodel/2012/01/01/" name="PersonligIndkomstTotalEfterAMBidrag"/>
		<to namespace="urn:oio:skat:selvangivelse:1.0.0" name="PersonligIndkomstTotalEfterAMBidragBeloebTekst" schemaLocation="http://digitaliser.dk/resource/2547432/artefact/PersonligIndkomstTotalEfterAMBidragBeloebTekst.xsd"/>
	</element>
	<element>
		<from namespace="http://skat.dk/begrebsmodel/2012/01/01/" name="PersonligIndkomstUnderholdsbidrag"/>
		<to namespace="urn:oio:skat:selvangivelse:1.0.0" name="PersonligIndkomstUnderholdsbidragBeloebTekst" schemaLocation="http://digitaliser.dk/resource/2609714/artefact/PersonligIndkomstUnderholdsbidragBeloebTekst.xsd"/>
	</element>
	<element>
		<from namespace="http://skat.dk/begrebsmodel/2012/01/01/" name="PersonligIndkomstUnderskudVirksomhed"/>
		<to namespace="urn:oio:skat:selvangivelse:1.0.0" name="PersonligIndkomstUnderskudVirksomhedBeloeb" schemaLocation="http://digitaliser.dk/resource/2609726/artefact/PersonligIndkomstUnderskudVirksomhedBeloeb.xsd"/>
	</element>
	<element>
		<from namespace="http://skat.dk/begrebsmodel/2012/01/01/" name="PersonligIndkomstVirksomhedsBeskatningKonjunktur"/>
		<to namespace="urn:oio:skat:selvangivelse:1.0.0" name="PersonligIndkomstVirksomhedsBeskatningKonjunkturBeloeb" schemaLocation="http://digitaliser.dk/resource/2609737/artefact/PersonligIndkomstVirksomhedsBeskatningKonjunkturBeloeb.xsd"/>
	</element>
	<element>
		<from namespace="http://skat.dk/begrebsmodel/2012/01/01/" name="PersonligIndkomstØvrigeFradragPersonligIndkomst"/>
		<to namespace="urn:oio:skat:selvangivelse:1.0.0" name="PersonligIndkomstOevrigeFradragPersonligIndkomstBeloeb" schemaLocation="http://digitaliser.dk/resource/2609387/artefact/PersonligIndkomstOevrigeFradragPersonligIndkomstBeloeb.xsd"/>
	</element>
	<element>
		<from namespace="http://skat.dk/begrebsmodel/2012/01/01/" name="PersonNavnEfterNavn"/>
		<to namespace="http://rep.oio.dk/ebxml/xml/schemas/dkcc/2003/02/13/" name="PersonSurnameName" schemaLocation="http://digitaliser.dk/resource/1123/artefact/DKCC_PersonSurnameName.xsd"/>
	</element>
	<element>
		<from namespace="http://skat.dk/begrebsmodel/2012/01/01/" name="PersonNavnForNavn"/>
		<to namespace="http://rep.oio.dk/ebxml/xml/schemas/dkcc/2003/02/13/" name="PersonGivenName" schemaLocation="http://digitaliser.dk/resource/4823/artefact/DKCC_PersonGivenName.xsd"/>
	</element>
	<element>
		<from namespace="http://skat.dk/begrebsmodel/2012/01/01/" name="PersonSelvangivelseBeskatningsordning"/>
		<to namespace="urn:oio:skat:selvangivelse:1.0.0" name="PersonSelvangivelseBeskatningsordningKode" schemaLocation="http://digitaliser.dk/resource/2610492/artefact/PersonSelvangivelseBeskatningsordningKode.xsd"/>
	</element>
	<element>
		<from namespace="http://skat.dk/begrebsmodel/2012/01/01/" name="PersonSelvangivelseEjendomsoplysningAccept"/>
		<to namespace="urn:oio:skat:selvangivelse:1.0.0" name="PersonSelvangivelseEjendomsoplysningAcceptIndikator" schemaLocation="http://digitaliser.dk/resource/2610503/artefact/PersonSelvangivelseEjendomsoplysningAcceptIndikator.xsd"/>
	</element>
	<element>
		<from namespace="http://skat.dk/begrebsmodel/2012/01/01/" name="PersonSelvangivelseEjendomsoplysningSupplement"/>
		<to namespace="urn:oio:skat:selvangivelse:1.0.0" name="PersonSelvangivelseEjendomsoplysningSupplementIndikator" schemaLocation="http://digitaliser.dk/resource/2610514/artefact/PersonSelvangivelseEjendomsoplysningSupplementIndikator.xsd"/>
	</element>
	<element>
		<from namespace="http://skat.dk/begrebsmodel/2012/01/01/" name="PersonSelvangivelseFradragHelårsomregning"/>
		<to namespace="urn:oio:skat:selvangivelse:1.0.0" name="PersonSelvangivelseFradragHelaarsomregningIndikator" schemaLocation="http://digitaliser.dk/resource/2610525/artefact/PersonSelvangivelseFradragHelaarsomregningIndikator.xsd"/>
	</element>
	<element>
		<from namespace="http://skat.dk/begrebsmodel/2012/01/01/" name="PersonSelvangivelseHenstandsbegæring"/>
		<to namespace="urn:oio:skat:selvangivelse:1.0.0" name="PersonSelvangivelseHenstandsbegaeringIndikator" schemaLocation="http://digitaliser.dk/resource/2610536/artefact/PersonSelvangivelseHenstandsbegaeringIndikator.xsd"/>
	</element>
	<element>
		<from namespace="http://skat.dk/begrebsmodel/2012/01/01/" name="PersonSelvangivelseIndkomstÅr"/>
		<to namespace="http://rep.oio.dk/oib/dato.tid.maal/xml.schema/" name="AarIdentifikator" schemaLocation="http://digitaliser.dk/resource/7439/artefact/AarIdentifikator_20080901.xsd"/>
	</element>
	<element>
		<from namespace="http://skat.dk/begrebsmodel/2012/01/01/" name="PersonSelvangivelseRevisorindberetning"/>
		<to namespace="urn:oio:skat:selvangivelse:1.0.0" name="PersonSelvangivelseRevisorindberetningIndikator" schemaLocation="http://digitaliser.dk/resource/2610547/artefact/PersonSelvangivelseRevisorindberetningIndikator.xsd"/>
	</element>
	<element>
		<from namespace="http://skat.dk/begrebsmodel/2012/01/01/" name="PersonSelvangivelseVirksomhedOphør"/>
		<to namespace="urn:oio:skat:selvangivelse:1.0.0" name="PersonSelvangivelseVirksomhedOphoerIndikator" schemaLocation="http://digitaliser.dk/resource/2610558/artefact/PersonSelvangivelseVirksomhedOphoerIndikator.xsd"/>
	</element>
	<element>
		<from namespace="http://skat.dk/begrebsmodel/2012/01/01/" name="PersonSelvangivelseVirksomhedOphørTidligere"/>
		<to namespace="urn:oio:skat:selvangivelse:1.0.0" name="PersonSelvangivelseVirksomhedOphoerTidligereIndikator" schemaLocation="http://digitaliser.dk/resource/2610569/artefact/PersonSelvangivelseVirksomhedOphoerTidligereIndikator.xsd"/>
	</element>
	<element>
		<from namespace="http://skat.dk/begrebsmodel/2012/01/01/" name="RegnskabAngivelseGældseftergivelse"/>
		<to namespace="urn:oio:skat:selvangivelse:1.0.0" name="RegnskabAngivelseGaeldseftergivelseIndikator" schemaLocation="http://digitaliser.dk/resource/2610580/artefact/RegnskabAngivelseGaeldseftergivelseIndikator.xsd"/>
	</element>
	<element>
		<from namespace="http://skat.dk/begrebsmodel/2012/01/01/" name="RegnskabAngivelseOplysningsfritagelse"/>
		<to namespace="urn:oio:skat:selvangivelse:1.0.0" name="RegnskabAngivelseOplysningsfritagelseIndikator" schemaLocation="http://digitaliser.dk/resource/2610591/artefact/RegnskabAngivelseOplysningsfritagelseIndikator.xsd"/>
	</element>
	<element>
		<from namespace="http://skat.dk/begrebsmodel/2012/01/01/" name="RegnskabAngivelseOplysningsfritagelseÅrsag"/>
		<to namespace="urn:oio:skat:selvangivelse:1.0.0" name="RegnskabAngivelseOplysningsfritagelseAarsagKode" schemaLocation="http://digitaliser.dk/resource/2610602/artefact/RegnskabAngivelseOplysningsfritagelseAarsagKode.xsd"/>
	</element>
	<element>
		<from namespace="http://skat.dk/begrebsmodel/2012/01/01/" name="RegnskabAngivelsePrivateAndeleArt"/>
		<to namespace="urn:oio:skat:selvangivelse:1.0.0" name="RegnskabAngivelsePrivateAndeleArtKode" schemaLocation="http://digitaliser.dk/resource/2610613/artefact/RegnskabAngivelsePrivateAndeleArtKode.xsd"/>
	</element>
	<element>
		<from namespace="http://skat.dk/begrebsmodel/2012/01/01/" name="RegnskabAngivelseRevisorbistand"/>
		<to namespace="urn:oio:skat:selvangivelse:1.0.0" name="RegnskabAngivelseRevisorbistandIndikator" schemaLocation="http://digitaliser.dk/resource/2610625/artefact/RegnskabAngivelseRevisorbistandIndikator.xsd"/>
	</element>
	<element>
		<from namespace="http://skat.dk/begrebsmodel/2012/01/01/" name="RegnskabAngivelseRevisorbistandArt"/>
		<to namespace="urn:oio:skat:selvangivelse:1.0.0" name="RegnskabAngivelseRevisorbistandArtKode" schemaLocation="http://digitaliser.dk/resource/2610636/artefact/RegnskabAngivelseRevisorbistandArtKode.xsd"/>
	</element>
	<element>
		<from namespace="http://skat.dk/begrebsmodel/2012/01/01/" name="RegnskabAngivelseRevisorerklæring"/>
		<to namespace="urn:oio:skat:selvangivelse:1.0.0" name="RegnskabAngivelseRevisorerklaeringKode" schemaLocation="http://digitaliser.dk/resource/2610647/artefact/RegnskabAngivelseRevisorerklaeringKode.xsd"/>
	</element>
	<element>
		<from namespace="http://skat.dk/begrebsmodel/2012/01/01/" name="RegnskabAngivelseRevisorforbehold"/>
		<to namespace="urn:oio:skat:selvangivelse:1.0.0" name="RegnskabAngivelseRevisorforbeholdKode" schemaLocation="http://digitaliser.dk/resource/2610658/artefact/RegnskabAngivelseRevisorforbeholdKode.xsd"/>
	</element>
	<element>
		<from namespace="http://skat.dk/begrebsmodel/2012/01/01/" name="ReguleretTabKontrakter"/>
		<to namespace="urn:oio:skat:selvangivelse:1.0.0" name="ReguleretTabKontrakterBeloebTekst" schemaLocation="http://digitaliser.dk/resource/2547191/artefact/ReguleretTabKontrakterBeloebTekst.xsd"/>
	</element>
	<element>
		<from namespace="http://skat.dk/begrebsmodel/2012/01/01/" name="ReguleretTabKontrakterFremførsel"/>
		<to namespace="urn:oio:skat:selvangivelse:1.0.0" name="ReguleretTabKontrakterFremfoerselBeloebTekst" schemaLocation="http://digitaliser.dk/resource/2547209/artefact/ReguleretTabKontrakterFremfoerselBeloebTekst.xsd"/>
	</element>
	<element>
		<from namespace="http://skat.dk/begrebsmodel/2012/01/01/" name="ReguleretTabKontrakterKode"/>
		<to namespace="urn:oio:skat:selvangivelse:1.0.0" name="ReguleretTabKontrakterKode" schemaLocation="http://digitaliser.dk/resource/2549200/artefact/ReguleretTabKontrakterKode.xsd"/>
	</element>
	<element>
		<from namespace="http://skat.dk/begrebsmodel/2012/01/01/" name="RenteUdgiftAndenGældGældTilPrivat"/>
		<to namespace="urn:oio:skat:selvangivelse:1.0.0" name="RenteUdgiftAndenGaeldGaeldTilPrivatBeloeb" schemaLocation="http://digitaliser.dk/resource/2547923/artefact/RenteUdgiftAndenGaeldGaeldTilPrivatBeloeb.xsd"/>
	</element>
	<element>
		<from namespace="http://skat.dk/begrebsmodel/2012/01/01/" name="RenteUdgiftAndenGældLånMedMereEndToEjere"/>
		<to namespace="urn:oio:skat:selvangivelse:1.0.0" name="RenteUdgiftAndenGaeldLaanMedMereEndToEjereBeloeb" schemaLocation="http://digitaliser.dk/resource/2586368/artefact/RenteUdgiftAndenGaeldLaanMedMereEndToEjereBeloeb.xsd"/>
	</element>
	<element>
		<from namespace="http://skat.dk/begrebsmodel/2012/01/01/" name="RenteUdgiftAndenGældStatsgarantStudielånIPengeinstitut"/>
		<to namespace="urn:oio:skat:selvangivelse:1.0.0" name="RenteUdgiftAndenGaeldStatsgarantStudielaanIPengeinstitutBeloeb" schemaLocation="http://digitaliser.dk/resource/2547896/artefact/RenteUdgiftAndenGaeldStatsgarantStudielaanIPengeinstitutBeloeb.xsd"/>
	</element>
	<element>
		<from namespace="http://skat.dk/begrebsmodel/2012/01/01/" name="RenteUdgiftAndenGældStiftelseProvision"/>
		<to namespace="urn:oio:skat:selvangivelse:1.0.0" name="RenteUdgiftAndenGaeldStiftelseProvisionBeloeb" schemaLocation="http://digitaliser.dk/resource/2547905/artefact/RenteUdgiftAndenGaeldStiftelseProvisionBeloeb.xsd"/>
	</element>
	<element>
		<from namespace="http://skat.dk/begrebsmodel/2012/01/01/" name="RenteudgiftOffentligGæld"/>
		<to namespace="urn:oio:skat:selvangivelse:1.0.0" name="RenteudgiftOffentligGaeldBeloebTekst" schemaLocation="http://digitaliser.dk/resource/2547414/artefact/RenteudgiftOffentligGaeldBeloebTekst.xsd"/>
	</element>
	<element>
		<from namespace="http://skat.dk/begrebsmodel/2012/01/01/" name="SelvangivelseFeltIndholdBeløb"/>
		<to namespace="urn:oio:skat:selvangivelse:1.0.0" name="SelvangivelseFeltIndholdBeloeb" schemaLocation="http://digitaliser.dk/resource/2610671/artefact/SelvangivelseFeltIndholdBeloeb.xsd"/>
	</element>
	<element>
		<from namespace="http://skat.dk/begrebsmodel/2012/01/01/" name="ServicefradragAngivelseBeløb"/>
		<to namespace="urn:oio:skat:selvangivelse:1.0.0" name="ServicefradragAngivelseBeloeb" schemaLocation="http://digitaliser.dk/resource/2547459/artefact/ServicefradragAngivelseBeloeb.xsd"/>
	</element>
	<element>
		<from namespace="http://skat.dk/begrebsmodel/2012/01/01/" name="ServicefradragArbejdstypeKode"/>
		<to namespace="urn:oio:skat:selvangivelse:1.0.0" name="ServicefradragArbejdstypeKode" schemaLocation="http://digitaliser.dk/resource/2547483/artefact/ServicefradragArbejdstypeKode.xsd"/>
	</element>
	<element>
		<from namespace="http://skat.dk/begrebsmodel/2012/01/01/" name="ServicefradragBetalingDato"/>
		<to namespace="urn:oio:skat:selvangivelse:1.0.0" name="ServicefradragBetalingDato" schemaLocation="http://digitaliser.dk/resource/2547468/artefact/ServicefradragBetalingDato.xsd"/>
	</element>
	<element>
		<from namespace="http://skat.dk/begrebsmodel/2012/01/01/" name="ServicefradragFritidsboligUdlejet"/>
		<to namespace="urn:oio:skat:selvangivelse:1.0.0" name="ServicefradragFritidsboligUdlejetIndikator" schemaLocation="http://digitaliser.dk/resource/2594835/artefact/ServicefradragFritidsboligUdlejetIndikator.xsd"/>
	</element>
	<element>
		<from namespace="http://skat.dk/begrebsmodel/2012/01/01/" name="ServicefradragUdenlandskVirksomhedNummerEllerNavn"/>
		<to namespace="urn:oio:skat:selvangivelse:1.0.0" name="ServicefradragUdenlandskVirksomhedNummerEllerNavnText" schemaLocation="http://digitaliser.dk/resource/2586324/artefact/ServicefradragUdenlandskVirksomhedNummerEllerNavnText.xsd"/>
	</element>
	<element>
		<from namespace="http://skat.dk/begrebsmodel/2012/01/01/" name="SlutOpgørelseFilIndhold"/>
		<to namespace="urn:oio:skat:hentselv:1.0.0" name="OpgoerelseFilIndholdData" schemaLocation="http://digitaliser.dk/resource/1624757/artefact/OpgoerelseFilIndholdData.xsd"/>
	</element>
	<element>
		<from namespace="http://skat.dk/begrebsmodel/2012/01/01/" name="UdenlandskEjendomBeskatningKode"/>
		<to namespace="urn:oio:skat:selvangivelse:1.0.0" name="UdenlandskEjendomBeskatningKode" schemaLocation="http://digitaliser.dk/resource/2610682/artefact/UdenlandskEjendomBeskatningKode.xsd"/>
	</element>
	<element>
		<from namespace="http://skat.dk/begrebsmodel/2012/01/01/" name="UnderholdAftægtYdelse"/>
		<to namespace="urn:oio:skat:selvangivelse:1.0.0" name="UnderholdAftaegtYdelseBeloeb" schemaLocation="http://digitaliser.dk/resource/2547510/artefact/UnderholdAftaegtYdelseBeloeb.xsd"/>
	</element>
	<element>
		<from namespace="http://skat.dk/begrebsmodel/2012/01/01/" name="UnderholdBørneBidragAftaltBeløbMånedlig"/>
		<to namespace="urn:oio:skat:selvangivelse:1.0.0" name="UnderholdBoerneBidragAftaltBeloebMaanedligBeloeb" schemaLocation="http://digitaliser.dk/resource/2547859/artefact/UnderholdBoerneBidragAftaltBeloebMaanedligBeloeb.xsd"/>
	</element>
	<element>
		<from namespace="http://skat.dk/begrebsmodel/2012/01/01/" name="UnderholdBørneBidragBeløbDåb"/>
		<to namespace="urn:oio:skat:selvangivelse:1.0.0" name="UnderholdBoerneBidragBeloebDaabBeloeb" schemaLocation="http://digitaliser.dk/resource/2586350/artefact/UnderholdBoerneBidragBeloebDaabBeloeb.xsd"/>
	</element>
	<element>
		<from namespace="http://skat.dk/begrebsmodel/2012/01/01/" name="UnderholdBørneBidragBeløbKonfirmation"/>
		<to namespace="urn:oio:skat:selvangivelse:1.0.0" name="UnderholdBoerneBidragBeloebKonfirmationBeloeb" schemaLocation="http://digitaliser.dk/resource/2586359/artefact/UnderholdBoerneBidragBeloebKonfirmationBeloeb.xsd"/>
	</element>
	<element>
		<from namespace="http://skat.dk/begrebsmodel/2012/01/01/" name="UnderholdBørneBidragDækningPeriodeSlut"/>
		<to namespace="urn:oio:skat:selvangivelse:1.0.0" name="UnderholdBoerneBidragDaekningPeriodeSlutDato" schemaLocation="http://digitaliser.dk/resource/2547537/artefact/UnderholdBoerneBidragDaekningPeriodeSlutDato.xsd"/>
	</element>
	<element>
		<from namespace="http://skat.dk/begrebsmodel/2012/01/01/" name="UnderholdBørneBidragDækningPeriodeStart"/>
		<to namespace="urn:oio:skat:selvangivelse:1.0.0" name="UnderholdBoerneBidragDaekningPeriodeStartDato" schemaLocation="http://digitaliser.dk/resource/2547528/artefact/UnderholdBoerneBidragDaekningPeriodeStartDato.xsd"/>
	</element>
	<element>
		<from namespace="http://skat.dk/begrebsmodel/2012/01/01/" name="UnderholdBørneBidragNormalbidragProcentTillæg"/>
		<to namespace="urn:oio:skat:selvangivelse:1.0.0" name="UnderholdBoerneBidragNormalbidragProcentTillaegProcent" schemaLocation="http://digitaliser.dk/resource/2547850/artefact/UnderholdBoerneBidragNormalbidragProcentTillaegProcent.xsd"/>
	</element>
	<element>
		<from namespace="http://skat.dk/begrebsmodel/2012/01/01/" name="UnderholdÆgtefælleBidragMånedlig"/>
		<to namespace="urn:oio:skat:selvangivelse:1.0.0" name="UnderholdAEgtefaelleBidragMaanedligBeloeb" schemaLocation="http://digitaliser.dk/resource/2547869/artefact/UnderholdAEgtefaelleBidragMaanedligBeloeb.xsd"/>
	</element>
	<element>
		<from namespace="http://skat.dk/begrebsmodel/2012/01/01/" name="UnderholdÆgtefælleBidragPeriodeSlut"/>
		<to namespace="urn:oio:skat:selvangivelse:1.0.0" name="UnderholdAEgtefaelleBidragPeriodeSlutDato" schemaLocation="http://digitaliser.dk/resource/2547887/artefact/UnderholdAEgtefaelleBidragPeriodeSlutDato.xsd"/>
	</element>
	<element>
		<from namespace="http://skat.dk/begrebsmodel/2012/01/01/" name="UnderholdÆgtefælleBidragPeriodeStart"/>
		<to namespace="urn:oio:skat:selvangivelse:1.0.0" name="UnderholdAEgtefaelleBidragPeriodeStartDato" schemaLocation="http://digitaliser.dk/resource/2547878/artefact/UnderholdAEgtefaelleBidragPeriodeStartDato.xsd"/>
	</element>
	<element>
		<from namespace="http://skat.dk/begrebsmodel/2012/01/01/" name="VirksomhedCVRNummer"/>
		<to namespace="urn:oio:skat:selvangivelse:1.0.0" name="VirksomhedCVRNummerIdentifikator" schemaLocation="http://digitaliser.dk/resource/2547441/artefact/VirksomhedCVRNummerIdentifikator.xsd"/>
	</element>
	<element>
		<from namespace="http://skat.dk/begrebsmodel/2012/01/01/" name="VirksomhedSENummer"/>
		<to namespace="http://rep.oio.dk/skat.dk/motor/class/virksomhed/xml/schemas/20080401/" name="VirksomhedSENummerIdentifikator" schemaLocation="http://digitaliser.dk/resource/2665/artefact/SKAT_VirksomhedSENummerIdentifikator.xsd"/>
	</element>
	<element>
		<from namespace="http://skat.dk/begrebsmodel/2012/01/01/" name="ØvrigeOplysningerBeregningsGrundlagAcontoSkat"/>
		<to namespace="urn:oio:skat:selvangivelse:1.0.0" name="OevrigeOplysningerBeregningsgrundlagAcontoSkatBeloeb" schemaLocation="http://digitaliser.dk/resource/2610693/artefact/OevrigeOplysningerBeregningsgrundlagAcontoSkatBeloeb.xsd"/>
	</element>
	<element>
		<from namespace="http://skat.dk/begrebsmodel/2012/01/01/" name="ØvrigeOplysningerBeregningsGrundlagAcontoSkatSuccession"/>
		<to namespace="urn:oio:skat:selvangivelse:1.0.0" name="OevrigeOplysningerBeregningsgrundlagAcontoSkatSuccessionBeloeb" schemaLocation="http://digitaliser.dk/resource/2610704/artefact/OevrigeOplysningerBeregningsgrundlagAcontoSkatSuccessionBeloeb.xsd"/>
	</element>
	<element>
		<from namespace="http://skat.dk/begrebsmodel/2012/01/01/" name="ÅrligSkatteOplysningBeregnetSkat"/>
		<to namespace="urn:oio:skat:hentselv:1.0.0" name="AarligSkatteOplysningBeregnetSkatBeloeb" schemaLocation="http://digitaliser.dk/resource/1625148/artefact/AarligSkatteOplysningBeregnetSkatBeloeb.xsd"/>
	</element>
	<element>
		<from namespace="http://skat.dk/begrebsmodel/2012/01/01/" name="ÅrligSkatteOplysningForskudSkat"/>
		<to namespace="urn:oio:skat:selvangivelse:1.0.0" name="AarligSkatteoplysningForskudSkatBeloeb" schemaLocation="http://digitaliser.dk/resource/2610715/artefact/AarligSkatteoplysningForskudSkatBeloeb.xsd"/>
	</element>
	<element>
		<from namespace="http://skat.dk/begrebsmodel/2012/01/01/" name="ÅrligSkatteOplysningIndkomstÅr"/>
		<to namespace="http://rep.oio.dk/oib/dato.tid.maal/xml.schema/" name="AarIdentifikator" schemaLocation="http://digitaliser.dk/resource/7439/artefact/AarIdentifikator_20080901.xsd"/>
	</element>
	<element>
		<from namespace="http://skat.dk/begrebsmodel/2012/01/01/" name="ÅrligSkatteOplysningKapitalIndkomst"/>
		<to namespace="urn:oio:skat:hentselv:1.0.0" name="AarligSkatteOplysningKapitalindkomstBeloeb" schemaLocation="http://digitaliser.dk/resource/1625498/artefact/AarligSkatteOplysningKapitalindkomstBeloeb.xsd"/>
	</element>
	<element>
		<from namespace="http://skat.dk/begrebsmodel/2012/01/01/" name="ÅrligSkatteOplysningLigningsmæssigtFradrag"/>
		<to namespace="urn:oio:skat:hentselv:1.0.0" name="AarligSkatteOplysningLigningsmaessigtFradragBeloeb" schemaLocation="http://digitaliser.dk/resource/1625556/artefact/AarligSkatteOplysningLigningsmaessigtFradragBeloeb.xsd"/>
	</element>
	<element>
		<from namespace="http://skat.dk/begrebsmodel/2012/01/01/" name="ÅrligSkatteOplysningOverskydendeSkat"/>
		<to namespace="urn:oio:skat:hentselv:1.0.0" name="AarligSkatteOplysningOverskydendeSkatBeloeb" schemaLocation="http://digitaliser.dk/resource/1625604/artefact/AarligSkatteOplysningOverskydendeSkatBeloeb.xsd"/>
	</element>
	<element>
		<from namespace="http://skat.dk/begrebsmodel/2012/01/01/" name="ÅrligSkatteOplysningPersonligIndkomst"/>
		<to namespace="urn:oio:skat:hentselv:1.0.0" name="AarligSkatteOplysningPersonligIndkomstBeloeb" schemaLocation="http://digitaliser.dk/resource/1625752/artefact/AarligSkatteOplysningPersonligIndkomstBeloeb.xsd"/>
	</element>
	<element>
		<from namespace="http://skat.dk/begrebsmodel/2012/01/01/" name="ÅrligSkatteOplysningRestSkat"/>
		<to namespace="urn:oio:skat:hentselv:1.0.0" name="AarligSkatteOplysningRestskatBeloeb" schemaLocation="http://digitaliser.dk/resource/1625802/artefact/AarligSkatteOplysningRestskatBeloeb.xsd"/>
	</element>
	<element>
		<from namespace="http://skat.dk/begrebsmodel/2012/01/01/" name="ÅrligSkatteOplysningSkattePligtigIndkomst"/>
		<to namespace="urn:oio:skat:hentselv:1.0.0" name="AarligSkatteOplysningSkattepligtigIndkomstBeloeb" schemaLocation="http://digitaliser.dk/resource/1625866/artefact/AarligSkatteOplysningSkattepligtigIndkomstBeloeb.xsd"/>
	</element>
</conversion>