{
  "targetNamespace" : "http://skat.dk/begrebsmodel/2022/01/01/",
  "elementFormDefault" : "qualified",
  "version" : "1.0",
  "simpleType" : {
    "name" : "AdresseAnvendelseKodeType",
    "annotation" : {
      "documentation" : "0 = Adressen kan anvendes til direkte adressering 1 = Adressen kan ikke anvendes til direkte adressering 8 = Adressen består kun af navn 9 = Ingen adresse pga. nyt personnummer"
    },
    "restriction" : {
      "base" : "xs:integer",
      "enumeration" : [ {
        "value" : "0"
      }, {
        "value" : "1"
      }, {
        "value" : "8"
      }, {
        "value" : "9"
      } ],
      "totalDigits" : {
        "value" : "1"
      }
    }
  }
}