{
  "targetNamespace" : "http://skat.dk/begrebsmodel/2022/01/01/",
  "elementFormDefault" : "qualified",
  "version" : "1.0",
  "simpleType" : {
    "name" : "TalHel3Type",
    "annotation" : {
      "documentation" : "Positivt heltal, som kan være op til tre cifre langt. Fra 0 til 999"
    },
    "restriction" : {
      "base" : "xs:integer",
      "maxExclusive" : {
        "value" : "999"
      },
      "minExclusive" : {
        "value" : "0"
      },
      "totalDigits" : {
        "value" : "3"
      }
    }
  }
}