<?xml version="1.0" encoding="UTF-8"?>
<!--Sample XML file generated by XMLSpy v2007 (http://www.altova.com)-->
<fase2.1:ManagerspilStartStruktur xsi:schemaLocation="http://skat.dk/begrebsmodel/2009/01/15/ ManagerspilStartStrukturType.xsd" xmlns:fase2.1="http://skat.dk/begrebsmodel/2009/01/15/" xmlns:xsi="http://www.w3.org/2001/XMLSchema-instance">
	<fase2.1:ManagerSpilStartStruktur>
		<fase2.1:FilInformation>
			<fase2.1:SpilFilVersion>v2</fase2.1:SpilFilVersion>
			<fase2.1:SpilFilIdentifikation/>
			<fase2.1:SpilFilErstatningIdentifikation/>
		</fase2.1:FilInformation>
		<fase2.1:TilladelsesindehaverOgSpil>
			<fase2.1:SpilCertifikatIdentifikation>aaaaaaaaaaaaaaaaaaaaaaaaaaaaaaaaaaaaaaaaaaaaa</fase2.1:SpilCertifikatIdentifikation>
			<fase2.1:SpilKategoriNavn>Managerspil</fase2.1:SpilKategoriNavn>
			<fase2.1:SpilProduktNavn>aaaaaaaaaaaaaaaaaaaaaaaaaaaaaaaaaaaaaaaaaaaaa</fase2.1:SpilProduktNavn>
			<fase2.1:SpilProduktIdentifikation/>
		</fase2.1:TilladelsesindehaverOgSpil>
		<fase2.1:Spilinfo>
			<fase2.1:SpilProduktÅbentNetværk>1</fase2.1:SpilProduktÅbentNetværk>
			<fase2.1:SpilForventetSlutDatoTid>2001-12-17T09:30:47.0Z</fase2.1:SpilForventetSlutDatoTid>
		</fase2.1:Spilinfo>
	</fase2.1:ManagerSpilStartStruktur>
</fase2.1:ManagerspilStartStruktur>
