<?xml version="1.0" encoding="utf-8"?>
<Metadata xmlns="http://rep.oio.dk/infostructurebase/schemas/2004/09/13/">
	<Title>AktierSpecifikationUdbytteUdenlandskAktierMarkedBeloeb</Title>
	<DescriptionStructure>
		<DescriptionEnglish/>
		<DescriptionDanish>Beløb der udgør udbytte af udenlandske aktier optaget til handel på et reguleret marked i dansk depot, indberettet til SKAT. Udbytter af aktier i visse lande fx Frankrig, Grønland, Kenya og Spanien skal i rubrik 452 på selvangivelse for udenlandsk indkomst.</DescriptionDanish>
	</DescriptionStructure>
	<LabelStructure><LabelDanish>AktierSpecifikationUdbytteUdenlandskAktierMarkedBeloeb</LabelDanish></LabelStructure>
	<Version>1.0.0</Version>
</Metadata>
