<?xml version="1.0" encoding="utf-8"?>
<Metadata xmlns="http://rep.oio.dk/infostructurebase/schemas/2004/09/13/">
	<Title>EjendomAngivelseDelvisUdlejningsandelProcent</Title>
	<DescriptionStructure>
		<DescriptionEnglish/>
		<DescriptionDanish>Værdien af den udlejede del af boligen i procent. Felt 737</DescriptionDanish>
	</DescriptionStructure>
	<LabelStructure><LabelDanish>EjendomAngivelseDelvisUdlejningsandelProcent</LabelDanish></LabelStructure>
	<Version>1.0.0</Version>
</Metadata>
