<?xml version="1.0" encoding="utf-8"?>
<Metadata xmlns="http://rep.oio.dk/infostructurebase/schemas/2004/09/13/">
	<Title>EjendomAngivelseErhvervetFoerOtteoghalvfemsIndikator</Title>
	<DescriptionStructure>
		<DescriptionEnglish/>
		<DescriptionDanish>Er ejendommet erhvervet før 2/7 1998 (true=ja). Felt 712</DescriptionDanish>
	</DescriptionStructure>
	<LabelStructure><LabelDanish>EjendomAngivelseErhvervetFoerOtteoghalvfemsIndikator</LabelDanish></LabelStructure>
	<Version>1.0.0</Version>
</Metadata>
