<?xml version="1.0" encoding="utf-8"?>
<Metadata xmlns="http://rep.oio.dk/infostructurebase/schemas/2004/09/13/">
	<Title>KapitalindkomstNettolejeindtaegtBeloeb</Title>
	<DescriptionStructure>
		<DescriptionEnglish/>
		<DescriptionDanish>Indtægter ved udlejning af fast ejendom er som hovedregel skattepligtige. I visse tilfælde er indtægten dog skattefri, når den er under et vist beløb.</DescriptionDanish>
	</DescriptionStructure>
	<LabelStructure><LabelDanish>KapitalindkomstNettolejeindtaegtBeloeb</LabelDanish></LabelStructure>
	<Version>1.0.0</Version>
</Metadata>
