<?xml version="1.0" encoding="utf-8"?>
<Metadata xmlns="http://rep.oio.dk/infostructurebase/schemas/2004/09/13/">
	<Title>KapitalindkomstRenteindtaegtBeloeb</Title>
	<DescriptionStructure>
		<DescriptionEnglish/>
		<DescriptionDanish>Renteindtægter er kapitalindkomst og skal indgå i selvangivelsen og årsopgørelsen. Renter beskattes i det år, hvor de forfalder til betaling, uanset om renterne hæves eller ej.</DescriptionDanish>
	</DescriptionStructure>
	<LabelStructure><LabelDanish>KapitalindkomstRenteindtaegtBeloeb</LabelDanish></LabelStructure>
	<Version>1.0.0</Version>
</Metadata>
