<?xml version="1.0" encoding="utf-8"?>
<Metadata xmlns="http://rep.oio.dk/infostructurebase/schemas/2004/09/13/">
	<Title>KapitalindkomstUdlodningInvesteringsforeningVirksomhedBeloeb</Title>
	<DescriptionStructure>
		<DescriptionEnglish/>
		<DescriptionDanish>Beløb der udgør udlodning i virksomhed fra aktier eller investeringsbeviser udstedt af et investeringsselskab.  Er der modtaget udlodninger fra fra investeringsforening eller selskab, hvor der er trukket dansk udbytteskat, skal det tastes her. Udlodningen skal vedrøre virksomheden.</DescriptionDanish>
	</DescriptionStructure>
	<LabelStructure><LabelDanish>KapitalindkomstUdlodningInvesteringsforeningVirksomhedBeloeb</LabelDanish></LabelStructure>
	<Version>1.0.0</Version>
</Metadata>
