<?xml version="1.0" encoding="utf-8"?>
<Metadata xmlns="http://rep.oio.dk/infostructurebase/schemas/2004/09/13/">
	<Title>KapitalindkomstOverskudOphoerSkibsvirksomhedBeloeb</Title>
	<DescriptionStructure>
		<DescriptionEnglish/>
		<DescriptionDanish>Beløbet skal bestå af:  - Fortjeneste ved salg af anparter eller ophør eller afståelse af anpartsvirksomheden, hvis virksomheden er omfattet af anpartsreglerne på det tidspunkt, hvor fortjenesten bliver konstateret. - Tab ved ophør af skibsvirksomheden, når           --virksomheden var et bierhverv for dig, og du har købt anparterne før 12. maj 1989.           --Skibet var godkendt af Økonomi- og Erhvervsministeriet (godkendt skibsprojekt).</DescriptionDanish>
	</DescriptionStructure>
	<LabelStructure><LabelDanish>KapitalindkomstOverskudOphoerSkibsvirksomhedBeloeb</LabelDanish></LabelStructure>
	<Version>1.0.0</Version>
</Metadata>
