<?xml version="1.0" encoding="utf-8"?>
<Metadata xmlns="http://rep.oio.dk/infostructurebase/schemas/2004/09/13/">
	<Title>LigningmaessigFradragGaverKulturForskningBeloeb</Title>
	<DescriptionStructure>
		<DescriptionEnglish/>
		<DescriptionDanish>Beløbet i denne rubrik omfatter  - Værdien af de gaver, som kultur- og forskningsinstitutioner har indberettet.</DescriptionDanish>
	</DescriptionStructure>
	<LabelStructure><LabelDanish>LigningmaessigFradragGaverKulturForskningBeloeb</LabelDanish></LabelStructure>
	<Version>1.0.0</Version>
</Metadata>
