<?xml version="1.0" encoding="utf-8"?>
<Metadata xmlns="http://rep.oio.dk/infostructurebase/schemas/2004/09/13/">
	<Title>LigningmaessigFradragIndskudEtableringskontoBeloeb</Title>
	<DescriptionStructure>
		<DescriptionEnglish/>
		<DescriptionDanish>Beløbet i rubrikken skal omfatte beløb, der er indskudt på en etableringskonto i perioden fra 16. maj 2011 til og med 15. maj 2012 (minimum 5.000 kr).</DescriptionDanish>
	</DescriptionStructure>
	<LabelStructure><LabelDanish>LigningmaessigFradragIndskudEtableringskontoBeloeb</LabelDanish></LabelStructure>
	<Version>1.0.0</Version>
</Metadata>
