<?xml version="1.0" encoding="utf-8"?>
<Metadata xmlns="http://rep.oio.dk/infostructurebase/schemas/2004/09/13/">
	<Title>LigningmaessigFradragGaverBeloeb</Title>
	<DescriptionStructure>
		<DescriptionEnglish/>
		<DescriptionDanish>Beløbet i rubrikken omfatter beløb, som SKAT har modtaget oplysning om fra almennyttige foreninger, stiftelser og institutioner, der er godkendte til at modtage gaver med fradragsret for giveren.</DescriptionDanish>
	</DescriptionStructure>
	<LabelStructure><LabelDanish>LigningmaessigFradragGaverBeloeb</LabelDanish></LabelStructure>
	<Version>1.0.0</Version>
</Metadata>
