<?xml version="1.0" encoding="utf-8"?>
<Metadata xmlns="http://rep.oio.dk/infostructurebase/schemas/2004/09/13/">
	<Title>PersonSelvangivelseHenstandsbegaeringIndikator</Title>
	<DescriptionStructure>
		<DescriptionEnglish/>
		<DescriptionDanish>Hvorvidt der er indsendt begæring om henstand med betaling af skat og AM-bidrag af fortjeneste ved overdragelse af goodwill mv. mod vederlag som løbende ydelse (true=ja).  Felt 155</DescriptionDanish>
	</DescriptionStructure>
	<LabelStructure><LabelDanish>PersonSelvangivelseHenstandsbegaeringIndikator</LabelDanish></LabelStructure>
	<Version>1.0.0</Version>
</Metadata>
