<?xml version="1.0" encoding="utf-8"?>
<Metadata xmlns="http://rep.oio.dk/infostructurebase/schemas/2004/09/13/">
	<Title>PersonligIndkomstKapitalafkastAktierAnparterBeloeb</Title>
	<DescriptionStructure>
		<DescriptionEnglish/>
		<DescriptionDanish>Beløb der udgør kapitalafkast af aktier og anparter ved erhvervelse af virksomhed</DescriptionDanish>
	</DescriptionStructure>
	<LabelStructure><LabelDanish>PersonligIndkomstKapitalafkastAktierAnparterBeloeb</LabelDanish></LabelStructure>
	<Version>1.0.0</Version>
</Metadata>
