<?xml version="1.0" encoding="utf-8"?>
<Metadata xmlns="http://rep.oio.dk/infostructurebase/schemas/2004/09/13/">
	<Title>PersonSelvangivelseVirksomhedOphoerTidligereIndikator</Title>
	<DescriptionStructure>
		<DescriptionEnglish/>
		<DescriptionDanish>Hvorvidt angiver har en ikke-erhvervsmæssig virksomhed eller virksomheden er ophørt før indkomståret. Bemærk at der på papirblanketten i stedet skal angives ophørsår. Felt 134</DescriptionDanish>
	</DescriptionStructure>
	<LabelStructure><LabelDanish>PersonSelvangivelseVirksomhedOphoerTidligereIndikator</LabelDanish></LabelStructure>
	<Version>1.0.0</Version>
</Metadata>
