<?xml version="1.0" encoding="utf-8"?>
<Metadata xmlns="http://rep.oio.dk/infostructurebase/schemas/2004/09/13/">
	<Title>RegnskabAngivelseOplysningsfritagelseIndikator</Title>
	<DescriptionStructure>
		<DescriptionEnglish/>
		<DescriptionDanish>Om virksomheden er fritaget for at give regnskabsoplysninger (true=fritaget). Felt 603</DescriptionDanish>
	</DescriptionStructure>
	<LabelStructure><LabelDanish>RegnskabAngivelseOplysningsfritagelseIndikator</LabelDanish></LabelStructure>
	<Version>1.0.0</Version>
</Metadata>
