{
  "targetNamespace" : "http://skat.dk/begrebsmodel/2022/01/01/",
  "elementFormDefault" : "qualified",
  "version" : "1.0",
  "simpleType" : {
    "name" : "TalHelType",
    "annotation" : {
      "documentation" : "Et positivt heltal, der kan repræsenterer værdier i intervallet 0 til 999.999.999.999.999.999"
    },
    "restriction" : {
      "base" : "xs:integer",
      "pattern" : {
        "value" : "([0-9])*"
      },
      "maxInclusive" : {
        "value" : "999999999999999999"
      },
      "minInclusive" : {
        "value" : "0"
      },
      "totalDigits" : {
        "value" : "18"
      }
    }
  }
}