<?xml version="1.0" encoding="utf-8"?>
<Metadata xmlns="http://rep.oio.dk/infostructurebase/schemas/2004/09/13/">
	<Title>AktierSpecifikationUdbytteDkAktierMarkedBeloeb</Title>
	<DescriptionStructure>
		<DescriptionEnglish/>
		<DescriptionDanish>Beløb der udgør:  - Udbytte fra danske aktier optaget til handel på et reguleret marked, der er i dansk depot. - Udlodning/udlodningsandele, der er aktieindkomst fra danske minimumsudloddende og akkumulerende investeringsforeninger, der ikke er investeringsselskaber.</DescriptionDanish>
	</DescriptionStructure>
	<LabelStructure><LabelDanish>AktierSpecifikationUdbytteDkAktierMarkedBeloeb</LabelDanish></LabelStructure>
	<Version>1.0.0</Version>
</Metadata>
