<?xml version="1.0" encoding="utf-8"?>
<Metadata xmlns="http://rep.oio.dk/infostructurebase/schemas/2004/09/13/">
	<Title>AktierSpecifikationUdbytteUdlodningEjUdbytteSkatBeloeb</Title>
	<DescriptionStructure>
		<DescriptionEnglish/>
		<DescriptionDanish>Beløb der udgør udbytte og udlodning af aktier/investeringsbeviser, optaget til handel på et reguleret marked.</DescriptionDanish>
	</DescriptionStructure>
	<LabelStructure><LabelDanish>AktierSpecifikationUdbytteUdlodningEjUdbytteSkatBeloeb</LabelDanish></LabelStructure>
	<Version>1.0.0</Version>
</Metadata>
