<?xml version="1.0" encoding="utf-8"?>
<Metadata xmlns="http://rep.oio.dk/infostructurebase/schemas/2004/09/13/">
	<Title>EjendomAngivelseIndflytningDato</Title>
	<DescriptionStructure>
		<DescriptionEnglish/>
		<DescriptionDanish>Indflytningsdato i indkomståret, hvis indflytningsdagen ligger efter orvertagelsesdagen (kun helårsbolig) Felt 766</DescriptionDanish>
	</DescriptionStructure>
	<LabelStructure><LabelDanish>EjendomAngivelseIndflytningDato</LabelDanish></LabelStructure>
	<Version>1.0.0</Version>
</Metadata>
