<?xml version="1.0" encoding="utf-8"?>
<Metadata xmlns="http://rep.oio.dk/infostructurebase/schemas/2004/09/13/">
	<Title>EjendomAngivelseUdflytningDato</Title>
	<DescriptionStructure>
		<DescriptionEnglish/>
		<DescriptionDanish>Ved salg: Udflyningsdato i indkomståret, hvis udflytningsdagen ligger før købers overtagelsesdag (kun helårsbolig). Felt 767</DescriptionDanish>
	</DescriptionStructure>
	<LabelStructure><LabelDanish>EjendomAngivelseUdflytningDato</LabelDanish></LabelStructure>
	<Version>1.0.0</Version>
</Metadata>
