<?xml version="1.0" encoding="utf-8"?>
<Metadata xmlns="http://rep.oio.dk/infostructurebase/schemas/2004/09/13/">
	<Title>EjendomAngivelseEjendomstypeKode</Title>
	<DescriptionStructure>
		<DescriptionEnglish/>
		<DescriptionDanish>Ejendomstype. Muligheder: 1) Helårsbolig eller sommerhus med tilladelse til helårsbeboelse, 3) Sommerhus, 4) Tofamilieshus med to ejerboligværdier, 5) Tofamilieshus med en ejerboligværdi, 7) Ejerlejlighed - helårsbeboelse, 8) Ejerlejlighed - fritidsbolig, 9) Øvrige ejendomme. Felt 705 Felt 705</DescriptionDanish>
	</DescriptionStructure>
	<LabelStructure><LabelDanish>EjendomAngivelseEjendomstypeKode</LabelDanish></LabelStructure>
	<Version>1.0.0</Version>
</Metadata>
