<?xml version="1.0" encoding="utf-8"?>
<Metadata xmlns="http://rep.oio.dk/infostructurebase/schemas/2004/09/13/">
	<Title>EjendomAngivelseIndflytningEfterIndkomstaarIndikator</Title>
	<DescriptionStructure>
		<DescriptionEnglish/>
		<DescriptionDanish>Hvorvidt angiver er flyttet ind efter indkomståret (true=ja). Felt 772</DescriptionDanish>
	</DescriptionStructure>
	<LabelStructure><LabelDanish>EjendomAngivelseIndflytningEfterIndkomstaarIndikator</LabelDanish></LabelStructure>
	<Version>1.0.0</Version>
</Metadata>
