<?xml version="1.0" encoding="utf-8"?>
<Metadata xmlns="http://rep.oio.dk/infostructurebase/schemas/2004/09/13/">
	<Title>EjendomAngivelseErhvervsanvendelsesandelProcent</Title>
	<DescriptionStructure>
		<DescriptionEnglish/>
		<DescriptionDanish>Ved delvis erhvervsmæssig anvendelse anføres værdien af den erhvervsmæssige del i procent.</DescriptionDanish>
	</DescriptionStructure>
	<LabelStructure><LabelDanish>EjendomAngivelseErhvervsanvendelsesandelProcent</LabelDanish></LabelStructure>
	<Version>1.0.0</Version>
</Metadata>
