<?xml version="1.0" encoding="utf-8"?>
<Metadata xmlns="http://rep.oio.dk/infostructurebase/schemas/2004/09/13/">
	<Title>EjendomAngivelseErhvervsanvendelsesdageKvantitet</Title>
	<DescriptionStructure>
		<DescriptionEnglish/>
		<DescriptionDanish>Antal dage med erhvervsmæssig anvendelse. Felt 746</DescriptionDanish>
	</DescriptionStructure>
	<LabelStructure><LabelDanish>EjendomAngivelseErhvervsanvendelsesdageKvantitet</LabelDanish></LabelStructure>
	<Version>1.0.0</Version>
</Metadata>
