<?xml version="1.0" encoding="utf-8"?>
<Metadata xmlns="http://rep.oio.dk/infostructurebase/schemas/2004/09/13/">
	<Title>KapitalindkomstUdbytteUdlodningInvesteringsforeningBeloeb</Title>
	<DescriptionStructure>
		<DescriptionEnglish/>
		<DescriptionDanish>Beløbet i rubrikken skal omfatte:  Udlodningsandele, der er kapitalindkomst, hvor der er trukket udbytteskat, fra: - Danske minimumsudloddende blandet investerende investeringsforeninger (fx aktier og obligationer). - Danske minimumsudloddende aktiebaserede investeringsforeninger. - Danske investeringsforeninger, hvor hele udlodningen er kapitalindkomst.</DescriptionDanish>
	</DescriptionStructure>
	<LabelStructure><LabelDanish>KapitalindkomstUdbytteUdlodningInvesteringsforeningBeloeb</LabelDanish></LabelStructure>
	<Version>1.0.0</Version>
</Metadata>
