<?xml version="1.0" encoding="utf-8"?>
<Metadata xmlns="http://rep.oio.dk/infostructurebase/schemas/2004/09/13/">
	<Title>KapitalindkomstRentekorrektionBeloeb</Title>
	<DescriptionStructure>
		<DescriptionEnglish/>
		<DescriptionDanish>Beløb der udgør rentekorrektion. Beløbet skal omfatte: - Summen af de beregnede rentekorrektioner.</DescriptionDanish>
	</DescriptionStructure>
	<LabelStructure><LabelDanish>KapitalindkomstRentekorrektionBeloeb</LabelDanish></LabelStructure>
	<Version>1.0.0</Version>
</Metadata>
