<?xml version="1.0" encoding="utf-8"?>
<Metadata xmlns="http://rep.oio.dk/infostructurebase/schemas/2004/09/13/">
	<Title>KapitalindkomstOverskudSkibsvirksomhedBeloeb</Title>
	<DescriptionStructure>
		<DescriptionEnglish/>
		<DescriptionDanish>Beløb der udgør over- eller underskud ved skibsanparter i et godkendt skibsprojekt (underskud angives med minus), over- eller underskud ved skibsanparter anskaffet før 12. maj 1989 (underskud angives med minus) og overskud ved anparter der er anskaffet 12. maj 1989 eller senere og overskud ved anden anpartsvirksomhed</DescriptionDanish>
	</DescriptionStructure>
	<LabelStructure><LabelDanish>KapitalindkomstOverskudSkibsvirksomhedBeloeb</LabelDanish></LabelStructure>
	<Version>1.0.0</Version>
</Metadata>
