<?xml version="1.0" encoding="utf-8"?>
<Metadata xmlns="http://rep.oio.dk/infostructurebase/schemas/2004/09/13/">
	<Title>LigningmaessigFradragFagligtKontingentBeloeb</Title>
	<DescriptionStructure>
		<DescriptionEnglish/>
		<DescriptionDanish>Fagligt kontingent er udskilt fra felt 439, som herefter alene består af bidrag til  A-kasse, efterlønsordning og fleksydelse. Fagligt kontingent placeres i et  selvstændigt felt 458 som ligningsmæssigt fradrag (fra og med indkomståret  2011 omfattet af genopretningspakkens begrænsning til 3.000 kr.). Det  hidtidige heraf-felt 570 til felt 439 fortsætter som et felt alene til brug i forhold  til udenlandsk indkomst (lempelses- og underskudsformål som hidtil).</DescriptionDanish>
	</DescriptionStructure>
	<LabelStructure><LabelDanish>LigningmaessigFradragFagligtKontingentBeloeb</LabelDanish></LabelStructure>
	<Version>1.0.0</Version>
</Metadata>
