<?xml version="1.0" encoding="utf-8"?>
<Metadata xmlns="http://rep.oio.dk/infostructurebase/schemas/2004/09/13/">
	<Title>LigningmaessigFradragLoebendeYdelserForeningBeloeb</Title>
	<DescriptionStructure>
		<DescriptionEnglish/>
		<DescriptionDanish>Beløbet i denne rubrik omfatter  - De løbende ydelser til godkendte foreninger, som SKAT har fået oplyst.</DescriptionDanish>
	</DescriptionStructure>
	<LabelStructure><LabelDanish>LigningmaessigFradragLoebendeYdelserForeningBeloeb</LabelDanish></LabelStructure>
	<Version>1.0.0</Version>
</Metadata>
