<?xml version="1.0" encoding="utf-8"?>
<Metadata xmlns="http://rep.oio.dk/infostructurebase/schemas/2004/09/13/">
	<Title>LigningmaessigFradragRejseUdgifterBeloeb</Title>
	<DescriptionStructure>
		<DescriptionEnglish/>
		<DescriptionDanish>Beløbet i rubrikken skal omfatte udgifter til logi, kost og småfornødenheder, som ikke er dækket af skattefri rejsegodtgørelse.</DescriptionDanish>
	</DescriptionStructure>
	<LabelStructure><LabelDanish>LigningmaessigFradragRejseUdgifterBeloeb</LabelDanish></LabelStructure>
	<Version>1.0.0</Version>
</Metadata>
