<?xml version="1.0" encoding="utf-8"?>
<Metadata xmlns="http://rep.oio.dk/infostructurebase/schemas/2004/09/13/">
	<Title>LigningmaessigFradragBefordringBeloeb</Title>
	<DescriptionStructure>
		<DescriptionEnglish/>
		<DescriptionDanish>Beløb, der udgør udgifter til befordring mellem hjem og arbejdsplads</DescriptionDanish>
	</DescriptionStructure>
	<LabelStructure><LabelDanish>LigningmaessigFradragBefordringBeloeb</LabelDanish></LabelStructure>
	<Version>1.0.0</Version>
</Metadata>
