<?xml version="1.0" encoding="utf-8"?>
<Metadata xmlns="http://rep.oio.dk/infostructurebase/schemas/2004/09/13/">
	<Title>OevrigeOplysningerBeregningsgrundlagAcontoSkatSuccessionBeloeb</Title>
	<DescriptionStructure>
		<DescriptionEnglish/>
		<DescriptionDanish>Beløb der udgør beregningsgrundlag for acontoskat efter afskrivningslovens § 40 C, succession.</DescriptionDanish>
	</DescriptionStructure>
	<LabelStructure><LabelDanish>OevrigeOplysningerBeregningsgrundlagAcontoSkatSuccessionBeloeb</LabelDanish></LabelStructure>
	<Version>1.0.0</Version>
</Metadata>
