<?xml version="1.0" encoding="utf-8"?>
<Metadata xmlns="http://rep.oio.dk/infostructurebase/schemas/2004/09/13/">
	<Title>PersonligIndkomstOverfoertOpsparetOverskudProcent</Title>
	<DescriptionStructure>
		<DescriptionEnglish/>
		<DescriptionDanish>Beløb der er overført fra konto for opsparet overskud tillagt virksomhedsskat med:  - 50% (Gældende for indkomstårene 1987-1990). Beløbet skal omfatte det hævede beløb inklusiv den foreløbige betalte skat. - 38% (Gældende for indkomståret 1991). Beløbet skal omfatte det hævede beløb inklusiv den foreløbige betalte skat. - 34% (Gældende for indkomstårene 1992-1998). Beløbet skal omfatte det hævede beløb inklusiv den foreløbige betalte skat. - 32% (Gældende for indkomstårene 1999-2000). Beløbet skal omfatte det hævede beløb inklusiv den foreløbige betalte skat. - 30% (Gældende for indkomstårene 2001-2004). Beløbet skal omfatte det hævede beløb inklusiv den foreløbige betalte skat. - 25% (Gældende for indkomstårene 2007 og fremover). Beløbet skal omfatte det hævede beløb inklusiv den foreløbige betalte skat.</DescriptionDanish>
	</DescriptionStructure>
	<LabelStructure><LabelDanish>PersonligIndkomstOverfoertOpsparetOverskudProcent</LabelDanish></LabelStructure>
	<Version>1.0.0</Version>
</Metadata>
