<?xml version="1.0" encoding="utf-8"?>
<Metadata xmlns="http://rep.oio.dk/infostructurebase/schemas/2004/09/13/">
	<Title>PersonligIndkomstFradragGaestestuderendeFoerBeloeb</Title>
	<DescriptionStructure>
		<DescriptionEnglish/>
		<DescriptionDanish>Beløbet i rubrikken skal omfatte:   Fradrag på op til 71.000 kr., hvis personen er begyndt at studere i Danmark før 1.1. 2011. Beløbet skal i nogle situationer reduceres (læs om reglerne i vejledningen Fritagelse for beskatning for gæstestuderende).   Beløbet må ikke være større end den personlige indkomst, herunder lønindkomsten i rubrik 10. Fradraget gives forholdsmæssigt for den del af året man er gæstestuderende her i landet.</DescriptionDanish>
	</DescriptionStructure>
	<LabelStructure><LabelDanish>PersonligIndkomstFradragGaestestuderendeFoerBeloeb</LabelDanish></LabelStructure>
	<Version>1.0.0</Version>
</Metadata>
