<?xml version="1.0" encoding="utf-8"?>
<Metadata xmlns="http://rep.oio.dk/infostructurebase/schemas/2004/09/13/">
	<Title>PersonligIndkomstFradragGaestestuderendeEfterBeloeb</Title>
	<DescriptionStructure>
		<DescriptionEnglish/>
		<DescriptionDanish>Beløbet i rubrikken skal omfatte:  - En gæstestuderendes indkomst på op til 42.900 kr. fra arbejde i Danmark, hvis personen er begyndt at studere i Danmark i 2011. Beløbet skal i nogle situationer reduceres (læs om reglerne i vejledningen Fritagelse for beskatning for gæstestuderende).</DescriptionDanish>
	</DescriptionStructure>
	<LabelStructure><LabelDanish>PersonligIndkomstFradragGaestestuderendeEfterBeloeb</LabelDanish></LabelStructure>
	<Version>1.0.0</Version>
</Metadata>
