<?xml version="1.0" encoding="utf-8"?>
<Metadata xmlns="http://rep.oio.dk/infostructurebase/schemas/2004/09/13/">
	<Title>PersonligIndkomstHonorarBeloeb</Title>
	<DescriptionStructure>
		<DescriptionEnglish/>
		<DescriptionDanish>Beløb der udgør honorarer udbetalt fra Danmark som B-indkomst,  indkomst ved privat hushjælp (herunder ydelser, hvor køberen får servicefradrag),  værdien af medarbejderaktier og anparter samt tegnings- og køberetter til aktier og anparter modtaget som løn i et ansættelsesforhold eller af bestyrelsesmedlemmer, værdien af fri helårsbolig, fri sommerbolig og fri lystbåd til direktører, hovedaktionærer og andre med væsentlig indflydelse på egen aflønningsform og værdien af fri bil, fri helårsbolig, fri sommerbolig og fri lystbåd som udbytte til hovedaktionærer, der ikke er ansat i selskabet.</DescriptionDanish>
	</DescriptionStructure>
	<LabelStructure><LabelDanish>PersonligIndkomstHonorarBeloeb</LabelDanish></LabelStructure>
	<Version>1.0.0</Version>
</Metadata>
