<?xml version="1.0" encoding="utf-8"?>
<Metadata xmlns="http://rep.oio.dk/infostructurebase/schemas/2004/09/13/">
	<Title>PersonligIndkomstUnderskudVirksomhedBeloeb</Title>
	<DescriptionStructure>
		<DescriptionEnglish/>
		<DescriptionDanish>Beløb der udgør underskud af selvstændig virksomhed før renter og før overførsel fra konto for opsparet overskud.</DescriptionDanish>
	</DescriptionStructure>
	<LabelStructure><LabelDanish>PersonligIndkomstUnderskudVirksomhedBeloeb</LabelDanish></LabelStructure>
	<Version>1.0.0</Version>
</Metadata>
