<?xml version="1.0" encoding="utf-8"?>
<Metadata xmlns="http://rep.oio.dk/infostructurebase/schemas/2004/09/13/">
	<Title>PersonligIndkomstAndenPersonligIndkomstBeloeb</Title>
	<DescriptionStructure>
		<DescriptionEnglish/>
		<DescriptionDanish>I rubrikken skal oplyses lønindkomster, der ikke indgår i andre rubrikker. Skriv det samlede beløb uden at trække arbejdsmarkedsbidrag fra.   Beløbet i rubrikken skal blandt andet omfatte:  - Værdien af fri sommerbolig i udlandet (værdien af fri sommerbolig i Danmark indgår i rubrik 17). - Værdien af kost og logi. - Mindre personalegoder (med en værdi på under 1.000 kroner hver), hvis de har en samlet værdi på over 1.000 kr. - Ferierejser betalt af din arbejdsgiver (gælder også ferierejser, der kombineres med en forretningsrejse). - Legater. - Lejeindtægt, hvis du fremlejer din lejebolig. - Skattepligtige gevinster ved spil og væddemål.  - Skattepligtige offentlige tilskud. - Indtægt fra vedvarende energianlæg, herunder vindmøller. - Fortjeneste ved salg af ædle metaller mv. - Genvundne afskrivninger ved salg af bygninger på lejet grund eller ejendom med hjemfaldspligt og lignende. - Fortjeneste ved salg af aktiver, hvorpå der er foretaget skattemæssige afskrivninger.</DescriptionDanish>
	</DescriptionStructure>
	<LabelStructure><LabelDanish>PersonligIndkomstAndenPersonligIndkomstBeloeb</LabelDanish></LabelStructure>
	<Version>1.0.0</Version>
</Metadata>
