<?xml version="1.0" encoding="utf-8"?>
<Metadata xmlns="http://rep.oio.dk/infostructurebase/schemas/2004/09/13/">
	<Title>PersonligIndkomstHaevningIvaerksaetterkontoBeloeb</Title>
	<DescriptionStructure>
		<DescriptionEnglish/>
		<DescriptionDanish>Beløb der udgør hævning af iværksætterkontomidler til køb af aktier mv.</DescriptionDanish>
	</DescriptionStructure>
	<LabelStructure><LabelDanish>PersonligIndkomstHaevningIvaerksaetterkontoBeloeb</LabelDanish></LabelStructure>
	<Version>1.0.0</Version>
</Metadata>
