<?xml version="1.0" encoding="utf-8"?>
<Metadata xmlns="http://rep.oio.dk/infostructurebase/schemas/2004/09/13/">
	<Title>PersonligIndkomstGratialeFratraedelsesgodtgoerelseBeloeb</Title>
	<DescriptionStructure>
		<DescriptionEnglish/>
		<DescriptionDanish>Beløbet i rubrikken består af  - Jubilæumsgratialer  - Fratrædelsesgodtgørelse  - Kontante gaver fra din arbejdsgiver  - Værdien af tingsgaver fra din arbejdsgiver.</DescriptionDanish>
	</DescriptionStructure>
	<LabelStructure><LabelDanish>PersonligIndkomstGratialeFratraedelsesgodtgoerelseBeloeb</LabelDanish></LabelStructure>
	<Version>1.0.0</Version>
</Metadata>
