<?xml version="1.0" encoding="utf-8"?>
<Metadata xmlns="http://rep.oio.dk/infostructurebase/schemas/2004/09/13/">
	<Title>PersonligIndkomstAndenPersonligIndkomstEfterAMBidragBeloeb</Title>
	<DescriptionStructure>
		<DescriptionEnglish/>
		<DescriptionDanish>Beregnet værdi af anden personlig indkomst efter AM bidrag.</DescriptionDanish>
	</DescriptionStructure>
	<LabelStructure><LabelDanish>PersonligIndkomstAndenPersonligIndkomstEfterAMBidragBeloeb</LabelDanish></LabelStructure>
	<Version>1.0.0</Version>
</Metadata>
