<?xml version="1.0" encoding="utf-8"?>
<Metadata xmlns="http://rep.oio.dk/infostructurebase/schemas/2004/09/13/">
	<Title>PersonSelvangivelseEjendomsoplysningSupplementIndikator</Title>
	<DescriptionStructure>
		<DescriptionEnglish/>
		<DescriptionDanish>Hvorvidt angiver er uenig i at ejendomsoplysningerne er korrekt og derfor indsender korrigerede oplysninger om ejendomsværdiskat (true=ja). Felt 130</DescriptionDanish>
	</DescriptionStructure>
	<LabelStructure><LabelDanish>PersonSelvangivelseEjendomsoplysningSupplementIndikator</LabelDanish></LabelStructure>
	<Version>1.0.0</Version>
</Metadata>
