<?xml version="1.0" encoding="utf-8"?>
<Metadata xmlns="http://rep.oio.dk/infostructurebase/schemas/2004/09/13/">
	<Title>PersonligIndkomstPrivatDagplejeHushjaelpBeloeb</Title>
	<DescriptionStructure>
		<DescriptionEnglish/>
		<DescriptionDanish>Beløb der udgør indkomst ved privat dagpleje, vederlag fra foreninger på under 1.500 kr. for udført arbejde, værdien af visse uafdækkede pensionstilsagn og værdien af fri telefon.</DescriptionDanish>
	</DescriptionStructure>
	<LabelStructure><LabelDanish>PersonligIndkomstPrivatDagplejeHushjaelpBeloeb</LabelDanish></LabelStructure>
	<Version>1.0.0</Version>
</Metadata>
