<?xml version="1.0" encoding="utf-8"?>
<Metadata xmlns="http://rep.oio.dk/infostructurebase/schemas/2004/09/13/">
	<Title>PersonligIndkomstFradragIndskudIvaerksaetterkontoBeloeb</Title>
	<DescriptionStructure>
		<DescriptionEnglish/>
		<DescriptionDanish>Beløb der udgør årets samlede indskud på din særlige iværksætterkonto.</DescriptionDanish>
	</DescriptionStructure>
	<LabelStructure><LabelDanish>PersonligIndkomstFradragIndskudIvaerksaetterkontoBeloeb</LabelDanish></LabelStructure>
	<Version>1.0.0</Version>
</Metadata>
