<?xml version="1.0" encoding="utf-8"?>
<Metadata xmlns="http://rep.oio.dk/infostructurebase/schemas/2004/09/13/">
	<Title>PersonligIndkomstPensionDagpengeStipendieBeloeb</Title>
	<DescriptionStructure>
		<DescriptionEnglish/>
		<DescriptionDanish>Beløb der udgør pensioner (folkepension, efterlevelsespension, førtidspension, livrente, efterløn, forsikringsydelser mv.), kontanthjælp, orlovsydelser, fleksydelse, udbetalinger fra A-kasser.</DescriptionDanish>
	</DescriptionStructure>
	<LabelStructure><LabelDanish>PersonligIndkomstPensionDagpengeStipendieBeloeb</LabelDanish></LabelStructure>
	<Version>1.0.0</Version>
</Metadata>
