<?xml version="1.0" encoding="utf-8"?>
<Metadata xmlns="http://rep.oio.dk/infostructurebase/schemas/2004/09/13/">
	<Title>RegnskabAngivelseRevisorbistandIndikator</Title>
	<DescriptionStructure>
		<DescriptionEnglish/>
		<DescriptionDanish>Er regnskab udarbejdet med bistand fra revisor (true=ja). Felt 607</DescriptionDanish>
	</DescriptionStructure>
	<LabelStructure><LabelDanish>RegnskabAngivelseRevisorbistandIndikator</LabelDanish></LabelStructure>
	<Version>1.0.0</Version>
</Metadata>
