<?xml version="1.0" encoding="utf-8"?>
<Metadata xmlns="http://rep.oio.dk/infostructurebase/schemas/2004/09/13/">
	<Title>RegnskabAngivelseRevisorbistandArtKode</Title>
	<DescriptionStructure>
		<DescriptionEnglish/>
		<DescriptionDanish>Revisorbistand art. Muligheder: 1) revision, 2) gennemgang,  3) assisance med regnskabsopstilling, 4) andet. Felt 608</DescriptionDanish>
	</DescriptionStructure>
	<LabelStructure><LabelDanish>RegnskabAngivelseRevisorbistandArtKode</LabelDanish></LabelStructure>
	<Version>1.0.0</Version>
</Metadata>
