<?xml version="1.0" encoding="utf-8"?>
<Metadata xmlns="http://rep.oio.dk/infostructurebase/schemas/2004/09/13/">
	<Title>RegnskabAngivelseOplysningsfritagelseAarsagKode</Title>
	<DescriptionStructure>
		<DescriptionEnglish/>
		<DescriptionDanish>Årsag til at virksomheden er fritaget for at give regnskabsoplysninger. Kan være: 1) virksomhedstype, 2) nettoomsætning maksimum, 2) nettoomsætning minimum. Felt 604</DescriptionDanish>
	</DescriptionStructure>
	<LabelStructure><LabelDanish>RegnskabAngivelseOplysningsfritagelseAarsagKode</LabelDanish></LabelStructure>
	<Version>1.0.0</Version>
</Metadata>
