<?xml version="1.0" encoding="utf-8"?>
<Metadata xmlns="http://rep.oio.dk/infostructurebase/schemas/2004/09/13/">
	<Title>RegnskabAngivelsePrivateAndeleArtKode</Title>
	<DescriptionStructure>
		<DescriptionEnglish/>
		<DescriptionDanish>Private andele i opgørelsen af den skattepligtige indkomst. Muligheder: 1) biludgifter, 2) fri bil i virksomhedsordningen, 3) eget vareforbrug, 4) andet. Suppleres med beløb i felt 676. Felt 676</DescriptionDanish>
	</DescriptionStructure>
	<LabelStructure><LabelDanish>RegnskabAngivelsePrivateAndeleArtKode</LabelDanish></LabelStructure>
	<Version>1.0.0</Version>
</Metadata>
