<?xml version="1.0" encoding="utf-8"?>
<Metadata xmlns="http://rep.oio.dk/infostructurebase/schemas/2004/09/13/">
	<Title>AktierSpecifikationGevinstTabAktierMarkedBeloeb</Title>
	<DescriptionStructure>
		<DescriptionEnglish/>
		<DescriptionDanish>Beløb der udgør gevinst/tab på aktier, optaget til handel på et reguleret marked, samt investeringsforeningsbeviser i aktieinvesterende og/eller akkumulerende investeringsforeninger</DescriptionDanish>
	</DescriptionStructure>
	<LabelStructure><LabelDanish>AktierSpecifikationGevinstTabAktierMarkedBeloeb</LabelDanish></LabelStructure>
	<Version>1.0.0</Version>
</Metadata>
