<?xml version="1.0" encoding="utf-8"?>
<Metadata xmlns="http://rep.oio.dk/infostructurebase/schemas/2004/09/13/">
	<Title>KapitalindkomstVirksomhedRenteudgiftBeloeb</Title>
	<DescriptionStructure>
		<DescriptionEnglish/>
		<DescriptionDanish>Beløb der udgør virksomhedens samlede renteudgifter og virksomhedens fradragsberettigede kurstab.</DescriptionDanish>
	</DescriptionStructure>
	<LabelStructure><LabelDanish>KapitalindkomstVirksomhedRenteudgiftBeloeb</LabelDanish></LabelStructure>
	<Version>1.0.0</Version>
</Metadata>
