<?xml version="1.0" encoding="utf-8"?>
<Metadata xmlns="http://rep.oio.dk/infostructurebase/schemas/2004/09/13/">
	<Title>KapitalindkomstGruppelivsforsikringLegatPersonaleGoderBeloeb</Title>
	<DescriptionStructure>
		<DescriptionEnglish/>
		<DescriptionDanish>Beløb der udgør skattepligtige uddelinger fra foreninger og fonde, præmier til gruppelivsforsikring betalt af pensionsselskaber eller lignende, værdien af fri helårsbolig, værdien af fri lystbåd, værdien af fri medielicens, værdien af fri sommerbolig i Danmark, tilbagebetalte præmier til forsikringer, hvor tilbagebetalingen skyldes præmiefritagelse og værdien af personalelån.</DescriptionDanish>
	</DescriptionStructure>
	<LabelStructure><LabelDanish>KapitalindkomstGruppelivsforsikringLegatPersonaleGoderBeloeb</LabelDanish></LabelStructure>
	<Version>1.0.0</Version>
</Metadata>
