<?xml version="1.0" encoding="utf-8"?>
<Metadata xmlns="http://rep.oio.dk/infostructurebase/schemas/2004/09/13/">
	<Title>KapitalindkomstPengeinstitutRenteudgiftBeloeb</Title>
	<DescriptionStructure>
		<DescriptionEnglish/>
		<DescriptionDanish>Renteudgifter vedr. realkreditinstitut kan kun trækkes fra i det omfang, de vedrører aktiver, hvoraf indtægter er skattepligtige, dvs. fast ejendom, båndlagt kapital og erhvervsaktiver.</DescriptionDanish>
	</DescriptionStructure>
	<LabelStructure><LabelDanish>KapitalindkomstPengeinstitutRenteudgiftBeloeb</LabelDanish></LabelStructure>
	<Version>1.0.0</Version>
</Metadata>
