<?xml version="1.0" encoding="utf-8"?>
<Metadata xmlns="http://rep.oio.dk/infostructurebase/schemas/2004/09/13/">
	<Title>LigningmaessigFradragBeskaeftigelsesfradragBeloeb</Title>
	<DescriptionStructure>
		<DescriptionEnglish/>
		<DescriptionDanish>Beløb der udgør den maskinelt beregnede besæftigelsesfradrag.</DescriptionDanish>
	</DescriptionStructure>
	<LabelStructure><LabelDanish>LigningmaessigFradragBeskaeftigelsesfradragBeloeb</LabelDanish></LabelStructure>
	<Version>1.0.0</Version>
</Metadata>
