<?xml version="1.0" encoding="utf-8"?>
<Metadata xmlns="http://rep.oio.dk/infostructurebase/schemas/2004/09/13/">
	<Title>PersonligIndkomstOverfoertOpsparetOverskudBeloeb</Title>
	<DescriptionStructure>
		<DescriptionEnglish/>
		<DescriptionDanish>Beløb som ønskes overført tillagt virksomhedsskatten.</DescriptionDanish>
	</DescriptionStructure>
	<LabelStructure><LabelDanish>PersonligIndkomstOverfoertOpsparetOverskudBeloeb</LabelDanish></LabelStructure>
	<Version>1.0.0</Version>
</Metadata>
