<?xml version="1.0" encoding="utf-8"?>
<Metadata xmlns="http://rep.oio.dk/infostructurebase/schemas/2004/09/13/">
	<Title>PersonligIndkomstOverfoertKonjunkturudligningBeloeb</Title>
	<DescriptionStructure>
		<DescriptionEnglish/>
		<DescriptionDanish>Beløb der er overført fra konto for konjunkturudligning tillagt konkunkturudligningsskat. Beløbet skal omfatte det hævede beløb inklusiv den foreløbige betalte skat.</DescriptionDanish>
	</DescriptionStructure>
	<LabelStructure><LabelDanish>PersonligIndkomstOverfoertKonjunkturudligningBeloeb</LabelDanish></LabelStructure>
	<Version>1.0.0</Version>
</Metadata>
