<?xml version="1.0" encoding="utf-8"?>
<Metadata xmlns="http://rep.oio.dk/infostructurebase/schemas/2004/09/13/">
	<Title>PersonSelvangivelseBeskatningsordningKode</Title>
	<DescriptionStructure>
		<DescriptionEnglish/>
		<DescriptionDanish>Kode for valgt beskatningsordning, som fx kan være beskatning efter kapitalafkastordningen (kaldes også for virksomhedskode).
Felt 184.</DescriptionDanish>
	</DescriptionStructure>
	<LabelStructure><LabelDanish>PersonSelvangivelseBeskatningsordningKode</LabelDanish></LabelStructure>
	<Version>1.0.0</Version>
</Metadata>
