<?xml version="1.0" encoding="utf-8"?>
<Metadata xmlns="http://rep.oio.dk/infostructurebase/schemas/2004/09/13/">
	<Title>PersonligIndkomstPrivatLivsvarigPensionsordningBeloeb</Title>
	<DescriptionStructure>
		<DescriptionEnglish/>
		<DescriptionDanish>Beløb der udgør:  - Indbetalinger til private pensionsordninger med løbende udbetaling, der ikke er ophørende livrenter, når det indbetalte beløb er under 46.000 kroner. - Indbetalinger til private indeksordninger. - Sportsudøveres indbetalinger på særlige, private ratepensionsordninger. - Indbetalinger til pensionsordninger med løbede udbetaling, der ikke er ophørende livrenter, hvis dine samlede indbetalinger i 2011 overstiger 46.000 kroner. - Fradragsfordelingsbeløb, der vedrører indbetalinger i tidligere indkomstår til pensionsordninger med løbende udbetalinger, der ikke er ophørende livrenter. - Fortjeneste ved salg af virksomhed, der er indbetalt på en ratepension eller en pensionsordning med løbende udbetaling (ophørspension), dog højst 2.507.900 kr. - Indbetalinger til privattegnede pensionsordninger med løbende udbetaling, hvis du som selvstændig erhvervsdrivende har valgt at bruge den særlige mulighed, hvor du kan få fradrag for indskud på op til 30 procent af virksomhedens overskud. Det gælder både, når du anvender overgangsreglen for indskud på ratepensioner og ophørende livrenter, og når du anvender reglen ved indskud på pensionsordninger med løbende udbetaling, der ikke er ophørende livrenter.</DescriptionDanish>
	</DescriptionStructure>
	<LabelStructure><LabelDanish>PersonligIndkomstPrivatLivsvarigPensionsordningBeloeb</LabelDanish></LabelStructure>
	<Version>1.0.0</Version>
</Metadata>
