<?xml version="1.0" encoding="utf-8"?>
<Metadata xmlns="http://rep.oio.dk/infostructurebase/schemas/2004/09/13/">
	<Title>PersonligIndkomstLoenindkomstBeloeb</Title>
	<DescriptionStructure>
		<DescriptionEnglish/>
		<DescriptionDanish>Beløb der udgør løn, tabt arbejdsfortjeneste og lign., herunder feriegodtgørelse og tilskud fra arbejdsgiver, værdi af fri bil (firmabil), fri kost og logi.</DescriptionDanish>
	</DescriptionStructure>
	<LabelStructure><LabelDanish>PersonligIndkomstLoenindkomstBeloeb</LabelDanish></LabelStructure>
	<Version>1.0.0</Version>
</Metadata>
