<?xml version="1.0" encoding="utf-8"?>
<Metadata xmlns="http://rep.oio.dk/infostructurebase/schemas/2004/09/13/">
	<Title>RegnskabAngivelseRevisorerklaeringKode</Title>
	<DescriptionStructure>
		<DescriptionEnglish/>
		<DescriptionDanish>Indhold i revisorerklæring. Muligheder: 1) forbehold, 2) supplerende oplysninger, 3) uden forbehold og supplerende oplysninger. Felt 609</DescriptionDanish>
	</DescriptionStructure>
	<LabelStructure><LabelDanish>RegnskabAngivelseRevisorerklaeringKode</LabelDanish></LabelStructure>
	<Version>1.0.0</Version>
</Metadata>
